ISO-10303-21;
HEADER;
FILE_DESCRIPTION (( 'STEP AP214' ),
    '1' );
FILE_NAME ('Assem2.STEP',
    '2026-08-02T11:41:10',
    ( '' ),
    ( '' ),
    'SwSTEP 2.0',
    'SolidWorks 2023',
    '' );
FILE_SCHEMA (( 'AUTOMOTIVE_DESIGN' ));
ENDSEC;

DATA;
#1 = CARTESIAN_POINT ( 'NONE',  ( 0.000000000000000000, 4.299999999999999822, 0.000000000000000000 ) ) ;
#2 = VERTEX_POINT ( 'NONE', #8655 ) ;
#3 = DIRECTION ( 'NONE',  ( 1.000000000000000000, 0.000000000000000000, 0.000000000000000000 ) ) ;
#4 = EDGE_CURVE ( 'NONE', #1070, #3154, #308, .T. ) ;
#5 = CARTESIAN_POINT ( 'NONE',  ( 18.49218940641787157, 50.00000000000000711, 5.999999999999987566 ) ) ;
#6 = PLANE ( 'NONE',  #1794 ) ;
#7 = CARTESIAN_POINT ( 'NONE',  ( 4.776122516674677878E-15, 5.000000000001052491, -296.5000000000003979 ) ) ;
#8 = ORIENTED_EDGE ( 'NONE', *, *, #5679, .F. ) ;
#9 = ORIENTED_EDGE ( 'NONE', *, *, #2775, .T. ) ;
#10 = CARTESIAN_POINT ( 'NONE',  ( 34.36931771216880094, 7.687535800667410157, -25.00000000000000000 ) ) ;
#11 = CARTESIAN_POINT ( 'NONE',  ( 18.27883381693566989, 40.13984293016584104, 33.31812954496052726 ) ) ;
#12 = ORIENTED_EDGE ( 'NONE', *, *, #8783, .T. ) ;
#13 = DIRECTION ( 'NONE',  ( -0.000000000000000000, -0.000000000000000000, 1.000000000000000000 ) ) ;
#14 = DIRECTION ( 'NONE',  ( 0.000000000000000000, -6.982962677686266711E-15, 1.000000000000000000 ) ) ;
#15 = EDGE_CURVE ( 'NONE', #3942, #6350, #2409, .T. ) ;
#16 = ADVANCED_FACE ( 'NONE', ( #4164 ), #2687, .T. ) ;
#17 = CARTESIAN_POINT ( 'NONE',  ( 55.00000000000000000, 49.00000000000110134, -448.5000000000000000 ) ) ;
#18 = FACE_OUTER_BOUND ( 'NONE', #3888, .T. ) ;
#19 = EDGE_LOOP ( 'NONE', ( #1678, #7393 ) ) ;
#20 = DIRECTION ( 'NONE',  ( -0.000000000000000000, -0.000000000000000000, -1.000000000000000000 ) ) ;
#21 = EDGE_LOOP ( 'NONE', ( #3277, #8616 ) ) ;
#22 = ORIENTED_EDGE ( 'NONE', *, *, #3021, .F. ) ;
#23 = DIRECTION ( 'NONE',  ( 1.000000000000000000, 0.000000000000000000, 0.000000000000000000 ) ) ;
#24 = DIRECTION ( 'NONE',  ( 0.2840153447039201473, -0.9588197348681938292, -1.339080484642727785E-14 ) ) ;
#25 = EDGE_LOOP ( 'NONE', ( #564, #1741, #3617, #7189 ) ) ;
#26 = FACE_BOUND ( 'NONE', #8620, .T. ) ;
#27 = CLOSED_SHELL ( 'NONE', ( #416, #4541, #2931, #8702, #6927, #9750, #594, #1610, #4691, #7660, #4447, #324, #16, #2959, #6789, #8435, #2566, #494, #3649, #8496, #387, #9227, #4769, #8832, #9475, #1761, #9341, #9508, #8110, #4445, #2567, #5594, #8136, #8794, #3931, #1110, #8833, #8890, #1742, #9606, #5233, #940, #1649, #2344, #9272, #7770, #9018, #9660, #1431, #1972 ) ) ;
#28 = EDGE_CURVE ( 'NONE', #2236, #3200, #9673, .T. ) ;
#29 = B_SPLINE_CURVE_WITH_KNOTS ( 'NONE', 3,
 ( #4457, #4511, #2940, #8962, #2191, #1545, #5306, #2989, #53, #7678, #1639, #850, #4654, #3880, #5206, #3829, #3735, #4558 ),
 .UNSPECIFIED., .F., .F.,
 ( 4, 2, 2, 2, 2, 2, 2, 2, 4 ),
 ( 3.055527177423060437E-17, 0.002736301914043151942, 0.003420377392553929519, 0.004104452871064707964, 0.005472603828086258781, 0.006840754785107809599, 0.008208905742129362151, 0.009577056699150912969, 0.01094520765617246379 ),
 .UNSPECIFIED. ) ;
#30 = CARTESIAN_POINT ( 'NONE',  ( -13.40345129117593537, 17.36240671461326812, -40.33232556944193448 ) ) ;
#31 = CARTESIAN_POINT ( 'NONE',  ( 43.57913267144370195, 42.73669386284831972, 7.238448179184119979 ) ) ;
#32 = CARTESIAN_POINT ( 'NONE',  ( 0.000000000000000000, 44.00000000000049738, -217.5000000000000568 ) ) ;
#33 = CARTESIAN_POINT ( 'NONE',  ( 33.96389090903633701, 16.96188326802876034, -17.12776539809533460 ) ) ;
#34 = AXIS2_PLACEMENT_3D ( 'NONE', #8412, #1744, #7776 ) ;
#35 = CARTESIAN_POINT ( 'NONE',  ( 64.56989347527186851, -3.230592380277680586, -296.5000000000003979 ) ) ;
#36 = CARTESIAN_POINT ( 'NONE',  ( 38.68759559582435514, 2.941038293923129210, -8.974564642706466699 ) ) ;
#37 = ADVANCED_FACE ( 'NONE', ( #7176 ), #406, .T. ) ;
#38 = CIRCLE ( 'NONE', #5576, 72.00000000000000000 ) ;
#39 = VERTEX_POINT ( 'NONE', #3380 ) ;
#40 = CIRCLE ( 'NONE', #7467, 16.50000000000000355 ) ;
#41 = CARTESIAN_POINT ( 'NONE',  ( -13.17826771044667922, 45.24049463250366898, 35.64309758807588935 ) ) ;
#42 = VERTEX_POINT ( 'NONE', #1886 ) ;
#43 = CARTESIAN_POINT ( 'NONE',  ( 0.000000000000000000, 44.00000000000000000, -53.50000000000000000 ) ) ;
#44 = APPLICATION_PROTOCOL_DEFINITION ( 'draft international standard', 'automotive_design', 1998, #5579 ) ;
#45 = CARTESIAN_POINT ( 'NONE',  ( -27.00000000000000000, 3.306546357697853733E-15, -50.49999999999999289 ) ) ;
#46 = LINE ( 'NONE', #8402, #2285 ) ;
#47 = ORIENTED_EDGE ( 'NONE', *, *, #6373, .F. ) ;
#48 = LINE ( 'NONE', #3081, #7463 ) ;
#49 = AXIS2_PLACEMENT_3D ( 'NONE', #7427, #2987, #5953 ) ;
#50 = DIRECTION ( 'NONE',  ( 0.2249990868562085078, -0.9743589743589742280, 0.000000000000000000 ) ) ;
#51 = CIRCLE ( 'NONE', #6377, 80.00000000000000000 ) ;
#52 = CARTESIAN_POINT ( 'NONE',  ( 0.000000000000000000, 88.00000000000095213, -281.4999999999997726 ) ) ;
#53 = CARTESIAN_POINT ( 'NONE',  ( 35.20756586982617620, 11.51340748400042813, 23.80649930252112512 ) ) ;
#54 = ORIENTED_EDGE ( 'NONE', *, *, #7088, .T. ) ;
#55 = VERTEX_POINT ( 'NONE', #4809 ) ;
#56 = DIRECTION ( 'NONE',  ( -0.000000000000000000, 1.396592535537253342E-14, -1.000000000000000000 ) ) ;
#57 = CARTESIAN_POINT ( 'NONE',  ( 10.12696549358494913, 47.14638724245867252, 36.65241716136324612 ) ) ;
#58 = ORIENTED_EDGE ( 'NONE', *, *, #5553, .T. ) ;
#59 = VECTOR ( 'NONE', #9237, 1000.000000000000000 ) ;
#60 = DIRECTION ( 'NONE',  ( -1.000000000000000000, -2.584927402981196428E-16, 1.826024711554533667E-16 ) ) ;
#61 = VERTEX_POINT ( 'NONE', #7923 ) ;
#62 = DIRECTION ( 'NONE',  ( -1.000000000000000000, 0.000000000000000000, 0.000000000000000000 ) ) ;
#63 = DIRECTION ( 'NONE',  ( 1.000000000000000000, -1.224646799147353207E-16, -1.710332578358783443E-30 ) ) ;
#64 = UNCERTAINTY_MEASURE_WITH_UNIT (LENGTH_MEASURE( 1.000000000000000082E-05 ), #7825, 'distance_accuracy_value', 'NONE');
#65 = DIRECTION ( 'NONE',  ( 0.6246950475544246206, -0.7808688094430300541, 0.000000000000000000 ) ) ;
#66 = EDGE_LOOP ( 'NONE', ( #4146, #4603, #8220, #4015, #7349, #2376, #2639, #7104, #4777, #8034, #249, #1779, #5220, #2342, #3797, #7137 ) ) ;
#67 = CARTESIAN_POINT ( 'NONE',  ( -1.521719520381253687, 4.548309389822208892, -37.97141253328123156 ) ) ;
#68 = ORIENTED_EDGE ( 'NONE', *, *, #737, .F. ) ;
#69 = ORIENTED_EDGE ( 'NONE', *, *, #4813, .T. ) ;
#70 = DIRECTION ( 'NONE',  ( 0.000000000000000000, 0.000000000000000000, -1.000000000000000000 ) ) ;
#71 = ADVANCED_FACE ( 'NONE', ( #4948 ), #6984, .T. ) ;
#72 = CARTESIAN_POINT ( 'NONE',  ( -36.12591485733674546, 44.85739357167089025, 9.000000000000000000 ) ) ;
#73 = ORIENTED_EDGE ( 'NONE', *, *, #717, .F. ) ;
#74 = AXIS2_PLACEMENT_3D ( 'NONE', #4811, #4081, #9361 ) ;
#75 = CARTESIAN_POINT ( 'NONE',  ( -36.00000000000000000, 44.00000000000000000, -71.50000000000001421 ) ) ;
#76 = CARTESIAN_POINT ( 'NONE',  ( 0.000000000000000000, 88.00000000000011369, -164.4999999999997158 ) ) ;
#77 = PRESENTATION_LAYER_ASSIGNMENT (  '', '', ( #6097 ) ) ;
#78 = CARTESIAN_POINT ( 'NONE',  ( 40.65962490957839037, 45.07230007233729197, 6.000000000000859757 ) ) ;
#79 = AXIS2_PLACEMENT_3D ( 'NONE', #8487, #276, #1760 ) ;
#80 = EDGE_LOOP ( 'NONE', ( #2103, #69, #1837, #6818, #8280, #4593 ) ) ;
#81 = CARTESIAN_POINT ( 'NONE',  ( 38.68750310502052514, 2.942672785202235186, 8.974572379110059117 ) ) ;
#82 = DIRECTION ( 'NONE',  ( 1.000000000000000000, 0.000000000000000000, 0.000000000000000000 ) ) ;
#83 = ADVANCED_FACE ( 'NONE', ( #9267 ), #1921, .F. ) ;
#84 = CARTESIAN_POINT ( 'NONE',  ( 20.91567205257127071, 32.91708769908554899, -9.000000000000000000 ) ) ;
#85 = FACE_OUTER_BOUND ( 'NONE', #5189, .T. ) ;
#86 =( REPRESENTATION_RELATIONSHIP ('NONE','NONE', #7863, #3875 ) REPRESENTATION_RELATIONSHIP_WITH_TRANSFORMATION ( #2771 )SHAPE_REPRESENTATION_RELATIONSHIP( ) );
#87 = CONICAL_SURFACE ( 'NONE', #3899, 14.89999999999999680, 0.7853981633974482790 ) ;
#88 = VECTOR ( 'NONE', #1494, 1000.000000000000000 ) ;
#89 = ORIENTED_EDGE ( 'NONE', *, *, #5486, .F. ) ;
#90 = CARTESIAN_POINT ( 'NONE',  ( 64.56989347527186851, -3.230592380277680586, -296.5000000000003979 ) ) ;
#91 = CARTESIAN_POINT ( 'NONE',  ( -10.10354833807722841, 47.15765895799253116, 36.65865478850905390 ) ) ;
#92 = VERTEX_POINT ( 'NONE', #9359 ) ;
#93 = AXIS2_PLACEMENT_3D ( 'NONE', #1087, #4115, #7076 ) ;
#94 = ADVANCED_FACE ( 'NONE', ( #2633 ), #5650, .T. ) ;
#95 = DIRECTION ( 'NONE',  ( 0.000000000000000000, -6.982962677686266711E-15, 1.000000000000000000 ) ) ;
#96 = EDGE_CURVE ( 'NONE', #9283, #9006, #8642, .T. ) ;
#97 = PRODUCT_CONTEXT ( 'NONE', #3825, 'mechanical' ) ;
#98 = CARTESIAN_POINT ( 'NONE',  ( 39.00000000000000711, -8.576495761562840348E-23, 11.95826074310138409 ) ) ;
#99 = CARTESIAN_POINT ( 'NONE',  ( -36.54387243975110522, 14.19071077861745600, -21.70066375831244798 ) ) ;
#100 = ORIENTED_EDGE ( 'NONE', *, *, #2883, .T. ) ;
#101 = AXIS2_PLACEMENT_3D ( 'NONE', #1066, #2410, #3161 ) ;
#102 = CYLINDRICAL_SURFACE ( 'NONE', #2304, 16.89999999999999858 ) ;
#103 = DIRECTION ( 'NONE',  ( 0.000000000000000000, 1.396592535537253342E-14, -1.000000000000000000 ) ) ;
#104 = DIRECTION ( 'NONE',  ( 1.000000000000000000, 0.000000000000000000, 0.000000000000000000 ) ) ;
#105 = VERTEX_POINT ( 'NONE', #6250 ) ;
#106 = ADVANCED_FACE ( 'NONE', ( #454 ), #1193, .T. ) ;
#107 = ORIENTED_EDGE ( 'NONE', *, *, #3911, .F. ) ;
#108 = DIRECTION ( 'NONE',  ( 0.000000000000000000, -1.000000000000000000, 0.000000000000000000 ) ) ;
#109 = DIRECTION ( 'NONE',  ( -0.000000000000000000, 1.000000000000000000, -0.000000000000000000 ) ) ;
#110 = ORIENTED_EDGE ( 'NONE', *, *, #5553, .F. ) ;
#111 = AXIS2_PLACEMENT_3D ( 'NONE', #4980, #5582, #4884 ) ;
#112 = DIRECTION ( 'NONE',  ( 0.7808688094430302762, -0.6246950475544246206, -9.030609702659223963E-16 ) ) ;
#113 = VERTEX_POINT ( 'NONE', #2404 ) ;
#114 = CYLINDRICAL_SURFACE ( 'NONE', #5727, 10.00000000000000000 ) ;
#115 = CARTESIAN_POINT ( 'NONE',  ( 0.000000000000000000, 2.667491742876158377E-12, -392.5000000000006821 ) ) ;
#116 = CARTESIAN_POINT ( 'NONE',  ( -36.00000000000000000, 44.00000000000000000, 45.50000000000000000 ) ) ;
#117 = ORIENTED_EDGE ( 'NONE', *, *, #4430, .T. ) ;
#118 = CIRCLE ( 'NONE', #4543, 8.000000000000000000 ) ;
#119 = CARTESIAN_POINT ( 'NONE',  ( -35.66624513607086300, 12.61611060081676072, 23.11425383132415234 ) ) ;
#120 = ORIENTED_EDGE ( 'NONE', *, *, #6242, .F. ) ;
#121 = EDGE_LOOP ( 'NONE', ( #5041, #1559 ) ) ;
#122 = EDGE_LOOP ( 'NONE', ( #6194, #6512, #3186, #9755 ) ) ;
#123 = FACE_OUTER_BOUND ( 'NONE', #3248, .T. ) ;
#124 = CARTESIAN_POINT ( 'NONE',  ( 18.49218940641787157, 50.00000000000000711, -19.00000000000000000 ) ) ;
#125 = ORIENTED_EDGE ( 'NONE', *, *, #4878, .F. ) ;
#126 = CIRCLE ( 'NONE', #5504, 8.000000000000000000 ) ;
#127 = CARTESIAN_POINT ( 'NONE',  ( 0.000000000000000000, 4.299999999999999822, 0.000000000000000000 ) ) ;
#128 = DIRECTION ( 'NONE',  ( -1.000000000000000000, 4.309547341991544302E-49, 1.826024711554533667E-16 ) ) ;
#129 = VECTOR ( 'NONE', #3272, 1000.000000000000000 ) ;
#130 = EDGE_CURVE ( 'NONE', #1312, #4155, #320, .T. ) ;
#131 = EDGE_CURVE ( 'NONE', #6311, #4863, #5880, .T. ) ;
#132 = CARTESIAN_POINT ( 'NONE',  ( 42.89579902271496081, 43.28336078182802282, 5.242718331025503886 ) ) ;
#133 =( BOUNDED_SURFACE ( )  B_SPLINE_SURFACE ( 3, 2, ( 
 ( #1771, #9196, #191 ),
 ( #2424, #8449, #8544 ),
 ( #1680, #1033, #3221 ),
 ( #5586, #2479, #4843 ),
 ( #7862, #5490, #8499 ),
 ( #1728, #4748, #7762 ) ),
 .UNSPECIFIED., .F., .F., .T. ) 
 B_SPLINE_SURFACE_WITH_KNOTS ( ( 4, 2, 4 ),
 ( 3, 3 ),
 ( 0.000000000000000000, 0.004411853782887472167, 0.008823707565774944334 ),
 ( 0.000000000000000000, 1.000000000000000000 ),
 .UNSPECIFIED. ) 
 GEOMETRIC_REPRESENTATION_ITEM ( )  RATIONAL_B_SPLINE_SURFACE ( (
 ( 1.000000000000000000, 0.7071067811865476838, 1.000000000000000000),
 ( 1.000000000000000000, 0.7167217121882974995, 1.000000000000000000),
 ( 1.000000000000000000, 0.7239293624834131080, 1.000000000000000000),
 ( 1.000000000000000000, 0.7335575311262185760, 1.000000000000000000),
 ( 1.000000000000000000, 0.7359783963882950975, 1.000000000000000000),
 ( 1.000000000000000000, 0.7359800721939872004, 1.000000000000000000) ) ) 
 REPRESENTATION_ITEM ( '' )  SURFACE ( )  );
#134 = ORIENTED_EDGE ( 'NONE', *, *, #7208, .F. ) ;
#135 = AXIS2_PLACEMENT_3D ( 'NONE', #3721, #9652, #2927 ) ;
#136 = CARTESIAN_POINT ( 'NONE',  ( -36.00000000000000000, -2.189125779142312269E-15, 11.95826074310139830 ) ) ;
#137 = FACE_OUTER_BOUND ( 'NONE', #1149, .T. ) ;
#138 = DIRECTION ( 'NONE',  ( -0.000000000000000000, 0.000000000000000000, 1.000000000000000000 ) ) ;
#139 = DIRECTION ( 'NONE',  ( -0.05233595624294046234, 0.9986295347545740553, 0.000000000000000000 ) ) ;
#140 =( GEOMETRIC_REPRESENTATION_CONTEXT ( 3 ) GLOBAL_UNCERTAINTY_ASSIGNED_CONTEXT ( ( #64 ) ) GLOBAL_UNIT_ASSIGNED_CONTEXT ( ( #7825, #3378, #9452 ) ) REPRESENTATION_CONTEXT ( 'NONE', 'WORKASPACE' ) );
#141 = VECTOR ( 'NONE', #9292, 1000.000000000000000 ) ;
#142 = ORIENTED_EDGE ( 'NONE', *, *, #3500, .F. ) ;
#143 = EDGE_CURVE ( 'NONE', #1905, #7378, #175, .T. ) ;
#144 = CYLINDRICAL_SURFACE ( 'NONE', #579, 39.50000000000000000 ) ;
#145 = SHAPE_DEFINITION_REPRESENTATION ( #3600, #7910 ) ;
#146 = CARTESIAN_POINT ( 'NONE',  ( 0.000000000000000000, 44.00000000000107292, -299.5000000000001137 ) ) ;
#147 = ORIENTED_EDGE ( 'NONE', *, *, #4299, .T. ) ;
#148 = DIRECTION ( 'NONE',  ( -1.000000000000000000, 0.000000000000000000, 0.000000000000000000 ) ) ;
#149 = AXIS2_PLACEMENT_3D ( 'NONE', #7256, #7444, #8235 ) ;
#150 = CONTEXT_DEPENDENT_SHAPE_REPRESENTATION ( #2298, #9595 ) ;
#151 = DIRECTION ( 'NONE',  ( 0.000000000000000000, 1.000000000000000000, 6.982962677686265922E-15 ) ) ;
#152 = CYLINDRICAL_SURFACE ( 'NONE', #3561, 4.499999999999997335 ) ;
#153 = ORIENTED_EDGE ( 'NONE', *, *, #3040, .T. ) ;
#154 = EDGE_CURVE ( 'NONE', #2270, #9566, #3242, .T. ) ;
#155 = CARTESIAN_POINT ( 'NONE',  ( 38.75000000000000000, 1.473196481563970428, -8.968695557326062939 ) ) ;
#156 = CARTESIAN_POINT ( 'NONE',  ( -32.74056772808335580, 15.81671066900313960, -19.30599407153655989 ) ) ;
#157 = DIRECTION ( 'NONE',  ( 0.000000000000000000, 0.000000000000000000, 1.000000000000000000 ) ) ;
#158 = ORIENTED_EDGE ( 'NONE', *, *, #3166, .F. ) ;
#159 = ORIENTED_EDGE ( 'NONE', *, *, #2201, .F. ) ;
#160 = CARTESIAN_POINT ( 'NONE',  ( 0.000000000000000000, 44.00000000000206768, -349.5000000000001137 ) ) ;
#161 = CARTESIAN_POINT ( 'NONE',  ( 22.50000000000000711, 28.52715722998158654, 30.62270399556519251 ) ) ;
#162 = EDGE_LOOP ( 'NONE', ( #8976, #2048 ) ) ;
#163 = CARTESIAN_POINT ( 'NONE',  ( 38.00000000000000000, -95.70788891204318816, -1.396097351027982582E-14 ) ) ;
#164 = DIRECTION ( 'NONE',  ( -0.000000000000000000, 6.982962677686266711E-15, -1.000000000000000000 ) ) ;
#165 = ORIENTED_EDGE ( 'NONE', *, *, #5280, .T. ) ;
#166 = FACE_BOUND ( 'NONE', #4240, .T. ) ;
#167 = EDGE_CURVE ( 'NONE', #2537, #7002, #5237, .T. ) ;
#168 = FACE_OUTER_BOUND ( 'NONE', #580, .T. ) ;
#169 = EDGE_CURVE ( 'NONE', #9153, #9011, #8534, .T. ) ;
#170 = CARTESIAN_POINT ( 'NONE',  ( 34.36931771216878673, 90.00000000000000000, -25.00000000000000000 ) ) ;
#171 = ORIENTED_EDGE ( 'NONE', *, *, #1482, .T. ) ;
#172 = DIRECTION ( 'NONE',  ( -0.9743589743589741170, -0.2249990868562090351, 0.000000000000000000 ) ) ;
#173 = ORIENTED_EDGE ( 'NONE', *, *, #7995, .T. ) ;
#174 = ORIENTED_EDGE ( 'NONE', *, *, #6640, .F. ) ;
#175 = LINE ( 'NONE', #3202, #4925 ) ;
#176 = DIRECTION ( 'NONE',  ( 0.000000000000000000, -0.000000000000000000, -1.000000000000000000 ) ) ;
#177 = ORIENTED_EDGE ( 'NONE', *, *, #4522, .T. ) ;
#178 = CARTESIAN_POINT ( 'NONE',  ( 47.00000000000000711, 39.99999999999999289, -6.000000000000014211 ) ) ;
#179 = CARTESIAN_POINT ( 'NONE',  ( 35.07692307692307310, 8.099967126823511165, 11.99999999999998579 ) ) ;
#180 = CARTESIAN_POINT ( 'NONE',  ( -38.24240955119586260, 16.21864416169038492, 18.55942640720019554 ) ) ;
#181 = ORIENTED_EDGE ( 'NONE', *, *, #9694, .F. ) ;
#182 = DIRECTION ( 'NONE',  ( 0.000000000000000000, 6.982962677686266711E-15, -1.000000000000000000 ) ) ;
#183 = DIRECTION ( 'NONE',  ( 1.000000000000000000, 1.233581138472396112E-15, 0.000000000000000000 ) ) ;
#184 = CARTESIAN_POINT ( 'NONE',  ( -35.92232950245771406, 2.726233426714135710, 11.96616446274449252 ) ) ;
#185 = CARTESIAN_POINT ( 'NONE',  ( 0.000000000000000000, 44.00000000000049738, -217.5000000000000568 ) ) ;
#186 = ORIENTED_EDGE ( 'NONE', *, *, #3911, .T. ) ;
#187 =( BOUNDED_SURFACE ( )  B_SPLINE_SURFACE ( 3, 2, ( 
 ( #4626, #4830, #179 ),
 ( #925, #1715, #9186 ),
 ( #4780, #9379, #7653 ),
 ( #6222, #6903, #4003 ),
 ( #2603, #6321, #8581 ),
 ( #7102, #5424, #5527 ) ),
 .UNSPECIFIED., .F., .F., .T. ) 
 B_SPLINE_SURFACE_WITH_KNOTS ( ( 4, 2, 4 ),
 ( 3, 3 ),
 ( 0.000000000000000000, 0.004411853782887463493, 0.008823707565774926986 ),
 ( 0.000000000000000000, 1.000000000000000000 ),
 .UNSPECIFIED. ) 
 GEOMETRIC_REPRESENTATION_ITEM ( )  RATIONAL_B_SPLINE_SURFACE ( (
 ( 1.000000000000000000, 0.7071067811865476838, 1.000000000000000000),
 ( 1.000000000000000000, 0.7167217121887269338, 1.000000000000000000),
 ( 1.000000000000000000, 0.7239293624828414542, 1.000000000000000000),
 ( 1.000000000000000000, 0.7335575311267906740, 1.000000000000000000),
 ( 1.000000000000000000, 0.7359783963878639979, 1.000000000000000000),
 ( 1.000000000000000000, 0.7359800721939872004, 1.000000000000000000) ) ) 
 REPRESENTATION_ITEM ( '' )  SURFACE ( )  );
#188 = CARTESIAN_POINT ( 'NONE',  ( -38.00000000000001421, 60.00000000000000000, 0.000000000000000000 ) ) ;
#189 = CIRCLE ( 'NONE', #979, 4.499999999999998224 ) ;
#190 = AXIS2_PLACEMENT_3D ( 'NONE', #4347, #9743, #2221 ) ;
#191 = CARTESIAN_POINT ( 'NONE',  ( -35.07692307692307310, 8.099967126823520047, -12.00000000000000000 ) ) ;
#192 = ORIENTED_EDGE ( 'NONE', *, *, #7476, .F. ) ;
#193 = CARTESIAN_POINT ( 'NONE',  ( 12.43680501229485635, 16.10327938606737064, -40.64731023399708221 ) ) ;
#194 = EDGE_CURVE ( 'NONE', #2807, #1458, #4449, .T. ) ;
#195 = CARTESIAN_POINT ( 'NONE',  ( 35.61464024155681329, 5.426187063174169545, 11.98701582130418686 ) ) ;
#196 = EDGE_CURVE ( 'NONE', #2373, #4650, #6509, .T. ) ;
#197 = AXIS2_PLACEMENT_3D ( 'NONE', #9067, #8366, #7583 ) ;
#198 = CARTESIAN_POINT ( 'NONE',  ( 38.89087296526010817, 10.10912703473970531, -463.5000000000005684 ) ) ;
#199 = ORIENTED_EDGE ( 'NONE', *, *, #335, .F. ) ;
#200 = DIRECTION ( 'NONE',  ( -1.000000000000000000, 0.000000000000000000, 0.000000000000000000 ) ) ;
#201 = CARTESIAN_POINT ( 'NONE',  ( -35.33905490542223760, 18.25618843314568807, 13.99702298371100717 ) ) ;
#202 = CIRCLE ( 'NONE', #2107, 80.00000000000000000 ) ;
#203 = CIRCLE ( 'NONE', #2580, 4.999999999996165734 ) ;
#204 = CIRCLE ( 'NONE', #989, 42.49999999999999289 ) ;
#205 = CARTESIAN_POINT ( 'NONE',  ( -21.38730451045510961, 20.00198683963203194, 31.41020561305000314 ) ) ;
#206 = ORIENTED_EDGE ( 'NONE', *, *, #5461, .T. ) ;
#207 = VERTEX_POINT ( 'NONE', #6313 ) ;
#208 = CARTESIAN_POINT ( 'NONE',  ( 0.000000000000000000, 0.000000000000000000, -9.000000000000000000 ) ) ;
#209 = ADVANCED_FACE ( 'NONE', ( #6356, #9326 ), #5568, .T. ) ;
#210 = FACE_OUTER_BOUND ( 'NONE', #917, .T. ) ;
#211 = DIRECTION ( 'NONE',  ( -0.000000000000000000, -1.000000000000000000, -0.000000000000000000 ) ) ;
#212 = EDGE_CURVE ( 'NONE', #1707, #6104, #5711, .T. ) ;
#213 = AXIS2_PLACEMENT_3D ( 'NONE', #7278, #5806, #9509 ) ;
#214 = VERTEX_POINT ( 'NONE', #9516 ) ;
#215 = CIRCLE ( 'NONE', #4798, 39.50000000000000000 ) ;
#216 = DIRECTION ( 'NONE',  ( 0.000000000000000000, 6.982962677686266711E-15, -1.000000000000000000 ) ) ;
#217 = CARTESIAN_POINT ( 'NONE',  ( 16.95757667148771120, 48.28588414523898820, 9.000000000000000000 ) ) ;
#218 = DIRECTION ( 'NONE',  ( -0.000000000000000000, 0.000000000000000000, 1.000000000000000000 ) ) ;
#219 = VERTEX_POINT ( 'NONE', #5813 ) ;
#220 = DIRECTION ( 'NONE',  ( 0.000000000000000000, -0.000000000000000000, -1.000000000000000000 ) ) ;
#221 = EDGE_LOOP ( 'NONE', ( #5922, #8911, #2781, #1292 ) ) ;
#222 = ORIENTED_EDGE ( 'NONE', *, *, #3714, .F. ) ;
#223 = CIRCLE ( 'NONE', #9698, 39.50000000000000000 ) ;
#224 = VECTOR ( 'NONE', #2099, 1000.000000000000000 ) ;
#225 = DIRECTION ( 'NONE',  ( -4.625929269271484533E-15, 0.000000000000000000, -1.000000000000000000 ) ) ;
#226 = EDGE_CURVE ( 'NONE', #6458, #5069, #344, .T. ) ;
#227 = CARTESIAN_POINT ( 'NONE',  ( 38.00000000000000000, 1.387778780781445676E-14, -1.396097351027982582E-14 ) ) ;
#228 = VERTEX_POINT ( 'NONE', #9567 ) ;
#229 = EDGE_CURVE ( 'NONE', #9675, #6502, #1899, .T. ) ;
#230 = CARTESIAN_POINT ( 'NONE',  ( -38.00000000000000000, 30.00000000000000000, -9.000000000000000000 ) ) ;
#231 = DIRECTION ( 'NONE',  ( -1.000000000000000000, -0.000000000000000000, -0.000000000000000000 ) ) ;
#232 = EDGE_CURVE ( 'NONE', #2468, #4908, #189, .T. ) ;
#233 = DIRECTION ( 'NONE',  ( -2.584927402981196428E-16, 1.000000000000000000, 0.000000000000000000 ) ) ;
#234 = ORIENTED_EDGE ( 'NONE', *, *, #2886, .F. ) ;
#235 = CARTESIAN_POINT ( 'NONE',  ( 55.00000000000000000, 44.00000000000343903, -448.5000000000000568 ) ) ;
#236 = CIRCLE ( 'NONE', #1968, 26.99999999999999645 ) ;
#237 = EDGE_CURVE ( 'NONE', #2733, #9675, #8126, .T. ) ;
#238 = CARTESIAN_POINT ( 'NONE',  ( -38.00000000000000000, 8.774964387392142129, -9.000000000000000000 ) ) ;
#239 = DIRECTION ( 'NONE',  ( 0.000000000000000000, 1.396592535537253342E-14, -1.000000000000000000 ) ) ;
#240 = CIRCLE ( 'NONE', #4050, 42.49999999999999289 ) ;
#241 = DIRECTION ( 'NONE',  ( -2.584927402981196428E-16, 1.000000000000000000, 0.000000000000000000 ) ) ;
#242 = FACE_OUTER_BOUND ( 'NONE', #8759, .T. ) ;
#243 = VERTEX_POINT ( 'NONE', #7191 ) ;
#244 = CARTESIAN_POINT ( 'NONE',  ( 3.014244678611900152, 4.652535544891938990, -37.90910828683696820 ) ) ;
#245 = ITEM_DEFINED_TRANSFORMATION ( 'NONE', 'NONE', #2195,  #3150 ) ;
#246 = CARTESIAN_POINT ( 'NONE',  ( -16.50000000000000355, 27.00000000000000355, 39.16631205513227343 ) ) ;
#247 = CIRCLE ( 'NONE', #3410, 36.00000000000000000 ) ;
#248 = DIRECTION ( 'NONE',  ( 0.000000000000000000, 0.000000000000000000, -1.000000000000000000 ) ) ;
#249 = ORIENTED_EDGE ( 'NONE', *, *, #8592, .T. ) ;
#250 = CARTESIAN_POINT ( 'NONE',  ( 15.93838152051220725, 22.69710530569945561, 39.39857142746721053 ) ) ;
#251 = EDGE_CURVE ( 'NONE', #1541, #8739, #2649, .T. ) ;
#252 = CIRCLE ( 'NONE', #5785, 9.000000000000000000 ) ;
#253 = EDGE_CURVE ( 'NONE', #5789, #6601, #7382, .T. ) ;
#254 = CARTESIAN_POINT ( 'NONE',  ( -37.96853445382856762, 20.74511375178408557, 1.795980744473329116 ) ) ;
#255 = DIRECTION ( 'NONE',  ( 0.9588197348681938292, -0.2840153447039201473, -3.966537103915348291E-15 ) ) ;
#256 = ORIENTED_EDGE ( 'NONE', *, *, #4627, .F. ) ;
#257 = CARTESIAN_POINT ( 'NONE',  ( 38.00000000000000000, 0.000000000000000000, -1.396097351027982582E-14 ) ) ;
#258 = CARTESIAN_POINT ( 'NONE',  ( 0.000000000000000000, 0.000000000000000000, -9.000000000000000000 ) ) ;
#259 = DIRECTION ( 'NONE',  ( 0.000000000000000000, -1.000000000000000000, -1.387778780781445676E-14 ) ) ;
#260 = LINE ( 'NONE', #1598, #2303 ) ;
#261 = AXIS2_PLACEMENT_3D ( 'NONE', #1424, #779, #3807 ) ;
#262 = ORIENTED_EDGE ( 'NONE', *, *, #2920, .T. ) ;
#263 = LINE ( 'NONE', #3290, #3211 ) ;
#264 = FACE_OUTER_BOUND ( 'NONE', #4087, .T. ) ;
#265 = ADVANCED_FACE ( 'NONE', ( #2051 ), #3588, .T. ) ;
#266 = LINE ( 'NONE', #1054, #7796 ) ;
#267 = ORIENTED_EDGE ( 'NONE', *, *, #929, .F. ) ;
#268 = CARTESIAN_POINT ( 'NONE',  ( 0.000000000000000000, 0.000000000000000000, 9.000000000000000000 ) ) ;
#269 = ORIENTED_EDGE ( 'NONE', *, *, #2623, .F. ) ;
#270 = EDGE_LOOP ( 'NONE', ( #47, #1401, #8860, #5382 ) ) ;
#271 = CIRCLE ( 'NONE', #7848, 13.00000000000000178 ) ;
#272 = DIRECTION ( 'NONE',  ( 1.224646799147351975E-16, 1.000000000000000000, 0.000000000000000000 ) ) ;
#273 = CARTESIAN_POINT ( 'NONE',  ( 0.000000000000000000, 44.00000000000000000, 125.5000000000000000 ) ) ;
#274 = ORIENTED_EDGE ( 'NONE', *, *, #288, .F. ) ;
#275 = DIRECTION ( 'NONE',  ( 0.000000000000000000, -6.982962677686266711E-15, 1.000000000000000000 ) ) ;
#276 = DIRECTION ( 'NONE',  ( -0.000000000000000000, 0.000000000000000000, 1.000000000000000000 ) ) ;
#277 = APPLICATION_CONTEXT ( 'automotive_design' ) ;
#278 = EDGE_CURVE ( 'NONE', #7819, #1735, #5084, .T. ) ;
#279 = EDGE_CURVE ( 'NONE', #1155, #2254, #2416, .T. ) ;
#280 = CARTESIAN_POINT ( 'NONE',  ( 41.44457245099134468, 44.44434203920692994, -5.843836059109784209 ) ) ;
#281 = VERTEX_POINT ( 'NONE', #1257 ) ;
#282 = ORIENTED_EDGE ( 'NONE', *, *, #3771, .F. ) ;
#283 = CARTESIAN_POINT ( 'NONE',  ( 36.00000000000000711, 0.000000000000000000, -11.95826074310141074 ) ) ;
#284 = CARTESIAN_POINT ( 'NONE',  ( 0.000000000000000000, 87.99999999999971578, -106.4999999999997016 ) ) ;
#285 = EDGE_LOOP ( 'NONE', ( #1641, #2526, #5473, #9627 ) ) ;
#286 = AXIS2_PLACEMENT_3D ( 'NONE', #8293, #182, #932 ) ;
#287 = DIRECTION ( 'NONE',  ( -0.2840153447039201473, -0.9588197348681938292, -0.000000000000000000 ) ) ;
#288 = EDGE_CURVE ( 'NONE', #7512, #6714, #7301, .T. ) ;
#289 = AXIS2_PLACEMENT_3D ( 'NONE', #4475, #9529, #3554 ) ;
#290 = CARTESIAN_POINT ( 'NONE',  ( -42.49999999999997158, -95.70788891204318816, 0.000000000000000000 ) ) ;
#291 = ADVANCED_FACE ( 'NONE', ( #1354 ), #4178, .T. ) ;
#292 = VECTOR ( 'NONE', #1576, 1000.000000000000000 ) ;
#293 = DIRECTION ( 'NONE',  ( 0.000000000000000000, 1.000000000000000000, 7.709882115452475800E-15 ) ) ;
#294 = CARTESIAN_POINT ( 'NONE',  ( 5.354210265747982866, 11.35549632740719517, -42.17345295611607270 ) ) ;
#295 = CONTEXT_DEPENDENT_SHAPE_REPRESENTATION ( #2360, #5640 ) ;
#296 = CARTESIAN_POINT ( 'NONE',  ( 0.000000000000000000, 44.00000000000107292, -299.5000000000001137 ) ) ;
#297 = CIRCLE ( 'NONE', #3145, 35.99999999999999289 ) ;
#298 = CARTESIAN_POINT ( 'NONE',  ( -37.30624711280323424, 15.20628250642434054, -20.36328666349393401 ) ) ;
#299 = ORIENTED_EDGE ( 'NONE', *, *, #5391, .T. ) ;
#300 = AXIS2_PLACEMENT_3D ( 'NONE', #160, #56, #3187 ) ;
#301 = CARTESIAN_POINT ( 'NONE',  ( -37.99999999999997158, -95.70788891204318816, 9.000000000000000000 ) ) ;
#302 = CARTESIAN_POINT ( 'NONE',  ( 0.000000000000000000, 83.00000000000292744, -410.4999999999995453 ) ) ;
#303 = AXIS2_PLACEMENT_3D ( 'NONE', #7064, #5773, #5629 ) ;
#304 = CARTESIAN_POINT ( 'NONE',  ( -33.50000000000001421, 50.80000000000001137, 5.510910596163086597E-16 ) ) ;
#305 = ORIENTED_EDGE ( 'NONE', *, *, #2683, .T. ) ;
#306 = DIRECTION ( 'NONE',  ( -0.2840153447039201473, 0.9588197348681938292, 0.000000000000000000 ) ) ;
#307 = DIRECTION ( 'NONE',  ( -1.000000000000000000, -1.224646799147353454E-16, 0.000000000000000000 ) ) ;
#308 = LINE ( 'NONE', #1048, #2080 ) ;
#309 = FACE_OUTER_BOUND ( 'NONE', #4917, .T. ) ;
#310 = CARTESIAN_POINT ( 'NONE',  ( -38.75000000000000000, 0.000000000000000000, 8.968695557326046952 ) ) ;
#311 = EDGE_CURVE ( 'NONE', #6948, #4761, #678, .T. ) ;
#312 = VERTEX_POINT ( 'NONE', #3489 ) ;
#313 = CARTESIAN_POINT ( 'NONE',  ( 16.50000000000000355, 27.00000000000000355, 39.16631205513227343 ) ) ;
#314 = FACE_OUTER_BOUND ( 'NONE', #3926, .T. ) ;
#315 = FACE_OUTER_BOUND ( 'NONE', #7091, .T. ) ;
#316 = ORIENTED_EDGE ( 'NONE', *, *, #1912, .F. ) ;
#317 = CARTESIAN_POINT ( 'NONE',  ( -34.83584020179641527, 10.32017447555282708, 24.34589812489312166 ) ) ;
#318 = ORIENTED_EDGE ( 'NONE', *, *, #6147, .T. ) ;
#319 = EDGE_LOOP ( 'NONE', ( #4727, #6477, #4655, #2475 ) ) ;
#320 = LINE ( 'NONE', #5418, #3357 ) ;
#321 = VERTEX_POINT ( 'NONE', #2848 ) ;
#322 = EDGE_CURVE ( 'NONE', #9468, #4531, #4456, .T. ) ;
#323 = DIRECTION ( 'NONE',  ( -0.000000000000000000, -1.396592535537253342E-14, 1.000000000000000000 ) ) ;
#324 = ADVANCED_FACE ( 'NONE', ( #8761 ), #6603, .T. ) ;
#325 = DIRECTION ( 'NONE',  ( -1.000000000000000000, 0.000000000000000000, 0.000000000000000000 ) ) ;
#326 = FACE_OUTER_BOUND ( 'NONE', #6468, .T. ) ;
#327 = CARTESIAN_POINT ( 'NONE',  ( -16.44467582472904965, 42.37321510311629424, -34.26197338983959639 ) ) ;
#328 = ORIENTED_EDGE ( 'NONE', *, *, #2028, .T. ) ;
#329 = ORIENTED_EDGE ( 'NONE', *, *, #1046, .F. ) ;
#330 = DIRECTION ( 'NONE',  ( 0.000000000000000000, 0.000000000000000000, -1.000000000000000000 ) ) ;
#331 =( REPRESENTATION_RELATIONSHIP ('NONE','NONE', #7863, #6891 ) REPRESENTATION_RELATIONSHIP_WITH_TRANSFORMATION ( #1330 )SHAPE_REPRESENTATION_RELATIONSHIP( ) );
#332 = CYLINDRICAL_SURFACE ( 'NONE', #4107, 42.49999999999999289 ) ;
#333 = EDGE_LOOP ( 'NONE', ( #8462, #2795, #1255, #4895 ) ) ;
#334 = FACE_BOUND ( 'NONE', #8022, .T. ) ;
#335 = EDGE_CURVE ( 'NONE', #6015, #595, #6407, .T. ) ;
#336 = VERTEX_POINT ( 'NONE', #567 ) ;
#337 = DIRECTION ( 'NONE',  ( -1.826024711554533667E-16, -4.720141315418149384E-32, -1.000000000000000000 ) ) ;
#338 = CARTESIAN_POINT ( 'NONE',  ( 16.92692579388205587, 12.15910235795567651, -34.02566280363348739 ) ) ;
#339 = CONTEXT_DEPENDENT_SHAPE_REPRESENTATION ( #5842, #2884 ) ;
#340 = DIRECTION ( 'NONE',  ( 0.000000000000000000, -6.982962677686266711E-15, 1.000000000000000000 ) ) ;
#341 = ADVANCED_FACE ( 'NONE', ( #421 ), #2701, .T. ) ;
#342 = ADVANCED_FACE ( 'NONE', ( #618 ), #5210, .F. ) ;
#343 = ORIENTED_EDGE ( 'NONE', *, *, #5153, .F. ) ;
#344 = CIRCLE ( 'NONE', #7135, 22.50000000000000355 ) ;
#345 = CARTESIAN_POINT ( 'NONE',  ( 9.633395396578283254, 13.59328272938677351, 41.39636902590591205 ) ) ;
#346 = B_SPLINE_CURVE_WITH_KNOTS ( 'NONE', 3,
 ( #7023, #2324, #244, #3274, #6285, #4795, #7813, #1035, #7114, #3464, #9490, #6479, #1276, #8734, #9541, #7864, #9395, #4293, #338, #7212, #1821, #2719, #6375, #1916, #1177, #2619, #3564, #8594, #5730, #7958, #1081, #7161 ),
 .UNSPECIFIED., .F., .F.,
 ( 4, 2, 2, 2, 2, 2, 2, 2, 2, 2, 2, 2, 2, 2, 2, 4 ),
 ( 0.07212878807459098540, 0.07662863790180254875, 0.07775360035860542918, 0.07887856281540832348, 0.08112848772901409822, 0.08337841264261988683, 0.08450337509942278114, 0.08562833755622567544, 0.09012818738343723879, 0.09237811229704302740, 0.09462803721064881601, 0.09912788703786039324, 0.1013778119514661819, 0.1036277368650719566, 0.1058776617786777452, 0.1081275866922835338 ),
 .UNSPECIFIED. ) ;
#347 = DIRECTION ( 'NONE',  ( 0.000000000000000000, -0.000000000000000000, -1.000000000000000000 ) ) ;
#348 = CARTESIAN_POINT ( 'NONE',  ( -13.82967212024711934, 9.191951402740549781, 35.41731281861742531 ) ) ;
#349 = EDGE_LOOP ( 'NONE', ( #4202, #2205, #2799, #4029, #8635 ) ) ;
#350 = CARTESIAN_POINT ( 'NONE',  ( 19.43475361544497915, 1.018532277898461791, 9.000000000000000000 ) ) ;
#351 = DIRECTION ( 'NONE',  ( -9.981184778348821175E-17, 1.050975185567191065E-16, 1.000000000000000000 ) ) ;
#352 = CARTESIAN_POINT ( 'NONE',  ( 36.00000000000000711, 0.000000000000000000, -11.95826074310141074 ) ) ;
#353 = AXIS2_PLACEMENT_3D ( 'NONE', #208, #4306, #2632 ) ;
#354 = DIRECTION ( 'NONE',  ( 0.7808688094430301652, 0.6246950475544243986, -1.425885742525141599E-16 ) ) ;
#355 = DIRECTION ( 'NONE',  ( 0.000000000000000000, 0.000000000000000000, -1.000000000000000000 ) ) ;
#356 = CARTESIAN_POINT ( 'NONE',  ( -36.00000000000000000, 44.00000000000038369, -217.5000000000000568 ) ) ;
#357 = VERTEX_POINT ( 'NONE', #7481 ) ;
#358 = DIRECTION ( 'NONE',  ( 1.000000000000000000, -8.208661603793403104E-49, -1.826024711554533913E-16 ) ) ;
#359 = CIRCLE ( 'NONE', #3371, 38.00000000000000000 ) ;
#360 = DIRECTION ( 'NONE',  ( -1.000000000000000000, 0.000000000000000000, 0.000000000000000000 ) ) ;
#361 = AXIS2_PLACEMENT_3D ( 'NONE', #4113, #5638, #8641 ) ;
#362 = DIRECTION ( 'NONE',  ( 0.000000000000000000, 0.000000000000000000, 1.000000000000000000 ) ) ;
#363 = ORIENTED_EDGE ( 'NONE', *, *, #232, .F. ) ;
#364 = LINE ( 'NONE', #5565, #1644 ) ;
#365 = EDGE_LOOP ( 'NONE', ( #9046, #1605 ) ) ;
#366 = VERTEX_POINT ( 'NONE', #4605 ) ;
#367 = CARTESIAN_POINT ( 'NONE',  ( 33.07375552197755297, 170.6856313243669092, 9.000000000000000000 ) ) ;
#368 = CARTESIAN_POINT ( 'NONE',  ( 42.10600729670320419, 20.35614527293011378, -5.790996345450052374 ) ) ;
#369 = ORIENTED_EDGE ( 'NONE', *, *, #8974, .T. ) ;
#370 = CIRCLE ( 'NONE', #1469, 22.50000000000000355 ) ;
#371 = VECTOR ( 'NONE', #5448, 1000.000000000000000 ) ;
#372 = DIRECTION ( 'NONE',  ( 0.000000000000000000, 1.000000000000000000, 1.396592535537253342E-14 ) ) ;
#373 = CARTESIAN_POINT ( 'NONE',  ( -39.00000000000000000, 44.00000000000000711, 10.49999999999999467 ) ) ;
#374 = AXIS2_PLACEMENT_3D ( 'NONE', #6243, #9262, #6337 ) ;
#375 = TOROIDAL_SURFACE ( 'NONE', #7960, 30.00000000000000000, 3.000000000000000000 ) ;
#376 = CARTESIAN_POINT ( 'NONE',  ( -15.43351727435848098, 43.38809476812937049, -34.72919129620761680 ) ) ;
#377 = VERTEX_POINT ( 'NONE', #9118 ) ;
#378 = EDGE_CURVE ( 'NONE', #5907, #5479, #5728, .T. ) ;
#379 = ORIENTED_EDGE ( 'NONE', *, *, #2215, .T. ) ;
#380 = DIRECTION ( 'NONE',  ( 8.659560562354978464E-17, 0.7071067811865439090, -0.7071067811865512365 ) ) ;
#381 = DIRECTION ( 'NONE',  ( 1.000000000000000000, 0.000000000000000000, 0.000000000000000000 ) ) ;
#382 = VERTEX_POINT ( 'NONE', #5159 ) ;
#383 = DIRECTION ( 'NONE',  ( 1.000000000000000000, 0.000000000000000000, 0.000000000000000000 ) ) ;
#384 = AXIS2_PLACEMENT_3D ( 'NONE', #816, #2299, #1604 ) ;
#385 = PLANE ( 'NONE',  #6740 ) ;
#386 = VERTEX_POINT ( 'NONE', #8270 ) ;
#387 = ADVANCED_FACE ( 'NONE', ( #3089, #9717 ), #2944, .T. ) ;
#388 = VECTOR ( 'NONE', #948, 1000.000000000000000 ) ;
#389 = DIRECTION ( 'NONE',  ( -1.000000000000000000, 0.000000000000000000, 0.000000000000000000 ) ) ;
#390 = DIRECTION ( 'NONE',  ( 1.000000000000000000, 0.000000000000000000, 0.000000000000000000 ) ) ;
#391 = CARTESIAN_POINT ( 'NONE',  ( 0.000000000000000000, 88.00000000000092371, -278.4999999999997726 ) ) ;
#392 = STYLED_ITEM ( 'NONE', ( #6623 ), #5588 ) ;
#393 = CIRCLE ( 'NONE', #7036, 22.50000000000000355 ) ;
#394 = ORIENTED_EDGE ( 'NONE', *, *, #7939, .T. ) ;
#395 = LINE ( 'NONE', #9447, #4990 ) ;
#396 = EDGE_CURVE ( 'NONE', #4368, #8628, #9671, .T. ) ;
#397 = CARTESIAN_POINT ( 'NONE',  ( 11.38407072447877333, 46.42126768334111375, -36.26085940707566380 ) ) ;
#398 = ADVANCED_FACE ( 'NONE', ( #5959 ), #7432, .T. ) ;
#399 = AXIS2_PLACEMENT_3D ( 'NONE', #8865, #713, #4517 ) ;
#400 = CARTESIAN_POINT ( 'NONE',  ( -29.16285176210241659, 10.38167718183462540, 24.36467701155948973 ) ) ;
#401 = EDGE_LOOP ( 'NONE', ( #1703, #9469, #4229, #5311, #73 ) ) ;
#402 = VECTOR ( 'NONE', #200, 1000.000000000000000 ) ;
#403 = DIRECTION ( 'NONE',  ( -1.000000000000000000, 0.000000000000000000, 0.000000000000000000 ) ) ;
#404 = DIRECTION ( 'NONE',  ( -6.470189244410486676E-16, 3.150110193953247832E-16, 1.000000000000000000 ) ) ;
#405 = CARTESIAN_POINT ( 'NONE',  ( -22.87790625487054896, 30.00000000000000355, 9.269897892228694758 ) ) ;
#406 = CYLINDRICAL_SURFACE ( 'NONE', #3670, 36.00000000000000000 ) ;
#407 = CARTESIAN_POINT ( 'NONE',  ( -40.35573096248965896, 42.10173561087721339, 8.765754088666108501 ) ) ;
#408 = DIRECTION ( 'NONE',  ( 0.9588197348681938292, -0.2840153447039201473, 0.000000000000000000 ) ) ;
#409 = VERTEX_POINT ( 'NONE', #1404 ) ;
#410 = CIRCLE ( 'NONE', #5139, 26.99999999999999645 ) ;
#411 = CIRCLE ( 'NONE', #8459, 36.00000000000000000 ) ;
#412 = CYLINDRICAL_SURFACE ( 'NONE', #2150, 36.00000000000000000 ) ;
#413 = EDGE_CURVE ( 'NONE', #3585, #9388, #2122, .T. ) ;
#414 = CARTESIAN_POINT ( 'NONE',  ( -38.00000000000000000, 8.774964387392113707, 9.000000000000000000 ) ) ;
#415 = ORIENTED_EDGE ( 'NONE', *, *, #5289, .F. ) ;
#416 = ADVANCED_FACE ( 'NONE', ( #7682 ), #7630, .F. ) ;
#417 = DIRECTION ( 'NONE',  ( 0.000000000000000000, 1.396592535537253342E-14, -1.000000000000000000 ) ) ;
#418 = ORIENTED_EDGE ( 'NONE', *, *, #8728, .F. ) ;
#419 = VERTEX_POINT ( 'NONE', #9314 ) ;
#420 = LINE ( 'NONE', #4741, #8346 ) ;
#421 = FACE_OUTER_BOUND ( 'NONE', #4671, .T. ) ;
#422 = AXIS2_PLACEMENT_3D ( 'NONE', #5779, #5877, #5128 ) ;
#423 = ORIENTED_EDGE ( 'NONE', *, *, #8448, .F. ) ;
#424 = CARTESIAN_POINT ( 'NONE',  ( 0.000000000000000000, 0.000000000000000000, 0.000000000000000000 ) ) ;
#425 = DIRECTION ( 'NONE',  ( 0.000000000000000000, -6.982962677686266711E-15, 1.000000000000000000 ) ) ;
#426 = CIRCLE ( 'NONE', #7213, 9.000000000000001776 ) ;
#427 = CARTESIAN_POINT ( 'NONE',  ( 46.14815601433009107, 40.68147518853477607, -4.003848497544217011 ) ) ;
#428 = VERTEX_POINT ( 'NONE', #7081 ) ;
#429 = CARTESIAN_POINT ( 'NONE',  ( -8.000000000000000000, 146.1386137946185215, 4.699999999999999289 ) ) ;
#430 = CARTESIAN_POINT ( 'NONE',  ( 64.56989347527186851, 91.23059238028164941, -410.4999999999994316 ) ) ;
#431 = VERTEX_POINT ( 'NONE', #9357 ) ;
#432 = PLANE ( 'NONE',  #8320 ) ;
#433 = AXIS2_PLACEMENT_3D ( 'NONE', #8046, #4479, #5176 ) ;
#434 = EDGE_CURVE ( 'NONE', #2556, #7034, #982, .T. ) ;
#435 = SURFACE_STYLE_FILL_AREA ( #1324 ) ;
#436 = VERTEX_POINT ( 'NONE', #6249 ) ;
#437 = AXIS2_PLACEMENT_3D ( 'NONE', #2393, #4810, #8467 ) ;
#438 = LINE ( 'NONE', #4984, #3619 ) ;
#439 = CARTESIAN_POINT ( 'NONE',  ( -56.90275806167066719, 50.37932239495659559, -8.999999999999998224 ) ) ;
#440 = CONTEXT_DEPENDENT_SHAPE_REPRESENTATION ( #520, #7990 ) ;
#441 = DIRECTION ( 'NONE',  ( -1.000000000000000000, 0.000000000000000000, 0.000000000000000000 ) ) ;
#442 = EDGE_CURVE ( 'NONE', #9178, #7994, #1047, .T. ) ;
#443 = VECTOR ( 'NONE', #2031, 1000.000000000000000 ) ;
#444 = ORIENTED_EDGE ( 'NONE', *, *, #471, .F. ) ;
#445 = CARTESIAN_POINT ( 'NONE',  ( -8.000000000000000000, 146.1386137946185215, 9.000000000000000000 ) ) ;
#446 = VECTOR ( 'NONE', #5282, 1000.000000000000000 ) ;
#447 = CARTESIAN_POINT ( 'NONE',  ( -40.16608544904459421, 18.28600158013897570, -13.91651153100807292 ) ) ;
#448 = PRESENTATION_STYLE_ASSIGNMENT (( #8790 ) ) ;
#449 = ORIENTED_EDGE ( 'NONE', *, *, #4613, .T. ) ;
#450 = DIRECTION ( 'NONE',  ( 0.000000000000000000, 1.000000000000000000, -0.000000000000000000 ) ) ;
#451 = AXIS2_PLACEMENT_3D ( 'NONE', #4356, #3773, #7417 ) ;
#452 = DIRECTION ( 'NONE',  ( 0.9890953164138879261, -0.1472767973854382517, -5.117253294889196252E-17 ) ) ;
#453 = CARTESIAN_POINT ( 'NONE',  ( 0.000000000000000000, 90.00000000000000000, 0.000000000000000000 ) ) ;
#454 = FACE_OUTER_BOUND ( 'NONE', #8719, .T. ) ;
#455 = CARTESIAN_POINT ( 'NONE',  ( -43.57913267144672886, 42.73669386284856841, 7.238448179182671360 ) ) ;
#456 = CARTESIAN_POINT ( 'NONE',  ( 8.817456953860941711E-15, 116.0000000000034532, -448.4999999999990905 ) ) ;
#457 = EDGE_CURVE ( 'NONE', #4222, #4883, #6676, .T. ) ;
#458 = ORIENTED_EDGE ( 'NONE', *, *, #2274, .T. ) ;
#459 = CARTESIAN_POINT ( 'NONE',  ( 0.000000000000000000, 44.00000000000105160, -296.5000000000001137 ) ) ;
#460 = CIRCLE ( 'NONE', #6929, 39.00000000000000711 ) ;
#461 = CARTESIAN_POINT ( 'NONE',  ( 0.000000000000000000, 0.000000000000000000, -10.50000000000000178 ) ) ;
#462 = CARTESIAN_POINT ( 'NONE',  ( -34.51751045525497119, -10.22455240934112553, 7.500000000000000000 ) ) ;
#463 = EDGE_LOOP ( 'NONE', ( #6805, #134, #8489, #5396 ) ) ;
#464 = VERTEX_POINT ( 'NONE', #2337 ) ;
#465 = DIRECTION ( 'NONE',  ( -0.000000000000000000, -1.000000000000000000, -0.000000000000000000 ) ) ;
#466 = VERTEX_POINT ( 'NONE', #2583 ) ;
#467 = ORIENTED_EDGE ( 'NONE', *, *, #7868, .T. ) ;
#468 = CARTESIAN_POINT ( 'NONE',  ( -38.43811293440706578, 5.867700902121785411, 8.990198382905882468 ) ) ;
#469 = DIRECTION ( 'NONE',  ( 0.000000000000000000, 1.000000000000000000, -0.000000000000000000 ) ) ;
#470 = VERTEX_POINT ( 'NONE', #7826 ) ;
#471 = EDGE_CURVE ( 'NONE', #755, #5993, #6993, .T. ) ;
#472 = ADVANCED_FACE ( 'NONE', ( #2492 ), #3188, .T. ) ;
#473 = DIRECTION ( 'NONE',  ( -0.000000000000000000, -1.000000000000000000, -0.000000000000000000 ) ) ;
#474 = CARTESIAN_POINT ( 'NONE',  ( 0.000000000000000000, 90.00000000000000000, -42.49999999999999289 ) ) ;
#475 = CARTESIAN_POINT ( 'NONE',  ( 30.58881743660582231, 13.32857542894196889, 22.54849862006557260 ) ) ;
#476 = CARTESIAN_POINT ( 'NONE',  ( -19.44157329757089059, 15.65072513257414322, -32.65256804850535133 ) ) ;
#477 = VERTEX_POINT ( 'NONE', #6296 ) ;
#478 = DIRECTION ( 'NONE',  ( -0.000000000000000000, -6.982962677686266711E-15, 1.000000000000000000 ) ) ;
#479 = FACE_OUTER_BOUND ( 'NONE', #9397, .T. ) ;
#480 = ORIENTED_EDGE ( 'NONE', *, *, #2530, .F. ) ;
#481 = DIRECTION ( 'NONE',  ( 0.000000000000000000, 1.000000000000000000, -0.000000000000000000 ) ) ;
#482 = CARTESIAN_POINT ( 'NONE',  ( 0.000000000000000000, 2.066956952595139995E-12, -349.5000000000006821 ) ) ;
#483 = DIRECTION ( 'NONE',  ( 0.000000000000000000, 0.000000000000000000, 1.000000000000000000 ) ) ;
#484 = DIRECTION ( 'NONE',  ( 0.000000000000000000, 0.000000000000000000, -1.000000000000000000 ) ) ;
#485 = CARTESIAN_POINT ( 'NONE',  ( -38.89087296526010817, 77.89087296526363957, -448.4999999999995453 ) ) ;
#486 = CONTEXT_DEPENDENT_SHAPE_REPRESENTATION ( #598, #7752 ) ;
#487 = LINE ( 'NONE', #9396, #4154 ) ;
#488 = EDGE_LOOP ( 'NONE', ( #1208, #1201, #1640, #8393 ) ) ;
#489 = CARTESIAN_POINT ( 'NONE',  ( 8.000000000000000000, 56.13861379461851442, 9.000000000000000000 ) ) ;
#490 = CARTESIAN_POINT ( 'NONE',  ( 20.13836429182638099, 37.06140806999829351, -32.22751411215151762 ) ) ;
#491 = EDGE_CURVE ( 'NONE', #721, #321, #6360, .T. ) ;
#492 = CARTESIAN_POINT ( 'NONE',  ( 36.00000000000000711, 2.566756699247257608E-15, -11.95826074310141252 ) ) ;
#493 = EDGE_LOOP ( 'NONE', ( #4082, #8062, #6500, #9165 ) ) ;
#494 = ADVANCED_FACE ( 'NONE', ( #4077 ), #5453, .F. ) ;
#495 = DIRECTION ( 'NONE',  ( 1.000000000000000000, 0.000000000000000000, 0.000000000000000000 ) ) ;
#496 = DIRECTION ( 'NONE',  ( -0.7521706962434763222, -5.920753498062318964E-17, -0.6589683176850037460 ) ) ;
#497 = CARTESIAN_POINT ( 'NONE',  ( -16.50000000000000355, 27.00000000000000355, -39.16631205513226632 ) ) ;
#498 = CARTESIAN_POINT ( 'NONE',  ( -46.76575408810698775, 38.68305661055224931, 2.355730963839507641 ) ) ;
#499 = CLOSED_SHELL ( 'NONE', ( #4072, #4364, #7760, #5124, #9078, #9720, #3854, #7604, #7508, #9523, #634, #83, #8916, #2654, #1568, #7909, #9708, #4439, #4629, #2612, #2379, #2866, #1374, #895, #6032, #4976, #3560, #6186, #4485, #3743, #1539, #7952, #8205, #8731, #1903, #9631, #2709, #3253, #4245, #2158, #8347, #4758, #5241, #8536, #7171, #1005, #7207, #3180, #6123, #4664, #3679, #2405, #5899, #1593, #4812, #1963, #3291, #398, #5776, #2945, #5477, #7117, #2735, #6876, #8678, #4265, #4866, #6218, #9695, #37, #1288, #5213, #9295, #9328, #3223, #6760, #71, #1891, #3316, #8355, #2697, #1553, #1473, #5345, #941, #3206, #5378, #3490, #209, #5585, #7521, #7111, #4398, #9017, #1234, #3533, #7356, #2986, #7731, #6638, #94, #4987, #6875, #6966, #4564, #1224, #1664, #8737, #2765, #2579, #5692, #9632, #4493, #9662, #7287, #6857, #3727, #5522, #885, #593, #799, #3434, #6488, #5665, #2169, #3292, #7342, #6582 ) ) ;
#500 = DIRECTION ( 'NONE',  ( -1.000000000000000000, 0.000000000000000000, 1.734723475976806848E-16 ) ) ;
#501 = ORIENTED_EDGE ( 'NONE', *, *, #4985, .T. ) ;
#502 = CARTESIAN_POINT ( 'NONE',  ( 13.09934002340144055, 37.04721112982091569, 40.43247558078205373 ) ) ;
#503 = DIRECTION ( 'NONE',  ( 0.000000000000000000, 1.000000000000000000, -0.000000000000000000 ) ) ;
#504 =( BOUNDED_CURVE ( )  B_SPLINE_CURVE ( 3, ( #1953, #4281, #5716, #4062 ),
 .UNSPECIFIED., .F., .T. ) 
 B_SPLINE_CURVE_WITH_KNOTS ( ( 4, 4 ),
 ( 1.570796326794896558, 4.712388980384690562 ),
 .UNSPECIFIED. ) 
 CURVE ( )  GEOMETRIC_REPRESENTATION_ITEM ( )  RATIONAL_B_SPLINE_CURVE ( ( 1.000000000000000000, 0.3333333333333330373, 0.3333333333333330373, 1.000000000000000000 ) ) 
 REPRESENTATION_ITEM ( '' )  );
#505 = LINE ( 'NONE', #7929, #8582 ) ;
#506 = ORIENTED_EDGE ( 'NONE', *, *, #1334, .F. ) ;
#507 = VECTOR ( 'NONE', #4762, 1000.000000000000000 ) ;
#508 = CARTESIAN_POINT ( 'NONE',  ( 0.000000000000000000, 56.13861379461851442, -4.699999999999999289 ) ) ;
#509 = ORIENTED_EDGE ( 'NONE', *, *, #8555, .T. ) ;
#510 = EDGE_CURVE ( 'NONE', #409, #2605, #8465, .T. ) ;
#511 = VERTEX_POINT ( 'NONE', #8516 ) ;
#512 = AXIS2_PLACEMENT_3D ( 'NONE', #1526, #2071, #4540 ) ;
#513 = CARTESIAN_POINT ( 'NONE',  ( 2.069653090559026923E-15, 2.000000000000029310, 16.89999999999999858 ) ) ;
#514 = CARTESIAN_POINT ( 'NONE',  ( 0.000000000000000000, 82.00000000000000000, 0.000000000000000000 ) ) ;
#515 = ORIENTED_EDGE ( 'NONE', *, *, #96, .F. ) ;
#516 = CARTESIAN_POINT ( 'NONE',  ( 47.00000000000000711, 39.99999999999999289, 5.999999999999984901 ) ) ;
#517 = CIRCLE ( 'NONE', #7456, 4.999999999995917932 ) ;
#518 = CARTESIAN_POINT ( 'NONE',  ( 0.000000000000000000, 88.00000000000024158, -182.4999999999997158 ) ) ;
#519 = CIRCLE ( 'NONE', #8408, 4.499999999999998224 ) ;
#520 =( REPRESENTATION_RELATIONSHIP ('NONE','NONE', #7863, #6533 ) REPRESENTATION_RELATIONSHIP_WITH_TRANSFORMATION ( #1178 )SHAPE_REPRESENTATION_RELATIONSHIP( ) );
#521 = DIRECTION ( 'NONE',  ( 0.000000000000000000, 0.000000000000000000, 1.000000000000000000 ) ) ;
#522 = CARTESIAN_POINT ( 'NONE',  ( 28.64792046032368944, 7.701737560465632626, 24.96606083414427601 ) ) ;
#523 = CARTESIAN_POINT ( 'NONE',  ( -6.735557395310464703E-15, -15.99999999999225686, -463.5000000000009095 ) ) ;
#524 = ORIENTED_EDGE ( 'NONE', *, *, #5573, .F. ) ;
#525 = EDGE_CURVE ( 'NONE', #7034, #6482, #4931, .T. ) ;
#526 = VERTEX_POINT ( 'NONE', #8559 ) ;
#527 = CIRCLE ( 'NONE', #6053, 30.00000000000000000 ) ;
#528 = DIRECTION ( 'NONE',  ( 8.881784197001254296E-16, 1.000000000000000000, 7.195889974422311904E-15 ) ) ;
#529 = EDGE_CURVE ( 'NONE', #4444, #6049, #9521, .T. ) ;
#530 = CIRCLE ( 'NONE', #4314, 36.00000000000000000 ) ;
#531 = CIRCLE ( 'NONE', #6057, 36.00000000000000000 ) ;
#532 = LINE ( 'NONE', #4337, #1879 ) ;
#533 = ORIENTED_EDGE ( 'NONE', *, *, #5715, .T. ) ;
#534 = CARTESIAN_POINT ( 'NONE',  ( -38.89087296526010817, 82.89087296526356852, -448.4999999999994884 ) ) ;
#535 = FACE_OUTER_BOUND ( 'NONE', #1215, .T. ) ;
#536 = VECTOR ( 'NONE', #4366, 1000.000000000000000 ) ;
#537 = DIRECTION ( 'NONE',  ( 0.000000000000000000, 1.000000000000000000, 0.000000000000000000 ) ) ;
#538 = AXIS2_PLACEMENT_3D ( 'NONE', #5978, #7550, #8937 ) ;
#539 = EDGE_CURVE ( 'NONE', #7105, #7264, #6885, .T. ) ;
#540 = CARTESIAN_POINT ( 'NONE',  ( -5.347121281511660662, 42.61907945319339319, -42.16555182257544487 ) ) ;
#541 = CARTESIAN_POINT ( 'NONE',  ( 36.00000000000000000, 44.00000000000130740, -334.5000000000000000 ) ) ;
#542 = PLANE ( 'NONE',  #1398 ) ;
#543 = CIRCLE ( 'NONE', #6072, 4.999999999997658762 ) ;
#544 = CARTESIAN_POINT ( 'NONE',  ( -6.845972144310380259, 42.02248279706391543, 41.94803234359572031 ) ) ;
#545 = ORIENTED_EDGE ( 'NONE', *, *, #5884, .T. ) ;
#546 = DIRECTION ( 'NONE',  ( 1.000000000000000000, -1.776356839400250465E-15, 0.000000000000000000 ) ) ;
#547 = DIRECTION ( 'NONE',  ( 0.000000000000000000, 6.982962677686266711E-15, -1.000000000000000000 ) ) ;
#548 = ORIENTED_EDGE ( 'NONE', *, *, #143, .F. ) ;
#549 = CARTESIAN_POINT ( 'NONE',  ( 47.00000000000000711, 39.99999999999999289, -19.00000000000000000 ) ) ;
#550 = DIRECTION ( 'NONE',  ( 3.345837650235811410E-16, -7.269154990488306760E-18, 0.9999999999999998890 ) ) ;
#551 = CARTESIAN_POINT ( 'NONE',  ( -24.91987158875423347, 30.00000000000000000, 9.000000000000005329 ) ) ;
#552 = AXIS2_PLACEMENT_3D ( 'NONE', #2980, #5244, #5800 ) ;
#553 = CARTESIAN_POINT ( 'NONE',  ( -42.89579902271704270, 43.28336078182639568, 5.242718331025518097 ) ) ;
#554 = DIRECTION ( 'NONE',  ( 0.000000000000000000, -1.000000000000000000, 0.000000000000000000 ) ) ;
#555 = ORIENTED_EDGE ( 'NONE', *, *, #1876, .T. ) ;
#556 = DIRECTION ( 'NONE',  ( -0.000000000000000000, 1.000000000000000000, 0.000000000000000000 ) ) ;
#557 = EDGE_CURVE ( 'NONE', #2890, #9126, #1297, .T. ) ;
#558 = EDGE_CURVE ( 'NONE', #4237, #6070, #3984, .T. ) ;
#559 = DIRECTION ( 'NONE',  ( 0.000000000000000000, -0.000000000000000000, 1.000000000000000000 ) ) ;
#560 = CIRCLE ( 'NONE', #2293, 42.49999999999999289 ) ;
#561 = AXIS2_PLACEMENT_3D ( 'NONE', #8419, #5463, #2501 ) ;
#562 = LINE ( 'NONE', #3534, #4017 ) ;
#563 = DIRECTION ( 'NONE',  ( 0.000000000000000000, 0.000000000000000000, 1.000000000000000000 ) ) ;
#564 = ORIENTED_EDGE ( 'NONE', *, *, #6548, .T. ) ;
#565 = ORIENTED_EDGE ( 'NONE', *, *, #8469, .F. ) ;
#566 = CARTESIAN_POINT ( 'NONE',  ( 36.18439834249960541, 13.60861493643324138, -22.29490734873242985 ) ) ;
#567 = CARTESIAN_POINT ( 'NONE',  ( -16.95757667148770764, 48.28588414523898820, -9.000000000000000000 ) ) ;
#568 = VERTEX_POINT ( 'NONE', #4659 ) ;
#569 = AXIS2_PLACEMENT_3D ( 'NONE', #6459, #1108, #1209 ) ;
#570 = CYLINDRICAL_SURFACE ( 'NONE', #9732, 39.50000000000000000 ) ;
#571 = CIRCLE ( 'NONE', #9096, 39.50000000000000000 ) ;
#572 = LINE ( 'NONE', #2001, #3366 ) ;
#573 = EDGE_CURVE ( 'NONE', #3750, #2270, #6520, .T. ) ;
#574 = CARTESIAN_POINT ( 'NONE',  ( 26.99999999999999645, 0.000000000000000000, -19.00000000000000000 ) ) ;
#575 = EDGE_CURVE ( 'NONE', #1062, #8184, #2244, .T. ) ;
#576 = CARTESIAN_POINT ( 'NONE',  ( 36.00000000000000000, 4.408728476930470856E-15, 19.00000000000000000 ) ) ;
#577 = DIRECTION ( 'NONE',  ( 0.000000000000000000, 0.000000000000000000, 1.000000000000000000 ) ) ;
#578 = VERTEX_POINT ( 'NONE', #7321 ) ;
#579 = AXIS2_PLACEMENT_3D ( 'NONE', #6869, #3816, #1679 ) ;
#580 = EDGE_LOOP ( 'NONE', ( #6786, #3256, #7700, #8859 ) ) ;
#581 = DIRECTION ( 'NONE',  ( -0.000000000000000000, -1.000000000000000000, -0.000000000000000000 ) ) ;
#582 = CARTESIAN_POINT ( 'NONE',  ( 0.000000000000000000, 82.69999999999998863, 0.000000000000000000 ) ) ;
#583 = ORIENTED_EDGE ( 'NONE', *, *, #5798, .F. ) ;
#584 = FACE_OUTER_BOUND ( 'NONE', #3512, .T. ) ;
#585 = DIRECTION ( 'NONE',  ( 0.000000000000000000, 1.396592535537253342E-14, -1.000000000000000000 ) ) ;
#586 = EDGE_CURVE ( 'NONE', #9239, #8431, #9500, .T. ) ;
#587 = VECTOR ( 'NONE', #973, 1000.000000000000000 ) ;
#588 = DIRECTION ( 'NONE',  ( 0.000000000000000000, 0.000000000000000000, 1.000000000000000000 ) ) ;
#589 = CARTESIAN_POINT ( 'NONE',  ( 0.000000000000000000, 44.00000000000049738, -217.5000000000000568 ) ) ;
#590 = DIRECTION ( 'NONE',  ( -0.9588197348681938292, 0.2840153447039201473, 1.983268551957674146E-15 ) ) ;
#591 = DIRECTION ( 'NONE',  ( 1.000000000000000000, 0.000000000000000000, 0.000000000000000000 ) ) ;
#592 = VECTOR ( 'NONE', #4840, 1000.000000000000000 ) ;
#593 = ADVANCED_FACE ( 'NONE', ( #7922 ), #5887, .F. ) ;
#594 = ADVANCED_FACE ( 'NONE', ( #8696 ), #4897, .T. ) ;
#595 = VERTEX_POINT ( 'NONE', #7174 ) ;
#596 = AXIS2_PLACEMENT_3D ( 'NONE', #6275, #9482, #7853 ) ;
#597 = DIRECTION ( 'NONE',  ( -0.000000000000000000, -1.396592535537253342E-14, 1.000000000000000000 ) ) ;
#598 =( REPRESENTATION_RELATIONSHIP ('NONE','NONE', #7863, #6533 ) REPRESENTATION_RELATIONSHIP_WITH_TRANSFORMATION ( #6631 )SHAPE_REPRESENTATION_RELATIONSHIP( ) );
#599 = FACE_OUTER_BOUND ( 'NONE', #7134, .T. ) ;
#600 = VERTEX_POINT ( 'NONE', #6440 ) ;
#601 = FACE_OUTER_BOUND ( 'NONE', #9446, .T. ) ;
#602 = DIRECTION ( 'NONE',  ( 0.5082622101413946103, 1.094448640144244709E-16, -0.8612023721182989755 ) ) ;
#603 = CARTESIAN_POINT ( 'NONE',  ( -34.36931771216878673, 6.755772121541200548, -25.00000000000000000 ) ) ;
#604 = AXIS2_PLACEMENT_3D ( 'NONE', #2783, #8745, #5795 ) ;
#605 = CARTESIAN_POINT ( 'NONE',  ( -46.14815601432714232, 40.68147518853773192, 4.003848497544427509 ) ) ;
#606 = CARTESIAN_POINT ( 'NONE',  ( 59.49561676565052437, 26.16163204501988204, -9.000000000000015987 ) ) ;
#607 = EDGE_LOOP ( 'NONE', ( #1712, #1103, #1351, #524 ) ) ;
#608 = DIRECTION ( 'NONE',  ( 1.000000000000000000, -3.552713678800500929E-15, 0.000000000000000000 ) ) ;
#609 = AXIS2_PLACEMENT_3D ( 'NONE', #5685, #590, #2068 ) ;
#610 = CYLINDRICAL_SURFACE ( 'NONE', #2622, 80.00000000000000000 ) ;
#611 = CARTESIAN_POINT ( 'NONE',  ( 0.000000000000000000, 0.000000000000000000, -42.49999999999999289 ) ) ;
#612 = AXIS2_PLACEMENT_3D ( 'NONE', #4645, #95, #6330 ) ;
#613 = DIRECTION ( 'NONE',  ( 0.000000000000000000, 1.396592535537253342E-14, -1.000000000000000000 ) ) ;
#614 = EDGE_LOOP ( 'NONE', ( #1729, #5487 ) ) ;
#615 = ORIENTED_EDGE ( 'NONE', *, *, #5305, .F. ) ;
#616 = CARTESIAN_POINT ( 'NONE',  ( -35.37782300511270961, 6.796919414599194909, 9.080507977798696118 ) ) ;
#617 = AXIS2_PLACEMENT_3D ( 'NONE', #7716, #7113, #889 ) ;
#618 = FACE_OUTER_BOUND ( 'NONE', #2355, .T. ) ;
#619 = EDGE_CURVE ( 'NONE', #7238, #1945, #6960, .T. ) ;
#620 = ORIENTED_EDGE ( 'NONE', *, *, #3603, .F. ) ;
#621 = DIRECTION ( 'NONE',  ( -1.000000000000000000, -2.584927402981198400E-16, 0.000000000000000000 ) ) ;
#622 = VECTOR ( 'NONE', #8682, 1000.000000000000000 ) ;
#623 = CARTESIAN_POINT ( 'NONE',  ( 30.00000000000000000, 3.673940397442059178E-15, -53.50000000000000000 ) ) ;
#624 = CARTESIAN_POINT ( 'NONE',  ( -16.47332952644586967, 25.91577721115660182, 39.17758024109433279 ) ) ;
#625 = AXIS2_PLACEMENT_3D ( 'NONE', #2835, #2685, #8112 ) ;
#626 = CARTESIAN_POINT ( 'NONE',  ( 8.068490273205012997, 5.983458315868170452, 37.14011923704707385 ) ) ;
#627 = ORIENTED_EDGE ( 'NONE', *, *, #772, .T. ) ;
#628 = CARTESIAN_POINT ( 'NONE',  ( 64.56989347527186851, 91.23059238027872198, 7.500000000000000000 ) ) ;
#629 = VERTEX_POINT ( 'NONE', #497 ) ;
#630 = ORIENTED_EDGE ( 'NONE', *, *, #2798, .T. ) ;
#631 = TOROIDAL_SURFACE ( 'NONE', #1417, 30.00000000000000000, 3.000000000000000000 ) ;
#632 = CARTESIAN_POINT ( 'NONE',  ( 4.776122516674677878E-15, 5.000000000000275335, -185.5000000000003126 ) ) ;
#633 = EDGE_CURVE ( 'NONE', #2270, #5465, #3522, .T. ) ;
#634 = ADVANCED_FACE ( 'NONE', ( #3575 ), #9683, .F. ) ;
#635 = LINE ( 'NONE', #6020, #3631 ) ;
#636 = ORIENTED_EDGE ( 'NONE', *, *, #3054, .T. ) ;
#637 = CARTESIAN_POINT ( 'NONE',  ( 28.61817604250836311, 7.701505793815496048, -24.99999999999999645 ) ) ;
#638 = CYLINDRICAL_SURFACE ( 'NONE', #538, 3.000000000000001332 ) ;
#639 = CARTESIAN_POINT ( 'NONE',  ( -8.744116425340580534, 12.99720221852226132, -41.59325396106926576 ) ) ;
#640 = DIRECTION ( 'NONE',  ( 0.000000000000000000, -1.000000000000000000, -6.982962677686265922E-15 ) ) ;
#641 = CARTESIAN_POINT ( 'NONE',  ( 35.33905490542223760, 18.25618843314568451, -13.99702298371101250 ) ) ;
#642 = EDGE_CURVE ( 'NONE', #1284, #7028, #8560, .T. ) ;
#643 = CARTESIAN_POINT ( 'NONE',  ( 4.592425496802574367E-15, 8.000000000003414158, -445.5000000000005684 ) ) ;
#644 = CARTESIAN_POINT ( 'NONE',  ( -47.00000000000000711, 38.55812545754030651, 0.000000000000000000 ) ) ;
#645 = ORIENTED_EDGE ( 'NONE', *, *, #9296, .T. ) ;
#646 = DIRECTION ( 'NONE',  ( 0.000000000000000000, -0.000000000000000000, -1.000000000000000000 ) ) ;
#647 = CARTESIAN_POINT ( 'NONE',  ( 0.000000000000000000, 55.29999999999999716, 0.000000000000000000 ) ) ;
#648 = ORIENTED_EDGE ( 'NONE', *, *, #4034, .T. ) ;
#649 = EDGE_CURVE ( 'NONE', #7983, #6311, #2564, .T. ) ;
#650 = PLANE ( 'NONE',  #1077 ) ;
#651 = DIRECTION ( 'NONE',  ( 0.8883570378811072032, -1.813956888863894026E-17, 0.4591533221562327238 ) ) ;
#652 = PLANE ( 'NONE',  #7949 ) ;
#653 = CARTESIAN_POINT ( 'NONE',  ( -39.87408514266328297, 45.70073188586939494, -9.000000000000000000 ) ) ;
#654 = CARTESIAN_POINT ( 'NONE',  ( 38.00000000000002842, -95.70788891204317395, -9.000000000000012434 ) ) ;
#655 = VERTEX_POINT ( 'NONE', #8065 ) ;
#656 = DIRECTION ( 'NONE',  ( -0.000000000000000000, -1.396592535537253342E-14, 1.000000000000000000 ) ) ;
#657 = FACE_OUTER_BOUND ( 'NONE', #5511, .T. ) ;
#658 = DIRECTION ( 'NONE',  ( -0.000000000000000000, 0.000000000000000000, 1.000000000000000000 ) ) ;
#659 = DIRECTION ( 'NONE',  ( 1.000000000000000000, 1.224646799147353207E-16, 8.551662891793917213E-31 ) ) ;
#660 = ORIENTED_EDGE ( 'NONE', *, *, #1616, .T. ) ;
#661 = VERTEX_POINT ( 'NONE', #8654 ) ;
#662 = CARTESIAN_POINT ( 'NONE',  ( 4.837354856632045452E-15, 82.69999999999998863, -39.50000000000000000 ) ) ;
#663 = CARTESIAN_POINT ( 'NONE',  ( 5.229452952686908240, 48.89660544323204761, 37.64567218285250050 ) ) ;
#664 = ORIENTED_EDGE ( 'NONE', *, *, #378, .F. ) ;
#665 = CARTESIAN_POINT ( 'NONE',  ( 16.53687776098878004, 185.9428156621834205, -9.000000000000000000 ) ) ;
#666 = FACE_BOUND ( 'NONE', #7840, .T. ) ;
#667 = CARTESIAN_POINT ( 'NONE',  ( 64.56989347527186851, -3.230592380278479503, -182.5000000000003695 ) ) ;
#668 = CARTESIAN_POINT ( 'NONE',  ( 16.93736896258690194, 12.11919143192483617, 34.03490371580522833 ) ) ;
#669 = VERTEX_POINT ( 'NONE', #9553 ) ;
#670 = CARTESIAN_POINT ( 'NONE',  ( -38.00000000000000000, 43.35812545754029657, -5.999999999999999112 ) ) ;
#671 = ORIENTED_EDGE ( 'NONE', *, *, #8959, .F. ) ;
#672 = ORIENTED_EDGE ( 'NONE', *, *, #6705, .T. ) ;
#673 = CARTESIAN_POINT ( 'NONE',  ( -35.61183127810998172, 5.447521708497828463, 9.128065913155841926 ) ) ;
#674 = CARTESIAN_POINT ( 'NONE',  ( -16.95757667148770764, 48.28588414523898820, 9.000000000000000000 ) ) ;
#675 = VERTEX_POINT ( 'NONE', #8849 ) ;
#676 = AXIS2_PLACEMENT_3D ( 'NONE', #9271, #8521, #7636 ) ;
#677 = CARTESIAN_POINT ( 'NONE',  ( 31.86681925807072346, 14.97980075783326903, -20.70420291268114354 ) ) ;
#678 = CIRCLE ( 'NONE', #2089, 27.00000000000000000 ) ;
#679 = CARTESIAN_POINT ( 'NONE',  ( 15.43551997799634812, 32.85530295445303750, -39.59853544598395558 ) ) ;
#680 = CARTESIAN_POINT ( 'NONE',  ( 64.56989347527186851, 91.23059238028058360, -334.4999999999994316 ) ) ;
#681 = EDGE_CURVE ( 'NONE', #8690, #6975, #4999, .T. ) ;
#682 = AXIS2_PLACEMENT_3D ( 'NONE', #1196, #4218, #5750 ) ;
#683 = AXIS2_PLACEMENT_3D ( 'NONE', #5086, #1335, #1485 ) ;
#684 = DIRECTION ( 'NONE',  ( -1.000000000000000000, 0.000000000000000000, 0.000000000000000000 ) ) ;
#685 = CARTESIAN_POINT ( 'NONE',  ( -15.62054497217582316, 32.34263899880647841, -39.52566042134843372 ) ) ;
#686 = CARTESIAN_POINT ( 'NONE',  ( 33.15225502384995337, 16.20174071834880536, 18.59102390097199020 ) ) ;
#687 = CARTESIAN_POINT ( 'NONE',  ( -5.478074134663603219E-16, -1.416042394625445253E-31, 8.999999999999992895 ) ) ;
#688 = DIRECTION ( 'NONE',  ( 0.000000000000000000, 1.000000000000000000, 1.387778780781445676E-14 ) ) ;
#689 = AXIS2_PLACEMENT_3D ( 'NONE', #2693, #7185, #4221 ) ;
#690 = PRESENTATION_LAYER_ASSIGNMENT (  '', '', ( #8257 ) ) ;
#691 = EDGE_LOOP ( 'NONE', ( #7743, #4209, #4839, #2318, #1897 ) ) ;
#692 = EDGE_CURVE ( 'NONE', #1582, #8079, #9358, .T. ) ;
#693 = DIRECTION ( 'NONE',  ( 0.000000000000000000, -1.000000000000000000, -1.110223024625155594E-14 ) ) ;
#694 = VECTOR ( 'NONE', #3004, 1000.000000000000000 ) ;
#695 = DIRECTION ( 'NONE',  ( -0.2840153447039201473, -0.9588197348681938292, -6.695402423213638926E-15 ) ) ;
#696 = ORIENTED_EDGE ( 'NONE', *, *, #2531, .T. ) ;
#697 = CARTESIAN_POINT ( 'NONE',  ( 4.837354856632045452E-15, 55.29999999999999716, -39.50000000000000000 ) ) ;
#698 = CARTESIAN_POINT ( 'NONE',  ( 2.632655892045232118E-13, 282.9319541335540293, 91.00000000000002842 ) ) ;
#699 = CARTESIAN_POINT ( 'NONE',  ( -38.00000000000000000, 30.00000000000000000, 0.000000000000000000 ) ) ;
#700 = DIRECTION ( 'NONE',  ( -2.584927402981196428E-16, 1.000000000000000000, 0.000000000000000000 ) ) ;
#701 = ORIENTED_EDGE ( 'NONE', *, *, #3648, .F. ) ;
#702 = DIRECTION ( 'NONE',  ( 0.000000000000000000, -0.000000000000000000, -1.000000000000000000 ) ) ;
#703 = EDGE_CURVE ( 'NONE', #2164, #2052, #5788, .T. ) ;
#704 = DIRECTION ( 'NONE',  ( 1.000000000000000000, 0.000000000000000000, 0.000000000000000000 ) ) ;
#705 = ADVANCED_FACE ( 'NONE', ( #8796 ), #6389, .T. ) ;
#706 = DIRECTION ( 'NONE',  ( 0.000000000000000000, -0.000000000000000000, 1.000000000000000000 ) ) ;
#707 = FACE_OUTER_BOUND ( 'NONE', #8649, .T. ) ;
#708 = EDGE_LOOP ( 'NONE', ( #8530, #949, #2926, #4598 ) ) ;
#709 = CIRCLE ( 'NONE', #7498, 30.00000000000000000 ) ;
#710 = EDGE_LOOP ( 'NONE', ( #5491, #2402 ) ) ;
#711 = CARTESIAN_POINT ( 'NONE',  ( 14.07924940760485910, 44.55433411580417413, 35.29680691129435388 ) ) ;
#712 = VERTEX_POINT ( 'NONE', #1986 ) ;
#713 = DIRECTION ( 'NONE',  ( -0.000000000000000000, -1.000000000000000000, -0.000000000000000000 ) ) ;
#714 = CARTESIAN_POINT ( 'NONE',  ( -38.89087296526010817, 82.89087296526356852, -448.4999999999994884 ) ) ;
#715 = CIRCLE ( 'NONE', #1974, 30.00000000000000000 ) ;
#716 = AXIS2_PLACEMENT_3D ( 'NONE', #5514, #2447, #1009 ) ;
#717 = EDGE_CURVE ( 'NONE', #595, #8308, #5578, .T. ) ;
#718 = CARTESIAN_POINT ( 'NONE',  ( -0.5443663989700444628, 10.49999999999999467, 42.49999999999999289 ) ) ;
#719 = EDGE_CURVE ( 'NONE', #3338, #4060, #7554, .T. ) ;
#720 = CARTESIAN_POINT ( 'NONE',  ( 21.60166559828730826, 20.69467435522500054, 31.26317272851254714 ) ) ;
#721 = VERTEX_POINT ( 'NONE', #1438 ) ;
#722 = CARTESIAN_POINT ( 'NONE',  ( -7.358861853373529271, 5.734141192469498272, -37.28237719359982805 ) ) ;
#723 = ORIENTED_EDGE ( 'NONE', *, *, #2494, .F. ) ;
#724 = ORIENTED_EDGE ( 'NONE', *, *, #8553, .T. ) ;
#725 = AXIS2_PLACEMENT_3D ( 'NONE', #3941, #164, #8321 ) ;
#726 = DIRECTION ( 'NONE',  ( 0.000000000000000000, 0.000000000000000000, 1.000000000000000000 ) ) ;
#727 = VERTEX_POINT ( 'NONE', #4549 ) ;
#728 = DIRECTION ( 'NONE',  ( -0.000000000000000000, 1.000000000000000000, -0.000000000000000000 ) ) ;
#729 = CARTESIAN_POINT ( 'NONE',  ( 5.840710919383436561, 42.44124336771909611, -42.09981014711795666 ) ) ;
#730 = CARTESIAN_POINT ( 'NONE',  ( -16.36379813322565724, 24.81429062273667085, -39.22345735239152020 ) ) ;
#731 = AXIS2_PLACEMENT_3D ( 'NONE', #7513, #8999, #740 ) ;
#732 = CARTESIAN_POINT ( 'NONE',  ( 41.83809966381866730, 44.12952026894156887, 8.355948907050061436 ) ) ;
#733 = CARTESIAN_POINT ( 'NONE',  ( -7.358277410830254439, 41.80791095314017269, -41.87031607278651535 ) ) ;
#734 = DIRECTION ( 'NONE',  ( 0.000000000000000000, 0.000000000000000000, -1.000000000000000000 ) ) ;
#735 = CARTESIAN_POINT ( 'NONE',  ( -36.00000000000000000, 44.00000000000345324, -448.5000000000000568 ) ) ;
#736 = DIRECTION ( 'NONE',  ( 0.000000000000000000, 0.000000000000000000, -1.000000000000000000 ) ) ;
#737 = EDGE_CURVE ( 'NONE', #6450, #9015, #204, .T. ) ;
#738 = CIRCLE ( 'NONE', #5931, 8.000000000000000000 ) ;
#739 = VERTEX_POINT ( 'NONE', #45 ) ;
#740 = DIRECTION ( 'NONE',  ( -1.000000000000000000, 0.000000000000000000, 2.478176394252581634E-16 ) ) ;
#741 = AXIS2_PLACEMENT_3D ( 'NONE', #1611, #4621, #3902 ) ;
#742 = CARTESIAN_POINT ( 'NONE',  ( -22.50000000000000355, 27.00000000000000000, 30.62270399556511791 ) ) ;
#743 = ORIENTED_EDGE ( 'NONE', *, *, #8990, .F. ) ;
#744 = DIRECTION ( 'NONE',  ( -1.000000000000000000, 0.000000000000000000, -0.000000000000000000 ) ) ;
#745 = SHAPE_DEFINITION_REPRESENTATION ( #1126, #5885 ) ;
#746 = CARTESIAN_POINT ( 'NONE',  ( -34.36931771216879383, 9.184850993605148733E-15, -25.00000000000000000 ) ) ;
#747 = EDGE_CURVE ( 'NONE', #39, #4774, #7419, .T. ) ;
#748 = DIRECTION ( 'NONE',  ( 2.584927402981196428E-16, -1.000000000000000000, -0.000000000000000000 ) ) ;
#749 = VECTOR ( 'NONE', #7300, 1000.000000000000000 ) ;
#750 = VERTEX_POINT ( 'NONE', #1489 ) ;
#751 = CARTESIAN_POINT ( 'NONE',  ( -6.735557395310464703E-15, -15.99999999999225686, -463.5000000000009095 ) ) ;
#752 = LINE ( 'NONE', #4365, #3412 ) ;
#753 = DIRECTION ( 'NONE',  ( -0.000000000000000000, 6.982962677686266711E-15, -1.000000000000000000 ) ) ;
#754 = DIRECTION ( 'NONE',  ( 0.000000000000000000, 1.396592535537253342E-14, -1.000000000000000000 ) ) ;
#755 = VERTEX_POINT ( 'NONE', #5145 ) ;
#756 = ORIENTED_EDGE ( 'NONE', *, *, #3515, .F. ) ;
#757 = CIRCLE ( 'NONE', #7710, 4.999999999997658762 ) ;
#758 = DIRECTION ( 'NONE',  ( -0.000000000000000000, -0.000000000000000000, -1.000000000000000000 ) ) ;
#759 = EDGE_CURVE ( 'NONE', #2458, #3833, #6046, .T. ) ;
#760 = VERTEX_POINT ( 'NONE', #8160 ) ;
#761 = DIRECTION ( 'NONE',  ( 0.000000000000000000, 1.000000000000000000, 0.000000000000000000 ) ) ;
#762 = DIRECTION ( 'NONE',  ( 1.000000000000000000, -1.224646799147353207E-16, -8.551662891793917213E-31 ) ) ;
#763 = AXIS2_PLACEMENT_3D ( 'NONE', #7413, #3008, #6019 ) ;
#764 = CARTESIAN_POINT ( 'NONE',  ( -16.28488164604751631, 24.28857392938554227, 39.25641585402054545 ) ) ;
#765 = CARTESIAN_POINT ( 'NONE',  ( -45.12591485733673125, 37.65739357167090162, 5.999999999999998224 ) ) ;
#766 = EDGE_LOOP ( 'NONE', ( #3368, #394, #4609, #6254 ) ) ;
#767 = AXIS2_PLACEMENT_3D ( 'NONE', #8836, #484, #1175 ) ;
#768 = PLANE ( 'NONE',  #384 ) ;
#769 = VERTEX_POINT ( 'NONE', #746 ) ;
#770 = ORIENTED_EDGE ( 'NONE', *, *, #8638, .T. ) ;
#771 = FACE_OUTER_BOUND ( 'NONE', #8388, .T. ) ;
#772 = EDGE_CURVE ( 'NONE', #6226, #228, #3783, .T. ) ;
#773 = PLANE ( 'NONE',  #9109 ) ;
#774 = ORIENTED_EDGE ( 'NONE', *, *, #6023, .T. ) ;
#775 = AXIS2_PLACEMENT_3D ( 'NONE', #5132, #7454, #8888 ) ;
#776 = ADVANCED_FACE ( 'NONE', ( #6642, #794 ), #652, .F. ) ;
#777 = FACE_BOUND ( 'NONE', #21, .T. ) ;
#778 = TOROIDAL_SURFACE ( 'NONE', #1086, 39.00000000000000000, 3.000000000000000000 ) ;
#779 = DIRECTION ( 'NONE',  ( -0.000000000000000000, 1.396592535537253342E-14, -1.000000000000000000 ) ) ;
#780 = AXIS2_PLACEMENT_3D ( 'NONE', #5986, #9591, #8295 ) ;
#781 = CARTESIAN_POINT ( 'NONE',  ( 40.35573096249572700, 42.10173561087719207, 8.765754088663575416 ) ) ;
#782 = CARTESIAN_POINT ( 'NONE',  ( -38.00000000000000000, 0.000000000000000000, 0.000000000000000000 ) ) ;
#783 = PRODUCT_DEFINITION_FORMATION_WITH_SPECIFIED_SOURCE ( 'ANY', '', #1294, .NOT_KNOWN. ) ;
#784 = DIRECTION ( 'NONE',  ( -1.000000000000000000, 0.000000000000000000, 0.000000000000000000 ) ) ;
#785 = DIRECTION ( 'NONE',  ( -1.224646799147353454E-16, 1.000000000000000000, 0.000000000000000000 ) ) ;
#786 = CARTESIAN_POINT ( 'NONE',  ( 0.000000000000000000, 2.709389518942276229E-12, -395.5000000000006821 ) ) ;
#787 = APPLICATION_CONTEXT ( 'automotive_design' ) ;
#788 = ORIENTED_EDGE ( 'NONE', *, *, #4579, .T. ) ;
#789 = DIRECTION ( 'NONE',  ( 0.000000000000000000, 0.000000000000000000, 1.000000000000000000 ) ) ;
#790 = CARTESIAN_POINT ( 'NONE',  ( -22.34580446989444624, 30.02320378918928157, 30.73757103608779317 ) ) ;
#791 = ORIENTED_EDGE ( 'NONE', *, *, #6089, .F. ) ;
#792 = DIRECTION ( 'NONE',  ( -1.000000000000000000, 0.000000000000000000, 0.000000000000000000 ) ) ;
#793 = APPLICATION_PROTOCOL_DEFINITION ( 'draft international standard', 'automotive_design', 1998, #8049 ) ;
#794 = FACE_OUTER_BOUND ( 'NONE', #8397, .T. ) ;
#795 = CARTESIAN_POINT ( 'NONE',  ( -34.46221800625678355, 8.581455290019428972, -24.87359058957516211 ) ) ;
#796 = ORIENTED_EDGE ( 'NONE', *, *, #3132, .F. ) ;
#797 = CARTESIAN_POINT ( 'NONE',  ( 0.000000000000000000, 55.29999999999999716, -42.49999999999999289 ) ) ;
#798 = CARTESIAN_POINT ( 'NONE',  ( 38.00000000000000000, 8.774964387392142129, -9.000000000000012434 ) ) ;
#799 = ADVANCED_FACE ( 'NONE', ( #3821 ), #6524, .F. ) ;
#800 = EDGE_CURVE ( 'NONE', #9372, #377, #5261, .T. ) ;
#801 = DIRECTION ( 'NONE',  ( 0.000000000000000000, 1.000000000000000000, 1.110223024625155594E-14 ) ) ;
#802 = LINE ( 'NONE', #5355, #7157 ) ;
#803 = ORIENTED_EDGE ( 'NONE', *, *, #1607, .T. ) ;
#804 = ORIENTED_EDGE ( 'NONE', *, *, #1430, .F. ) ;
#805 =( NAMED_UNIT ( * ) SI_UNIT ( $, .STERADIAN. ) SOLID_ANGLE_UNIT ( ) );
#806 = DIRECTION ( 'NONE',  ( -1.000000000000000000, 0.000000000000000000, 0.000000000000000000 ) ) ;
#807 = EDGE_LOOP ( 'NONE', ( #4513, #2744 ) ) ;
#808 = CARTESIAN_POINT ( 'NONE',  ( -33.07375552197755297, 170.6856313243669092, -8.999999999999998224 ) ) ;
#809 = ORIENTED_EDGE ( 'NONE', *, *, #5363, .T. ) ;
#810 = CARTESIAN_POINT ( 'NONE',  ( 38.00000000000000000, 8.774964387392145682, -12.00000000000000000 ) ) ;
#811 = CARTESIAN_POINT ( 'NONE',  ( -64.56989347527186851, -3.230592380277680586, -296.5000000000003979 ) ) ;
#812 = EDGE_CURVE ( 'NONE', #428, #5096, #4358, .T. ) ;
#813 = CARTESIAN_POINT ( 'NONE',  ( 22.19671406479424292, 23.24310270394097344, 30.84379017646236321 ) ) ;
#814 = VERTEX_POINT ( 'NONE', #603 ) ;
#815 = ADVANCED_FACE ( 'NONE', ( #5946 ), #2979, .F. ) ;
#816 = CARTESIAN_POINT ( 'NONE',  ( 0.000000000000000000, 0.000000000000000000, -7.500000000000000000 ) ) ;
#817 = ORIENTED_EDGE ( 'NONE', *, *, #9039, .F. ) ;
#818 = ORIENTED_EDGE ( 'NONE', *, *, #3324, .F. ) ;
#819 = SURFACE_SIDE_STYLE ('',( #6949 ) ) ;
#820 = DIRECTION ( 'NONE',  ( -0.000000000000000000, -0.000000000000000000, -1.000000000000000000 ) ) ;
#821 = ORIENTED_EDGE ( 'NONE', *, *, #6763, .T. ) ;
#822 = DIRECTION ( 'NONE',  ( -1.000000000000000000, 0.000000000000000000, 0.000000000000000000 ) ) ;
#823 = CARTESIAN_POINT ( 'NONE',  ( -2.711489816462050673, 10.71511664042652434, -42.41683047668042406 ) ) ;
#824 = EDGE_CURVE ( 'NONE', #2953, #6663, #1471, .T. ) ;
#825 = EDGE_CURVE ( 'NONE', #7730, #5415, #4647, .T. ) ;
#826 = CARTESIAN_POINT ( 'NONE',  ( 44.67208619510552836, 41.86233104391557447, 3.687280321797210991 ) ) ;
#827 = ORIENTED_EDGE ( 'NONE', *, *, #3492, .T. ) ;
#828 = CARTESIAN_POINT ( 'NONE',  ( 35.38612840771834556, 6.760952852634279253, 11.99999999927685579 ) ) ;
#829 = CARTESIAN_POINT ( 'NONE',  ( -38.25142132890803026, 7.323256995510599943, -9.000000000000000000 ) ) ;
#830 = AXIS2_PLACEMENT_3D ( 'NONE', #6008, #2196, #3036 ) ;
#831 = CARTESIAN_POINT ( 'NONE',  ( 0.000000000000000000, 80.00000000000000000, 0.000000000000000000 ) ) ;
#832 = CARTESIAN_POINT ( 'NONE',  ( 55.00000000000000000, 44.00000000000343903, -448.5000000000000568 ) ) ;
#833 = CIRCLE ( 'NONE', #988, 36.00000000000000000 ) ;
#834 = ORIENTED_EDGE ( 'NONE', *, *, #4701, .T. ) ;
#835 = VECTOR ( 'NONE', #7261, 1000.000000000000000 ) ;
#836 = EDGE_CURVE ( 'NONE', #2, #9215, #4936, .T. ) ;
#837 = DIRECTION ( 'NONE',  ( -0.05233595624294046234, -0.9986295347545740553, 0.000000000000000000 ) ) ;
#838 = CYLINDRICAL_SURFACE ( 'NONE', #2260, 9.000000000000001776 ) ;
#839 = ORIENTED_EDGE ( 'NONE', *, *, #2028, .F. ) ;
#840 = CARTESIAN_POINT ( 'NONE',  ( 8.295255191359268920, 12.72655740148276138, -41.68541039571704232 ) ) ;
#841 = CONICAL_SURFACE ( 'NONE', #7947, 14.89999999999999680, 0.7853981633974482790 ) ;
#842 = SHAPE_DEFINITION_REPRESENTATION ( #3674, #7209 ) ;
#843 = AXIS2_PLACEMENT_3D ( 'NONE', #9496, #2681, #3571 ) ;
#844 = DIRECTION ( 'NONE',  ( -0.2249990868562085078, 0.9743589743589742280, 0.000000000000000000 ) ) ;
#845 = CYLINDRICAL_SURFACE ( 'NONE', #9243, 16.50000000000000355 ) ;
#846 = ORIENTED_EDGE ( 'NONE', *, *, #3614, .T. ) ;
#847 = AXIS2_PLACEMENT_3D ( 'NONE', #6648, #2740, #5052 ) ;
#848 = CARTESIAN_POINT ( 'NONE',  ( 15.61976912498897008, 21.65493491847984586, 39.52596929236118939 ) ) ;
#849 = CARTESIAN_POINT ( 'NONE',  ( 22.86505473929884502, 55.46608166610122481, 8.999999999999989342 ) ) ;
#850 = CARTESIAN_POINT ( 'NONE',  ( 36.00413538425119242, 13.28724465263634613, 22.58429440332211513 ) ) ;
#851 = ORIENTED_EDGE ( 'NONE', *, *, #8357, .F. ) ;
#852 = ORIENTED_EDGE ( 'NONE', *, *, #8762, .T. ) ;
#853 = DIRECTION ( 'NONE',  ( -1.224646799147353207E-16, 1.000000000000000000, 0.000000000000000000 ) ) ;
#854 = ORIENTED_EDGE ( 'NONE', *, *, #4336, .F. ) ;
#855 = CIRCLE ( 'NONE', #6380, 39.50000000000000000 ) ;
#856 = DIRECTION ( 'NONE',  ( -2.584927402981196428E-16, 1.000000000000000000, 0.000000000000000000 ) ) ;
#857 = EDGE_CURVE ( 'NONE', #6370, #8364, #8885, .T. ) ;
#858 = EDGE_CURVE ( 'NONE', #3843, #336, #2529, .T. ) ;
#859 = EDGE_LOOP ( 'NONE', ( #8617, #1336, #234, #8846 ) ) ;
#860 = CARTESIAN_POINT ( 'NONE',  ( -38.00000000000001421, 60.00000000000000000, 5.999999999999999112 ) ) ;
#861 = CARTESIAN_POINT ( 'NONE',  ( 38.00000000000000000, 8.774964387392142129, -9.000000000000012434 ) ) ;
#862 = AXIS2_PLACEMENT_3D ( 'NONE', #3628, #6644, #2430 ) ;
#863 = CARTESIAN_POINT ( 'NONE',  ( 35.92232950245769985, 2.726233426714136154, -11.96616446274450496 ) ) ;
#864 = ORIENTED_EDGE ( 'NONE', *, *, #510, .T. ) ;
#865 = CARTESIAN_POINT ( 'NONE',  ( 0.000000000000000000, 0.000000000000000000, -10.50000000000000178 ) ) ;
#866 = ORIENTED_EDGE ( 'NONE', *, *, #1189, .F. ) ;
#867 = ORIENTED_EDGE ( 'NONE', *, *, #4928, .F. ) ;
#868 = VERTEX_POINT ( 'NONE', #7669 ) ;
#869 = DIRECTION ( 'NONE',  ( -0.000000000000000000, -1.396592535537253342E-14, 1.000000000000000000 ) ) ;
#870 = CARTESIAN_POINT ( 'NONE',  ( 0.000000000000000000, 99.00000000000365219, -463.4999999999993179 ) ) ;
#871 = ORIENTED_EDGE ( 'NONE', *, *, #7051, .T. ) ;
#872 = EDGE_CURVE ( 'NONE', #9001, #3139, #3523, .T. ) ;
#873 = AXIS2_PLACEMENT_3D ( 'NONE', #9459, #7228, #2688 ) ;
#874 = CARTESIAN_POINT ( 'NONE',  ( 0.000000000000000000, 44.00000000000051870, -220.5000000000000568 ) ) ;
#875 = PLANE ( 'NONE',  #6899 ) ;
#876 = CIRCLE ( 'NONE', #5460, 27.00000000000000000 ) ;
#877 = CARTESIAN_POINT ( 'NONE',  ( 39.17830965037348534, 42.72969364401171788, 8.999999999999987566 ) ) ;
#878 = CIRCLE ( 'NONE', #6092, 36.00000000000000000 ) ;
#879 = VERTEX_POINT ( 'NONE', #7722 ) ;
#880 = DIRECTION ( 'NONE',  ( -1.000000000000000000, 0.000000000000000000, 0.000000000000000000 ) ) ;
#881 = CARTESIAN_POINT ( 'NONE',  ( -22.48353060487813693, 30.00000000000000000, -9.407652717443333756 ) ) ;
#882 = LINE ( 'NONE', #3063, #8042 ) ;
#883 = CARTESIAN_POINT ( 'NONE',  ( 0.000000000000000000, 44.00000000000000000, -103.5000000000000142 ) ) ;
#884 = EDGE_CURVE ( 'NONE', #5373, #907, #2897, .T. ) ;
#885 = ADVANCED_FACE ( 'NONE', ( #3923 ), #5734, .F. ) ;
#886 = CIRCLE ( 'NONE', #4668, 39.50000000000000000 ) ;
#887 = ORIENTED_EDGE ( 'NONE', *, *, #6930, .T. ) ;
#888 = DIRECTION ( 'NONE',  ( -0.000000000000000000, -1.000000000000000000, -0.000000000000000000 ) ) ;
#889 = DIRECTION ( 'NONE',  ( 1.000000000000000000, 0.000000000000000000, -0.000000000000000000 ) ) ;
#890 = ORIENTED_EDGE ( 'NONE', *, *, #4320, .F. ) ;
#891 = VECTOR ( 'NONE', #8894, 1000.000000000000000 ) ;
#892 = CARTESIAN_POINT ( 'NONE',  ( 0.000000000000000000, 0.000000000000000000, -19.00000000000000000 ) ) ;
#893 = APPLICATION_PROTOCOL_DEFINITION ( 'draft international standard', 'automotive_design', 1998, #787 ) ;
#894 = CARTESIAN_POINT ( 'NONE',  ( 38.00000000000000000, 8.774964387392136800, 11.99999999999998579 ) ) ;
#895 = ADVANCED_FACE ( 'NONE', ( #8503 ), #4799, .F. ) ;
#896 = EDGE_CURVE ( 'NONE', #6898, #3250, #519, .T. ) ;
#897 = CARTESIAN_POINT ( 'NONE',  ( 0.000000000000000000, 88.00000000000062528, -235.4999999999997726 ) ) ;
#898 = EDGE_LOOP ( 'NONE', ( #4632, #9504, #7126, #3164 ) ) ;
#899 = VECTOR ( 'NONE', #9027, 1000.000000000000000 ) ;
#900 = CARTESIAN_POINT ( 'NONE',  ( 0.000000000000000000, 0.000000000000000000, -9.000000000000000000 ) ) ;
#901 = DIRECTION ( 'NONE',  ( -0.000000000000000000, 6.982962677686266711E-15, -1.000000000000000000 ) ) ;
#902 = CARTESIAN_POINT ( 'NONE',  ( -22.49025827457148097, 26.23754172848079591, 30.62986855466689917 ) ) ;
#903 = EDGE_LOOP ( 'NONE', ( #2323, #7795 ) ) ;
#904 = VERTEX_POINT ( 'NONE', #9157 ) ;
#905 = PLANE ( 'NONE',  #8037 ) ;
#906 = DIRECTION ( 'NONE',  ( -0.000000000000000000, 0.000000000000000000, 1.000000000000000000 ) ) ;
#907 = VERTEX_POINT ( 'NONE', #3177 ) ;
#908 = AXIS2_PLACEMENT_3D ( 'NONE', #2111, #1465, #2063 ) ;
#909 = LINE ( 'NONE', #7779, #2177 ) ;
#910 = CARTESIAN_POINT ( 'NONE',  ( -38.00000000000000000, 0.000000000000000000, 4.499999999999998224 ) ) ;
#911 = ORIENTED_EDGE ( 'NONE', *, *, #8369, .F. ) ;
#912 = LINE ( 'NONE', #3093, #6045 ) ;
#913 = CARTESIAN_POINT ( 'NONE',  ( -20.91567205257127071, 32.91708769908554899, 9.000000000000000000 ) ) ;
#914 = DIRECTION ( 'NONE',  ( 0.000000000000000000, 1.000000000000000000, 6.982962677686265922E-15 ) ) ;
#915 = ORIENTED_EDGE ( 'NONE', *, *, #6516, .T. ) ;
#916 = CARTESIAN_POINT ( 'NONE',  ( -1.898285218227016458, 4.577066317262786121, -37.95440705133098191 ) ) ;
#917 = EDGE_LOOP ( 'NONE', ( #7763, #329, #9657, #1612 ) ) ;
#918 = ORIENTED_EDGE ( 'NONE', *, *, #5363, .F. ) ;
#919 = DIRECTION ( 'NONE',  ( 1.000000000000000000, -0.000000000000000000, -0.000000000000000000 ) ) ;
#920 = CARTESIAN_POINT ( 'NONE',  ( 39.87807037908324048, 17.97749726453407959, 14.72107270787982536 ) ) ;
#921 = CARTESIAN_POINT ( 'NONE',  ( 64.56989347527186851, 91.23059238028143625, -395.4999999999994316 ) ) ;
#922 = ORIENTED_EDGE ( 'NONE', *, *, #6547, .T. ) ;
#923 = VECTOR ( 'NONE', #2759, 1000.000000000000000 ) ;
#924 = CARTESIAN_POINT ( 'NONE',  ( 0.000000000000000000, 43.99999999999972289, -106.5000000000000142 ) ) ;
#925 = CARTESIAN_POINT ( 'NONE',  ( 38.25123110766373458, 7.324355332766783633, 8.999999999999987566 ) ) ;
#926 = CIRCLE ( 'NONE', #7390, 35.99999999999999289 ) ;
#927 = EDGE_CURVE ( 'NONE', #7994, #907, #4957, .T. ) ;
#928 = CARTESIAN_POINT ( 'NONE',  ( 46.99999999999999289, 40.00000000000000711, 1.027104492632165078 ) ) ;
#929 = EDGE_CURVE ( 'NONE', #3830, #5569, #5092, .T. ) ;
#930 = EDGE_LOOP ( 'NONE', ( #2062, #8981, #648, #3539, #3080, #1121 ) ) ;
#931 = AXIS2_PLACEMENT_3D ( 'NONE', #549, #4945, #1190 ) ;
#932 = DIRECTION ( 'NONE',  ( 0.000000000000000000, 1.000000000000000000, 7.709882115452475800E-15 ) ) ;
#933 = CARTESIAN_POINT ( 'NONE',  ( -22.87790625487054186, 30.00000000000000000, -9.269897892228865288 ) ) ;
#934 = CARTESIAN_POINT ( 'NONE',  ( -6.123233995737274900E-15, -6.000000000000420108, -463.5000000000007958 ) ) ;
#935 = CARTESIAN_POINT ( 'NONE',  ( 0.000000000000000000, 94.00000000000365219, -463.4999999999993747 ) ) ;
#936 = CIRCLE ( 'NONE', #8818, 4.999999999996165734 ) ;
#937 = ORIENTED_EDGE ( 'NONE', *, *, #3476, .F. ) ;
#938 = DIRECTION ( 'NONE',  ( 0.000000000000000000, 1.000000000000000000, 0.000000000000000000 ) ) ;
#939 = AXIS2_PLACEMENT_3D ( 'NONE', #698, #1437, #6038 ) ;
#940 = ADVANCED_FACE ( 'NONE', ( #987, #2380 ), #5545, .T. ) ;
#941 = ADVANCED_FACE ( 'NONE', ( #1036 ), #4020, .T. ) ;
#942 = B_SPLINE_CURVE_WITH_KNOTS ( 'NONE', 3,
 ( #7992, #5066, #2853, #1264, #475, #1362, #3270, #5537, #8541, #8085, #2753, #5767, #7291, #522, #3549, #6563 ),
 .UNSPECIFIED., .F., .F.,
 ( 4, 2, 2, 2, 2, 2, 2, 4 ),
 ( 1.734723475976807094E-18, 0.002786729081989911764, 0.004180093622984866995, 0.005573458163979821793, 0.006966822704974776591, 0.008360187245969732256, 0.009753551786964687054, 0.01114691632795964185 ),
 .UNSPECIFIED. ) ;
#943 = CARTESIAN_POINT ( 'NONE',  ( 8.000000000000000000, 0.000000000000000000, 4.699999999999999289 ) ) ;
#944 = EDGE_LOOP ( 'NONE', ( #305, #4709, #3299, #9334 ) ) ;
#945 = CARTESIAN_POINT ( 'NONE',  ( 14.00340976460753417, 18.25706147268758528, -40.12795679040334562 ) ) ;
#946 = AXIS2_PLACEMENT_3D ( 'NONE', #582, #5974, #726 ) ;
#947 = CONTEXT_DEPENDENT_SHAPE_REPRESENTATION ( #4831, #2808 ) ;
#948 = DIRECTION ( 'NONE',  ( 0.000000000000000000, 0.000000000000000000, 1.000000000000000000 ) ) ;
#949 = ORIENTED_EDGE ( 'NONE', *, *, #8384, .F. ) ;
#950 = CARTESIAN_POINT ( 'NONE',  ( 0.000000000000000000, 0.000000000000000000, 19.00000000000000000 ) ) ;
#951 = EDGE_CURVE ( 'NONE', #4172, #3174, #5188, .T. ) ;
#952 = CARTESIAN_POINT ( 'NONE',  ( -36.22297531403405202, 19.09077029163940864, 11.51849822642855870 ) ) ;
#953 = CARTESIAN_POINT ( 'NONE',  ( -22.50000000000000355, 27.00000000000000000, 30.62270399556511791 ) ) ;
#954 = EDGE_LOOP ( 'NONE', ( #3035, #328 ) ) ;
#955 = EDGE_LOOP ( 'NONE', ( #1623, #5525 ) ) ;
#956 = CARTESIAN_POINT ( 'NONE',  ( 0.000000000000000000, 0.000000000000000000, 12.00000000000000000 ) ) ;
#957 = ORIENTED_EDGE ( 'NONE', *, *, #3077, .T. ) ;
#958 = DIRECTION ( 'NONE',  ( -0.2249990868562085078, -0.9743589743589742280, 5.634144622830653253E-16 ) ) ;
#959 = CARTESIAN_POINT ( 'NONE',  ( 22.86505473929884147, 55.46608166610122481, 5.999999999999986677 ) ) ;
#960 = ORIENTED_EDGE ( 'NONE', *, *, #3305, .F. ) ;
#961 = CARTESIAN_POINT ( 'NONE',  ( 0.000000000000000000, 44.00000000000000000, 45.50000000000000000 ) ) ;
#962 = CARTESIAN_POINT ( 'NONE',  ( -38.89087296526010817, 77.89087296526385273, -463.4999999999996021 ) ) ;
#963 = FACE_BOUND ( 'NONE', #9633, .T. ) ;
#964 = ORIENTED_EDGE ( 'NONE', *, *, #4788, .F. ) ;
#965 = DIRECTION ( 'NONE',  ( -1.000000000000000000, 0.000000000000000000, 0.000000000000000000 ) ) ;
#966 = ORIENTED_EDGE ( 'NONE', *, *, #3786, .F. ) ;
#967 = ORIENTED_EDGE ( 'NONE', *, *, #4207, .T. ) ;
#968 = PLANE ( 'NONE',  #931 ) ;
#969 = CARTESIAN_POINT ( 'NONE',  ( -39.00000000000000711, 1.291850614124398085E-17, 11.95826074310139653 ) ) ;
#970 = CARTESIAN_POINT ( 'NONE',  ( 0.000000000000000000, 0.000000000000000000, 9.000000000000000000 ) ) ;
#971 = ORIENTED_EDGE ( 'NONE', *, *, #6812, .T. ) ;
#972 = DIRECTION ( 'NONE',  ( 0.000000000000000000, 0.000000000000000000, -1.000000000000000000 ) ) ;
#973 = DIRECTION ( 'NONE',  ( -0.000000000000000000, 1.000000000000000000, -0.000000000000000000 ) ) ;
#974 = CARTESIAN_POINT ( 'NONE',  ( 40.65962490957939934, 45.07230007233648905, -6.000000000000887290 ) ) ;
#975 = ORIENTED_EDGE ( 'NONE', *, *, #3772, .F. ) ;
#976 = FACE_OUTER_BOUND ( 'NONE', #349, .T. ) ;
#977 = CARTESIAN_POINT ( 'NONE',  ( 16.53687776098878004, 185.9428156621834205, 19.00000000000000000 ) ) ;
#978 = DIRECTION ( 'NONE',  ( 8.659560562354932858E-17, -0.7071067811865474617, 0.7071067811865474617 ) ) ;
#979 = AXIS2_PLACEMENT_3D ( 'NONE', #3445, #1302, #8812 ) ;
#980 = EDGE_CURVE ( 'NONE', #1905, #1920, #3367, .T. ) ;
#981 = CARTESIAN_POINT ( 'NONE',  ( 0.000000000000000000, 0.000000000000000000, 7.500000000000000000 ) ) ;
#982 = CIRCLE ( 'NONE', #34, 30.00000000000000000 ) ;
#983 = FACE_OUTER_BOUND ( 'NONE', #9403, .T. ) ;
#984 = ORIENTED_EDGE ( 'NONE', *, *, #2962, .T. ) ;
#985 = CARTESIAN_POINT ( 'NONE',  ( 16.36408140012239443, 24.81609321550717340, -39.22333921265591528 ) ) ;
#986 = ITEM_DEFINED_TRANSFORMATION ( 'NONE', 'NONE', #4248,  #3150 ) ;
#987 = FACE_BOUND ( 'NONE', #1752, .T. ) ;
#988 = AXIS2_PLACEMENT_3D ( 'NONE', #5260, #14, #1359 ) ;
#989 = AXIS2_PLACEMENT_3D ( 'NONE', #5894, #5240, #8258 ) ;
#990 = CARTESIAN_POINT ( 'NONE',  ( 0.000000000000000000, 44.00000000000000000, -71.50000000000001421 ) ) ;
#991 = EDGE_CURVE ( 'NONE', #3024, #7867, #5061, .T. ) ;
#992 = ORIENTED_EDGE ( 'NONE', *, *, #4207, .F. ) ;
#993 = CARTESIAN_POINT ( 'NONE',  ( 38.68759559582435514, 2.941038293923120328, -8.974564642706466699 ) ) ;
#994 = CARTESIAN_POINT ( 'NONE',  ( 0.000000000000000000, 55.29999999999999716, 0.000000000000000000 ) ) ;
#995 = AXIS2_PLACEMENT_3D ( 'NONE', #7133, #218, #6349 ) ;
#996 = COLOUR_RGB ( '',0.7921568627450980005, 0.8196078431372548767, 0.9333333333333333481 ) ;
#997 = CARTESIAN_POINT ( 'NONE',  ( 5.204748896376249319E-15, 59.50000000000000000, 42.49999999999999289 ) ) ;
#998 = ORIENTED_EDGE ( 'NONE', *, *, #1347, .T. ) ;
#999 = DIRECTION ( 'NONE',  ( 0.000000000000000000, 0.000000000000000000, 1.000000000000000000 ) ) ;
#1000 = ORIENTED_EDGE ( 'NONE', *, *, #9391, .F. ) ;
#1001 = LINE ( 'NONE', #8518, #5977 ) ;
#1002 = CARTESIAN_POINT ( 'NONE',  ( 0.000000000000000000, 90.00000000000000000, -42.49999999999999289 ) ) ;
#1003 = EDGE_CURVE ( 'NONE', #2606, #5372, #8056, .T. ) ;
#1004 = CIRCLE ( 'NONE', #7315, 4.999999999999532818 ) ;
#1005 = ADVANCED_FACE ( 'NONE', ( #4847 ), #2772, .T. ) ;
#1006 = ORIENTED_EDGE ( 'NONE', *, *, #1950, .F. ) ;
#1007 = AXIS2_PLACEMENT_3D ( 'NONE', #7846, #8531, #4095 ) ;
#1008 = DIRECTION ( 'NONE',  ( 1.000000000000000000, 0.000000000000000000, 0.000000000000000000 ) ) ;
#1009 = DIRECTION ( 'NONE',  ( -1.000000000000000000, 0.000000000000000000, 0.000000000000000000 ) ) ;
#1010 = CARTESIAN_POINT ( 'NONE',  ( 0.000000000000000000, 44.00000000000000000, -103.5000000000000142 ) ) ;
#1011 = ORIENTED_EDGE ( 'NONE', *, *, #5584, .T. ) ;
#1012 = CARTESIAN_POINT ( 'NONE',  ( 34.36931771216879383, 0.000000000000000000, 25.00000000000000000 ) ) ;
#1013 = VERTEX_POINT ( 'NONE', #1125 ) ;
#1014 = ORIENTED_EDGE ( 'NONE', *, *, #8714, .T. ) ;
#1015 = AXIS2_PLACEMENT_3D ( 'NONE', #268, #220, #8666 ) ;
#1016 = CARTESIAN_POINT ( 'NONE',  ( 38.25528128762174873, 16.23364213698987157, 18.58384758570924333 ) ) ;
#1017 = CARTESIAN_POINT ( 'NONE',  ( 0.000000000000000000, 30.00000000000270717, -395.5000000000002274 ) ) ;
#1018 = ORIENTED_EDGE ( 'NONE', *, *, #1259, .T. ) ;
#1019 = EDGE_CURVE ( 'NONE', #1448, #2164, #1144, .T. ) ;
#1020 = EDGE_CURVE ( 'NONE', #4270, #2846, #5688, .T. ) ;
#1021 = LINE ( 'NONE', #178, #2749 ) ;
#1022 = CARTESIAN_POINT ( 'NONE',  ( -18.49218940641788933, 60.00000000000000711, 5.999999999999995559 ) ) ;
#1023 = FACE_OUTER_BOUND ( 'NONE', #5845, .T. ) ;
#1024 = ORIENTED_EDGE ( 'NONE', *, *, #1798, .F. ) ;
#1025 = DIRECTION ( 'NONE',  ( 0.000000000000000000, -1.000000000000000000, -7.116814260417670090E-15 ) ) ;
#1026 = VECTOR ( 'NONE', #5948, 1000.000000000000114 ) ;
#1027 = FACE_OUTER_BOUND ( 'NONE', #4383, .T. ) ;
#1028 = ORIENTED_EDGE ( 'NONE', *, *, #6560, .F. ) ;
#1029 = DIRECTION ( 'NONE',  ( 1.000000000000000000, 0.000000000000000000, 0.000000000000000000 ) ) ;
#1030 =( GEOMETRIC_REPRESENTATION_CONTEXT ( 3 ) GLOBAL_UNCERTAINTY_ASSIGNED_CONTEXT ( ( #4612 ) ) GLOBAL_UNIT_ASSIGNED_CONTEXT ( ( #3545, #2601, #5619 ) ) REPRESENTATION_CONTEXT ( 'NONE', 'WORKASPACE' ) );
#1031 = AXIS2_PLACEMENT_3D ( 'NONE', #9287, #8533, #7847 ) ;
#1032 = DIRECTION ( 'NONE',  ( 0.000000000000000000, 0.000000000000000000, -1.000000000000000000 ) ) ;
#1033 = CARTESIAN_POINT ( 'NONE',  ( -35.61183127811513316, 5.447521708497213844, -9.128065913155841926 ) ) ;
#1034 = EDGE_CURVE ( 'NONE', #4883, #8928, #487, .T. ) ;
#1035 = CARTESIAN_POINT ( 'NONE',  ( 7.379589503186678279, 5.731402915470272141, -37.28364544799239155 ) ) ;
#1036 = FACE_OUTER_BOUND ( 'NONE', #1727, .T. ) ;
#1037 = AXIS2_PLACEMENT_3D ( 'NONE', #5456, #3191, #6202 ) ;
#1038 = VECTOR ( 'NONE', #7119, 1000.000000000000000 ) ;
#1039 = CARTESIAN_POINT ( 'NONE',  ( 13.00000000000000178, 44.00000000000000000, 122.5000000000000000 ) ) ;
#1040 = ORIENTED_EDGE ( 'NONE', *, *, #2824, .F. ) ;
#1041 = CARTESIAN_POINT ( 'NONE',  ( -38.00000000000000000, 0.000000000000000000, 0.000000000000000000 ) ) ;
#1042 = CIRCLE ( 'NONE', #5944, 42.49999999999999289 ) ;
#1043 = CARTESIAN_POINT ( 'NONE',  ( -37.30725236326925653, 20.11748602344569292, -7.237039828861679069 ) ) ;
#1044 = CARTESIAN_POINT ( 'NONE',  ( -22.50000000000000000, 26.61895490961859423, 30.62270399556511080 ) ) ;
#1045 = EDGE_LOOP ( 'NONE', ( #6379, #7249, #3993, #5246 ) ) ;
#1046 = EDGE_CURVE ( 'NONE', #3737, #4546, #1871, .T. ) ;
#1047 = LINE ( 'NONE', #8605, #507 ) ;
#1048 = CARTESIAN_POINT ( 'NONE',  ( -22.86505473929884502, 55.46608166610122481, -9.000000000000003553 ) ) ;
#1049 = DIRECTION ( 'NONE',  ( -0.000000000000000000, 1.000000000000000000, -0.000000000000000000 ) ) ;
#1050 = DIRECTION ( 'NONE',  ( -1.000000000000000000, 0.000000000000000000, 0.000000000000000000 ) ) ;
#1051 = ORIENTED_EDGE ( 'NONE', *, *, #633, .T. ) ;
#1052 = DIRECTION ( 'NONE',  ( 0.000000000000000000, 1.000000000000000000, 7.116814260417670090E-15 ) ) ;
#1053 = DIRECTION ( 'NONE',  ( -0.000000000000000000, -0.000000000000000000, -1.000000000000000000 ) ) ;
#1054 = CARTESIAN_POINT ( 'NONE',  ( -38.00000000000000000, -95.70788891204318816, -9.000000000000000000 ) ) ;
#1055 = VERTEX_POINT ( 'NONE', #5592 ) ;
#1056 = CARTESIAN_POINT ( 'NONE',  ( 64.56989347527186851, 91.23059238027872198, -53.50000000000000000 ) ) ;
#1057 = VERTEX_POINT ( 'NONE', #1971 ) ;
#1058 = EDGE_CURVE ( 'NONE', #868, #8791, #3053, .T. ) ;
#1059 = EDGE_LOOP ( 'NONE', ( #9749, #9107, #6268, #9116, #2392, #7122 ) ) ;
#1060 = TOROIDAL_SURFACE ( 'NONE', #8787, 39.00000000000000711, 3.000000000000000000 ) ;
#1061 = CARTESIAN_POINT ( 'NONE',  ( 24.09087047684223393, 30.00000000000000355, -9.034956203351345749 ) ) ;
#1062 = VERTEX_POINT ( 'NONE', #8595 ) ;
#1063 = DIRECTION ( 'NONE',  ( 1.000000000000000000, 0.000000000000000000, -1.927470528863119049E-16 ) ) ;
#1064 = DIRECTION ( 'NONE',  ( 0.000000000000000000, -1.000000000000000000, -7.116814260417670090E-15 ) ) ;
#1065 = CIRCLE ( 'NONE', #3449, 16.50000000000000355 ) ;
#1066 = CARTESIAN_POINT ( 'NONE',  ( 0.000000000000000000, 2.709389518942276229E-12, -395.5000000000006821 ) ) ;
#1067 = CARTESIAN_POINT ( 'NONE',  ( -3.021689574130448808, 49.34624652622829188, -37.90839211067554970 ) ) ;
#1068 = ORIENTED_EDGE ( 'NONE', *, *, #8252, .F. ) ;
#1069 = ADVANCED_FACE ( 'NONE', ( #1918 ), #7151, .T. ) ;
#1070 = VERTEX_POINT ( 'NONE', #6481 ) ;
#1071 = LINE ( 'NONE', #4141, #5651 ) ;
#1072 = EDGE_CURVE ( 'NONE', #2373, #8302, #4307, .T. ) ;
#1073 = CARTESIAN_POINT ( 'NONE',  ( 0.000000000000000000, 88.00000000000105160, -296.4999999999997726 ) ) ;
#1074 = EDGE_LOOP ( 'NONE', ( #3983, #5673, #5794, #7805 ) ) ;
#1075 = AXIS2_PLACEMENT_3D ( 'NONE', #4974, #5531, #2661 ) ;
#1076 = DIRECTION ( 'NONE',  ( 1.000000000000000000, 0.000000000000000000, 0.000000000000000000 ) ) ;
#1077 = AXIS2_PLACEMENT_3D ( 'NONE', #6639, #744, #2977 ) ;
#1078 = ORIENTED_EDGE ( 'NONE', *, *, #8553, .F. ) ;
#1079 = VECTOR ( 'NONE', #9441, 1000.000000000000000 ) ;
#1080 = DIRECTION ( 'NONE',  ( 1.000000000000000000, 0.000000000000000000, 0.000000000000000000 ) ) ;
#1081 = CARTESIAN_POINT ( 'NONE',  ( 22.50000000000001776, 26.24376571498006072, -30.62270399556513567 ) ) ;
#1082 = ITEM_DEFINED_TRANSFORMATION ( 'NONE', 'NONE', #8508,  #3150 ) ;
#1083 = DIRECTION ( 'NONE',  ( -0.000000000000000000, 0.000000000000000000, 1.000000000000000000 ) ) ;
#1084 = CIRCLE ( 'NONE', #3623, 16.89999999999999858 ) ;
#1085 = EDGE_LOOP ( 'NONE', ( #3684, #2615, #9318, #6323, #8585, #1068 ) ) ;
#1086 = AXIS2_PLACEMENT_3D ( 'NONE', #8032, #5057, #3685 ) ;
#1087 = CARTESIAN_POINT ( 'NONE',  ( 0.000000000000000000, 44.00000000000000000, 125.5000000000000000 ) ) ;
#1088 = CARTESIAN_POINT ( 'NONE',  ( -37.86857072064282193, 20.65008878081377475, -3.643921329713823098 ) ) ;
#1089 = AXIS2_PLACEMENT_3D ( 'NONE', #4346, #1428, #5231 ) ;
#1090 = CARTESIAN_POINT ( 'NONE',  ( 35.37782300511270961, 6.796919414599194909, -9.080507977798710328 ) ) ;
#1091 = ORIENTED_EDGE ( 'NONE', *, *, #5856, .F. ) ;
#1092 = CARTESIAN_POINT ( 'NONE',  ( -38.00000000000000000, 0.000000000000000000, 0.000000000000000000 ) ) ;
#1093 = DIRECTION ( 'NONE',  ( 1.000000000000000000, 0.000000000000000000, 0.000000000000000000 ) ) ;
#1094 = DIRECTION ( 'NONE',  ( -1.000000000000000000, 0.000000000000000000, 0.000000000000000000 ) ) ;
#1095 =( REPRESENTATION_RELATIONSHIP ('NONE','NONE', #7863, #6533 ) REPRESENTATION_RELATIONSHIP_WITH_TRANSFORMATION ( #1124 )SHAPE_REPRESENTATION_RELATIONSHIP( ) );
#1096 = LINE ( 'NONE', #4122, #4342 ) ;
#1097 = VERTEX_POINT ( 'NONE', #644 ) ;
#1098 = DIRECTION ( 'NONE',  ( 0.000000000000000000, 1.396592535537253342E-14, -1.000000000000000000 ) ) ;
#1099 = EDGE_CURVE ( 'NONE', #6365, #9677, #1884, .T. ) ;
#1100 = DIRECTION ( 'NONE',  ( 0.000000000000000000, 0.000000000000000000, 1.000000000000000000 ) ) ;
#1101 = ORIENTED_EDGE ( 'NONE', *, *, #9184, .F. ) ;
#1102 = LINE ( 'NONE', #1056, #6544 ) ;
#1103 = ORIENTED_EDGE ( 'NONE', *, *, #8058, .T. ) ;
#1104 = VERTEX_POINT ( 'NONE', #3661 ) ;
#1105 = CARTESIAN_POINT ( 'NONE',  ( 0.000000000000000000, 27.00000000000000000, -42.49999999999999289 ) ) ;
#1106 = DIRECTION ( 'NONE',  ( -0.000000000000000000, -0.000000000000000000, 1.000000000000000000 ) ) ;
#1107 = VERTEX_POINT ( 'NONE', #8944 ) ;
#1108 = DIRECTION ( 'NONE',  ( -0.000000000000000000, 0.000000000000000000, 1.000000000000000000 ) ) ;
#1109 = CARTESIAN_POINT ( 'NONE',  ( -36.00000000000000000, 1.367562764689258747, -11.95826074310139653 ) ) ;
#1110 = ADVANCED_FACE ( 'NONE', ( #8202 ), #7360, .F. ) ;
#1111 = FACE_OUTER_BOUND ( 'NONE', #8669, .T. ) ;
#1112 = DIRECTION ( 'NONE',  ( 0.9588197348681938292, 0.2840153447039201473, 1.983268551957674146E-15 ) ) ;
#1113 = ORIENTED_EDGE ( 'NONE', *, *, #7567, .T. ) ;
#1114 = ORIENTED_EDGE ( 'NONE', *, *, #3251, .F. ) ;
#1115 = DIRECTION ( 'NONE',  ( -0.000000000000000000, 1.000000000000000000, -0.000000000000000000 ) ) ;
#1116 = DIRECTION ( 'NONE',  ( -0.000000000000000000, -1.000000000000000000, -0.000000000000000000 ) ) ;
#1117 = VERTEX_POINT ( 'NONE', #9593 ) ;
#1118 = CARTESIAN_POINT ( 'NONE',  ( -38.75000000000000000, 0.000000000000000000, 8.968695557326046952 ) ) ;
#1119 = EDGE_CURVE ( 'NONE', #2584, #7268, #40, .T. ) ;
#1120 = EDGE_CURVE ( 'NONE', #3915, #2733, #3219, .T. ) ;
#1121 = ORIENTED_EDGE ( 'NONE', *, *, #5390, .T. ) ;
#1122 = FACE_OUTER_BOUND ( 'NONE', #955, .T. ) ;
#1123 = CARTESIAN_POINT ( 'NONE',  ( 0.000000000000000000, 78.50000000000000000, 0.000000000000000000 ) ) ;
#1124 = ITEM_DEFINED_TRANSFORMATION ( 'NONE', 'NONE', #9151,  #3150 ) ;
#1125 = CARTESIAN_POINT ( 'NONE',  ( -8.000000000000000000, 56.13861379461851442, -4.699999999999999289 ) ) ;
#1126 = PRODUCT_DEFINITION_SHAPE ( 'NONE', 'NONE',  #7487 ) ;
#1127 = ADVANCED_FACE ( 'NONE', ( #6773 ), #9052, .T. ) ;
#1128 = ORIENTED_EDGE ( 'NONE', *, *, #8013, .T. ) ;
#1129 = DIRECTION ( 'NONE',  ( -0.000000000000000000, -1.396592535537253342E-14, 1.000000000000000000 ) ) ;
#1130 = CARTESIAN_POINT ( 'NONE',  ( 17.85921149246382811, 40.76130776076444562, -33.55445735064130020 ) ) ;
#1131 = CARTESIAN_POINT ( 'NONE',  ( 38.74999999995905142, 1.474284678808437166, -8.968695557329485979 ) ) ;
#1132 = EDGE_LOOP ( 'NONE', ( #5920, #7430, #4674, #5055 ) ) ;
#1133 =( BOUNDED_SURFACE ( )  B_SPLINE_SURFACE ( 3, 2, ( 
 ( #2536, #9352, #2581 ),
 ( #4852, #1090, #4117 ),
 ( #1980, #4257, #7267 ),
 ( #2780, #3471, #9450 ),
 ( #5793, #2126, #1131 ),
 ( #492, #4159, #5694 ) ),
 .UNSPECIFIED., .F., .F., .T. ) 
 B_SPLINE_SURFACE_WITH_KNOTS ( ( 4, 2, 4 ),
 ( 3, 3 ),
 ( 0.000000000000000000, 0.004411853782887472167, 0.008823707565774944334 ),
 ( 0.000000000000000000, 1.000000000000000000 ),
 .UNSPECIFIED. ) 
 GEOMETRIC_REPRESENTATION_ITEM ( )  RATIONAL_B_SPLINE_SURFACE ( (
 ( 1.000000000000000000, 0.7071067811865476838, 1.000000000000000000),
 ( 1.000000000000000000, 0.7167217121882974995, 1.000000000000000000),
 ( 1.000000000000000000, 0.7239293624834131080, 1.000000000000000000),
 ( 1.000000000000000000, 0.7335575311262185760, 1.000000000000000000),
 ( 1.000000000000000000, 0.7359783963882950975, 1.000000000000000000),
 ( 1.000000000000000000, 0.7359800721939872004, 1.000000000000000000) ) ) 
 REPRESENTATION_ITEM ( '' )  SURFACE ( )  );
#1134 = CARTESIAN_POINT ( 'NONE',  ( -30.00000000000000000, 0.000000000000000000, -53.50000000000000000 ) ) ;
#1135 = AXIS2_PLACEMENT_3D ( 'NONE', #6303, #2343, #1648 ) ;
#1136 = DIRECTION ( 'NONE',  ( -0.000000000000000000, -1.396592535537253342E-14, 1.000000000000000000 ) ) ;
#1137 = AXIS2_PLACEMENT_3D ( 'NONE', #7241, #469, #8078 ) ;
#1138 = DIRECTION ( 'NONE',  ( 0.000000000000000000, -6.982962677686266711E-15, 1.000000000000000000 ) ) ;
#1139 = CARTESIAN_POINT ( 'NONE',  ( 0.000000000000000000, 88.00000000000011369, -164.4999999999997158 ) ) ;
#1140 = ORIENTED_EDGE ( 'NONE', *, *, #7285, .F. ) ;
#1141 = LINE ( 'NONE', #2039, #6842 ) ;
#1142 = AXIS2_PLACEMENT_3D ( 'NONE', #5654, #9558, #1889 ) ;
#1143 = DIRECTION ( 'NONE',  ( 1.000000000000000000, 0.000000000000000000, 0.000000000000000000 ) ) ;
#1144 = CIRCLE ( 'NONE', #361, 36.00000000000000711 ) ;
#1145 = UNCERTAINTY_MEASURE_WITH_UNIT (LENGTH_MEASURE( 1.000000000000000082E-05 ), #8108, 'distance_accuracy_value', 'NONE');
#1146 = LINE ( 'NONE', #462, #5589 ) ;
#1147 = VERTEX_POINT ( 'NONE', #7455 ) ;
#1148 = DIRECTION ( 'NONE',  ( 0.000000000000000000, -1.000000000000000000, -7.401486830834377462E-15 ) ) ;
#1149 = EDGE_LOOP ( 'NONE', ( #8045, #3185, #174, #1653, #4834 ) ) ;
#1150 = VERTEX_POINT ( 'NONE', #5284 ) ;
#1151 = CARTESIAN_POINT ( 'NONE',  ( -26.99999999999999645, 0.000000000000000000, 19.00000000000000000 ) ) ;
#1152 = DIRECTION ( 'NONE',  ( -0.2840153447039201473, 0.9588197348681938292, 6.695402423213638926E-15 ) ) ;
#1153 = EDGE_CURVE ( 'NONE', #8377, #9675, #531, .T. ) ;
#1154 = EDGE_CURVE ( 'NONE', #9610, #312, #3613, .T. ) ;
#1155 = VERTEX_POINT ( 'NONE', #9038 ) ;
#1156 = AXIS2_PLACEMENT_3D ( 'NONE', #647, #3665, #6731 ) ;
#1157 = SURFACE_STYLE_FILL_AREA ( #7098 ) ;
#1158 = FACE_OUTER_BOUND ( 'NONE', #6297, .T. ) ;
#1159 = CARTESIAN_POINT ( 'NONE',  ( 35.61183127810986093, 5.447521708498284099, -9.128065913150694044 ) ) ;
#1160 = B_SPLINE_CURVE_WITH_KNOTS ( 'NONE', 3,
 ( #1736, #155, #993, #1636, #3927, #798 ),
 .UNSPECIFIED., .F., .F.,
 ( 4, 2, 4 ),
 ( 6.143619479645578450E-21, 0.004403506556374461867, 0.008807013112748923733 ),
 .UNSPECIFIED. ) ;
#1161 = VECTOR ( 'NONE', #3198, 1000.000000000000000 ) ;
#1162 = AXIS2_PLACEMENT_3D ( 'NONE', #518, #1261, #9378 ) ;
#1163 = DIRECTION ( 'NONE',  ( -0.000000000000000000, -0.000000000000000000, -1.000000000000000000 ) ) ;
#1164 = ORIENTED_EDGE ( 'NONE', *, *, #6954, .F. ) ;
#1165 = ORIENTED_EDGE ( 'NONE', *, *, #7450, .F. ) ;
#1166 = LINE ( 'NONE', #7998, #5658 ) ;
#1167 = ADVANCED_FACE ( 'NONE', ( #5837 ), #2870, .T. ) ;
#1168 = CARTESIAN_POINT ( 'NONE',  ( 0.000000000000000000, 88.00000000000065370, -238.4999999999997726 ) ) ;
#1169 = EDGE_LOOP ( 'NONE', ( #803, #7490 ) ) ;
#1170 = CARTESIAN_POINT ( 'NONE',  ( 4.653657836759941941E-15, 85.00000000000000000, 38.00000000000000000 ) ) ;
#1171 = CIRCLE ( 'NONE', #8279, 3.000000000000002665 ) ;
#1172 = DIRECTION ( 'NONE',  ( -1.000000000000000000, 0.000000000000000000, 0.000000000000000000 ) ) ;
#1173 = ORIENTED_EDGE ( 'NONE', *, *, #7476, .T. ) ;
#1174 = CIRCLE ( 'NONE', #9083, 36.00000000000000000 ) ;
#1175 = DIRECTION ( 'NONE',  ( -1.000000000000000000, 0.000000000000000000, 0.000000000000000000 ) ) ;
#1176 = EDGE_CURVE ( 'NONE', #6126, #6114, #7311, .T. ) ;
#1177 = CARTESIAN_POINT ( 'NONE',  ( 21.27261646286261865, 19.63266193772541257, -31.48883670687695968 ) ) ;
#1178 = ITEM_DEFINED_TRANSFORMATION ( 'NONE', 'NONE', #2676,  #3150 ) ;
#1179 = CARTESIAN_POINT ( 'NONE',  ( -14.78781894528279928, 34.33907371241929241, 39.84525665843145958 ) ) ;
#1180 = AXIS2_PLACEMENT_3D ( 'NONE', #3001, #6847, #65 ) ;
#1181 = AXIS2_PLACEMENT_3D ( 'NONE', #8768, #2002, #5015 ) ;
#1182 = ORIENTED_EDGE ( 'NONE', *, *, #2898, .F. ) ;
#1183 = DIRECTION ( 'NONE',  ( -0.000000000000000000, -0.000000000000000000, 1.000000000000000000 ) ) ;
#1184 = CARTESIAN_POINT ( 'NONE',  ( 0.000000000000000000, 56.13861379461851442, 9.000000000000000000 ) ) ;
#1185 = VECTOR ( 'NONE', #5212, 1000.000000000000000 ) ;
#1186 = CARTESIAN_POINT ( 'NONE',  ( -31.86681925807073057, 14.97980075783326370, 20.70420291268113644 ) ) ;
#1187 = ORIENTED_EDGE ( 'NONE', *, *, #7340, .T. ) ;
#1188 = AXIS2_PLACEMENT_3D ( 'NONE', #2087, #2885, #3675 ) ;
#1189 = EDGE_CURVE ( 'NONE', #477, #6714, #8579, .T. ) ;
#1190 = DIRECTION ( 'NONE',  ( -0.7808688094430301652, 0.6246950475544243986, 0.000000000000000000 ) ) ;
#1191 = DIRECTION ( 'NONE',  ( -4.150091108065701550E-18, -3.753297845138781896E-16, 1.000000000000000000 ) ) ;
#1192 = DIRECTION ( 'NONE',  ( 0.000000000000000000, -1.000000000000000000, -1.387778780781445676E-14 ) ) ;
#1193 = CYLINDRICAL_SURFACE ( 'NONE', #8084, 22.50000000000000355 ) ;
#1194 = CARTESIAN_POINT ( 'NONE',  ( -18.49218940641788578, 50.00000000000000000, -6.000000000000002665 ) ) ;
#1195 = VERTEX_POINT ( 'NONE', #1380 ) ;
#1196 = CARTESIAN_POINT ( 'NONE',  ( 0.000000000000000000, 0.000000000000000000, -10.50000000000000178 ) ) ;
#1197 = AXIS2_PLACEMENT_3D ( 'NONE', #5643, #1129, #6531 ) ;
#1198 = CARTESIAN_POINT ( 'NONE',  ( 0.000000000000000000, 44.00000000000345324, -448.5000000000000568 ) ) ;
#1199 =( BOUNDED_SURFACE ( )  B_SPLINE_SURFACE ( 3, 2, ( 
 ( #4233, #2055, #8715 ),
 ( #3594, #7145, #4328 ),
 ( #9576, #1159, #1952 ),
 ( #6412, #2802, #5065 ),
 ( #5766, #7245, #8083 ),
 ( #2852, #1211, #1309 ) ),
 .UNSPECIFIED., .F., .F., .F. ) 
 B_SPLINE_SURFACE_WITH_KNOTS ( ( 4, 2, 4 ),
 ( 3, 3 ),
 ( 0.000000000000000000, 0.004411853782887464361, 0.008823707565774928721 ),
 ( 0.000000000000000000, 1.000000000000000000 ),
 .UNSPECIFIED. ) 
 GEOMETRIC_REPRESENTATION_ITEM ( )  RATIONAL_B_SPLINE_SURFACE ( (
 ( 1.000000000000000000, 0.7071067811865476838, 1.000000000000000000),
 ( 1.000000000000000000, 0.7167217121887269338, 1.000000000000000000),
 ( 1.000000000000000000, 0.7239293624828414542, 1.000000000000000000),
 ( 1.000000000000000000, 0.7335575311267906740, 1.000000000000000000),
 ( 1.000000000000000000, 0.7359783963878639979, 1.000000000000000000),
 ( 1.000000000000000000, 0.7359800721939872004, 1.000000000000000000) ) ) 
 REPRESENTATION_ITEM ( '' )  SURFACE ( )  );
#1200 = CARTESIAN_POINT ( 'NONE',  ( -46.99999999999998579, 38.55812545754030651, 5.272077938642145689 ) ) ;
#1201 = ORIENTED_EDGE ( 'NONE', *, *, #2065, .T. ) ;
#1202 = CARTESIAN_POINT ( 'NONE',  ( -56.90275806167066719, 50.37932239495659559, 19.00000000000000000 ) ) ;
#1203 = EDGE_LOOP ( 'NONE', ( #7469, #7383, #1563, #7874 ) ) ;
#1204 = ORIENTED_EDGE ( 'NONE', *, *, #5832, .F. ) ;
#1205 = CARTESIAN_POINT ( 'NONE',  ( -35.61183127811513316, 5.447521708497213844, 9.128065913155841926 ) ) ;
#1206 = CARTESIAN_POINT ( 'NONE',  ( -36.00000000000000000, 44.00000000000000000, -106.5000000000000000 ) ) ;
#1207 = CIRCLE ( 'NONE', #7032, 39.00000000000000000 ) ;
#1208 = ORIENTED_EDGE ( 'NONE', *, *, #1154, .T. ) ;
#1209 = DIRECTION ( 'NONE',  ( 1.000000000000000000, 0.000000000000000000, 0.000000000000000000 ) ) ;
#1210 = CARTESIAN_POINT ( 'NONE',  ( -38.89087296526010817, 82.89087296526378168, -463.4999999999995453 ) ) ;
#1211 = CARTESIAN_POINT ( 'NONE',  ( 36.00000000000000000, 5.599363325294150186E-15, -9.198662110078016596 ) ) ;
#1212 = DIRECTION ( 'NONE',  ( -0.000000000000000000, -1.000000000000000000, -0.000000000000000000 ) ) ;
#1213 = TOROIDAL_SURFACE ( 'NONE', #7695, 39.00000000000000000, 3.000000000000000000 ) ;
#1214 = CARTESIAN_POINT ( 'NONE',  ( -22.50000000000000355, 27.38100199609670327, -30.62270399556511435 ) ) ;
#1215 = EDGE_LOOP ( 'NONE', ( #6115, #817, #9164, #5971 ) ) ;
#1216 = ORIENTED_EDGE ( 'NONE', *, *, #9305, .T. ) ;
#1217 = CARTESIAN_POINT ( 'NONE',  ( 0.000000000000000000, 88.00000000000092371, -278.4999999999997726 ) ) ;
#1218 = CARTESIAN_POINT ( 'NONE',  ( 0.000000000000000000, 88.00000000000051159, -220.4999999999997442 ) ) ;
#1219 = VERTEX_POINT ( 'NONE', #3713 ) ;
#1220 = LINE ( 'NONE', #3458, #592 ) ;
#1221 = CIRCLE ( 'NONE', #6282, 4.999999999999920952 ) ;
#1222 = CARTESIAN_POINT ( 'NONE',  ( 0.000000000000000000, 55.29999999999999716, 0.000000000000000000 ) ) ;
#1223 = CARTESIAN_POINT ( 'NONE',  ( 34.51751045525497119, -10.22455240933820697, -410.5000000000007958 ) ) ;
#1224 = ADVANCED_FACE ( 'NONE', ( #2267 ), #8296, .F. ) ;
#1225 = ADVANCED_FACE ( 'NONE', ( #3565 ), #7507, .F. ) ;
#1226 = AXIS2_PLACEMENT_3D ( 'NONE', #2540, #2443, #5556 ) ;
#1227 = DIRECTION ( 'NONE',  ( 0.000000000000000000, 1.396592535537253342E-14, -1.000000000000000000 ) ) ;
#1228 = DIRECTION ( 'NONE',  ( -0.000000000000000000, 0.000000000000000000, 1.000000000000000000 ) ) ;
#1229 = CARTESIAN_POINT ( 'NONE',  ( -15.64512694329040343, 32.35218437897798793, 39.51807238224660068 ) ) ;
#1230 = VECTOR ( 'NONE', #5323, 1000.000000000000000 ) ;
#1231 = ORIENTED_EDGE ( 'NONE', *, *, #1782, .F. ) ;
#1232 = EDGE_CURVE ( 'NONE', #7934, #1413, #9349, .T. ) ;
#1233 = CARTESIAN_POINT ( 'NONE',  ( 3.490243377569956456E-15, 114.9999999999998579, -124.4999999999995310 ) ) ;
#1234 = ADVANCED_FACE ( 'NONE', ( #6580 ), #5232, .T. ) ;
#1235 = CIRCLE ( 'NONE', #9618, 4.999999999996961542 ) ;
#1236 = CARTESIAN_POINT ( 'NONE',  ( 21.27457587930912908, 34.36152869735251159, -31.48750699004031262 ) ) ;
#1237 = SURFACE_SIDE_STYLE ('',( #3425 ) ) ;
#1238 = ORIENTED_EDGE ( 'NONE', *, *, #7409, .T. ) ;
#1239 = CARTESIAN_POINT ( 'NONE',  ( 38.00000000000000000, 0.000000000000000000, -1.396097351027982582E-14 ) ) ;
#1240 = CIRCLE ( 'NONE', #135, 3.000000000000002665 ) ;
#1241 = DIRECTION ( 'NONE',  ( -0.3389092408989752836, 0.9408190721032818615, -1.110223024625156540E-16 ) ) ;
#1242 = CARTESIAN_POINT ( 'NONE',  ( -22.48353060487813693, 30.00000000000000000, 9.407652717443331980 ) ) ;
#1243 = AXIS2_PLACEMENT_3D ( 'NONE', #1402, #8077, #8914 ) ;
#1244 = DIRECTION ( 'NONE',  ( 0.000000000000000000, 0.000000000000000000, 1.000000000000000000 ) ) ;
#1245 = ORIENTED_EDGE ( 'NONE', *, *, #1019, .F. ) ;
#1246 = CARTESIAN_POINT ( 'NONE',  ( 0.000000000000000000, 1.857468072264551539E-12, -334.5000000000006821 ) ) ;
#1247 = EDGE_CURVE ( 'NONE', #9290, #92, #1331, .T. ) ;
#1248 = AXIS2_PLACEMENT_3D ( 'NONE', #284, #9434, #4922 ) ;
#1249 = CYLINDRICAL_SURFACE ( 'NONE', #8611, 8.000000000000000000 ) ;
#1250 = EDGE_CURVE ( 'NONE', #2, #9246, #5170, .T. ) ;
#1251 = FACE_OUTER_BOUND ( 'NONE', #5949, .T. ) ;
#1252 = VERTEX_POINT ( 'NONE', #7610 ) ;
#1253 = DIRECTION ( 'NONE',  ( 0.000000000000000000, 1.000000000000000000, 0.000000000000000000 ) ) ;
#1254 = ORIENTED_EDGE ( 'NONE', *, *, #6201, .F. ) ;
#1255 = ORIENTED_EDGE ( 'NONE', *, *, #7035, .T. ) ;
#1256 = CARTESIAN_POINT ( 'NONE',  ( -35.07692307692307310, 8.099967126823520047, 12.00000000000000000 ) ) ;
#1257 = CARTESIAN_POINT ( 'NONE',  ( 22.50000000000000355, 27.00000000000000000, -30.62270399556511435 ) ) ;
#1258 = ORIENTED_EDGE ( 'NONE', *, *, #2007, .T. ) ;
#1259 = EDGE_CURVE ( 'NONE', #4160, #760, #6345, .T. ) ;
#1260 = LINE ( 'NONE', #516, #7509 ) ;
#1261 = DIRECTION ( 'NONE',  ( 0.000000000000000000, -6.982962677686266711E-15, 1.000000000000000000 ) ) ;
#1262 = EDGE_CURVE ( 'NONE', #3697, #2537, #5925, .T. ) ;
#1263 = CARTESIAN_POINT ( 'NONE',  ( 0.000000000000000000, 0.000000000000000000, 0.000000000000000000 ) ) ;
#1264 = CARTESIAN_POINT ( 'NONE',  ( 30.79577776033832492, 13.63940246838136794, 22.26551134511400676 ) ) ;
#1265 = DIRECTION ( 'NONE',  ( 0.000000000000000000, 1.000000000000000000, 1.387778780781445991E-14 ) ) ;
#1266 = ORIENTED_EDGE ( 'NONE', *, *, #7901, .F. ) ;
#1267 = EDGE_LOOP ( 'NONE', ( #4399, #6203, #5118, #9546 ) ) ;
#1268 = DIRECTION ( 'NONE',  ( 0.000000000000000000, 1.000000000000000000, 0.000000000000000000 ) ) ;
#1269 = CARTESIAN_POINT ( 'NONE',  ( 4.776122516674677878E-15, 83.00000000000133582, -334.4999999999995453 ) ) ;
#1270 = ORIENTED_EDGE ( 'NONE', *, *, #980, .T. ) ;
#1271 = FACE_OUTER_BOUND ( 'NONE', #4918, .T. ) ;
#1272 = DIRECTION ( 'NONE',  ( -0.2840153447039201473, -0.9588197348681938292, -6.695402423213638926E-15 ) ) ;
#1273 = DIRECTION ( 'NONE',  ( -1.000000000000000000, 0.000000000000000000, 0.000000000000000000 ) ) ;
#1274 = CARTESIAN_POINT ( 'NONE',  ( -2.184104650357963084, 43.39066900873953614, -42.45721600875569379 ) ) ;
#1275 = DIRECTION ( 'NONE',  ( -0.000000000000000000, -0.000000000000000000, -1.000000000000000000 ) ) ;
#1276 = CARTESIAN_POINT ( 'NONE',  ( 11.37499115522343551, 7.583675704007156959, -36.25903611157919215 ) ) ;
#1277 = ITEM_DEFINED_TRANSFORMATION ( 'NONE', 'NONE', #5036,  #3150 ) ;
#1278 = CARTESIAN_POINT ( 'NONE',  ( -38.89087296526010817, 77.89087296526385273, -463.4999999999996021 ) ) ;
#1279 = EDGE_CURVE ( 'NONE', #4237, #879, #2419, .T. ) ;
#1280 = ADVANCED_FACE ( 'NONE', ( #7659 ), #6817, .F. ) ;
#1281 = ORIENTED_EDGE ( 'NONE', *, *, #4926, .F. ) ;
#1282 = DIRECTION ( 'NONE',  ( 1.000000000000000000, 0.000000000000000000, -0.000000000000000000 ) ) ;
#1283 = CARTESIAN_POINT ( 'NONE',  ( -30.57681027001822471, 13.33774395383518296, 22.57409901008936259 ) ) ;
#1284 = VERTEX_POINT ( 'NONE', #1673 ) ;
#1285 = CARTESIAN_POINT ( 'NONE',  ( 42.49999999999998579, 43.60000000000001563, -1.340988245066351766E-14 ) ) ;
#1286 = CARTESIAN_POINT ( 'NONE',  ( -29.63209163394897061, -32.52597647107758405, 318.9999999999999432 ) ) ;
#1287 = CARTESIAN_POINT ( 'NONE',  ( 0.000000000000000000, 44.00000000000129319, -331.5000000000000568 ) ) ;
#1288 = ADVANCED_FACE ( 'NONE', ( #6131 ), #4690, .T. ) ;
#1289 = CARTESIAN_POINT ( 'NONE',  ( -43.56136546445959112, 42.75090762843234415, 4.798001052441340342 ) ) ;
#1290 = AXIS2_PLACEMENT_3D ( 'NONE', #2539, #5555, #1745 ) ;
#1291 = DIRECTION ( 'NONE',  ( 0.000000000000000000, 0.000000000000000000, -1.000000000000000000 ) ) ;
#1292 = ORIENTED_EDGE ( 'NONE', *, *, #747, .F. ) ;
#1293 = CARTESIAN_POINT ( 'NONE',  ( 34.51751045525497119, -10.22455240933820697, -410.5000000000007958 ) ) ;
#1294 = PRODUCT ( 'connecting rod', 'connecting rod', '', ( #4595 ) ) ;
#1295 = DIRECTION ( 'NONE',  ( 0.000000000000000000, 1.396592535537253342E-14, -1.000000000000000000 ) ) ;
#1296 = DIRECTION ( 'NONE',  ( -0.2840153447039201473, 0.9588197348681938292, 0.000000000000000000 ) ) ;
#1297 = CIRCLE ( 'NONE', #5243, 35.99999999999999289 ) ;
#1298 = DIRECTION ( 'NONE',  ( 0.000000000000000000, -1.000000000000000000, -1.110223024625676400E-14 ) ) ;
#1299 = VERTEX_POINT ( 'NONE', #3862 ) ;
#1300 = ORIENTED_EDGE ( 'NONE', *, *, #5349, .F. ) ;
#1301 = CARTESIAN_POINT ( 'NONE',  ( 37.50000000000000000, 15.41602615938556120, -20.00000000000000000 ) ) ;
#1302 = DIRECTION ( 'NONE',  ( 0.000000000000000000, 1.000000000000000000, 0.000000000000000000 ) ) ;
#1303 = EDGE_CURVE ( 'NONE', #4187, #9239, #9145, .T. ) ;
#1304 = EDGE_LOOP ( 'NONE', ( #515, #2454 ) ) ;
#1305 = CARTESIAN_POINT ( 'NONE',  ( 38.00000000000000000, 1.387778780781445676E-14, -1.396097351027982582E-14 ) ) ;
#1306 = TOROIDAL_SURFACE ( 'NONE', #6832, 39.00000000000000000, 3.000000000000000000 ) ;
#1307 = DIRECTION ( 'NONE',  ( 0.000000000000000000, 1.396592535537253342E-14, -1.000000000000000000 ) ) ;
#1308 = AXIS2_PLACEMENT_3D ( 'NONE', #98, #3227, #9255 ) ;
#1309 = CARTESIAN_POINT ( 'NONE',  ( 38.75000000000000000, 6.027340139966315456E-15, -8.968695557326064716 ) ) ;
#1310 = LINE ( 'NONE', #576, #3566 ) ;
#1311 = CARTESIAN_POINT ( 'NONE',  ( -21.89761293525442554, 32.22516866012210102, -31.05685244181123039 ) ) ;
#1312 = VERTEX_POINT ( 'NONE', #1578 ) ;
#1313 = VERTEX_POINT ( 'NONE', #935 ) ;
#1314 = CIRCLE ( 'NONE', #1622, 26.99999999999999645 ) ;
#1315 = CARTESIAN_POINT ( 'NONE',  ( -38.75000000000000000, -4.374068531412132773E-15, 8.968695557326048728 ) ) ;
#1316 = TOROIDAL_SURFACE ( 'NONE', #7465, 30.00000000000000000, 3.000000000000000000 ) ;
#1317 = EDGE_CURVE ( 'NONE', #3334, #661, #1846, .T. ) ;
#1318 = PLANE ( 'NONE',  #7410 ) ;
#1319 = ORIENTED_EDGE ( 'NONE', *, *, #5883, .F. ) ;
#1320 = EDGE_CURVE ( 'NONE', #6015, #2249, #5801, .T. ) ;
#1321 = CARTESIAN_POINT ( 'NONE',  ( 0.000000000000000000, 44.00000000000365930, -463.5000000000000568 ) ) ;
#1322 = CARTESIAN_POINT ( 'NONE',  ( 0.000000000000000000, 27.00000000000000000, 19.00000000000000000 ) ) ;
#1323 = CIRCLE ( 'NONE', #3863, 30.00000000000000000 ) ;
#1324 = FILL_AREA_STYLE ('',( #2066 ) ) ;
#1325 = AXIS2_PLACEMENT_3D ( 'NONE', #2461, #5474, #8486 ) ;
#1326 = CARTESIAN_POINT ( 'NONE',  ( -4.304211788287101825, 42.93803971151823617, -42.28473988784912052 ) ) ;
#1327 = FACE_OUTER_BOUND ( 'NONE', #2533, .T. ) ;
#1328 = FACE_OUTER_BOUND ( 'NONE', #2675, .T. ) ;
#1329 = VECTOR ( 'NONE', #3099, 1000.000000000000000 ) ;
#1330 = ITEM_DEFINED_TRANSFORMATION ( 'NONE', 'NONE', #5200,  #3150 ) ;
#1331 = LINE ( 'NONE', #3117, #2650 ) ;
#1332 = EDGE_LOOP ( 'NONE', ( #6695, #5341, #5633, #5862 ) ) ;
#1333 = CARTESIAN_POINT ( 'NONE',  ( -38.00000000000001421, 56.99999999999996447, -9.000000000000000000 ) ) ;
#1334 = EDGE_CURVE ( 'NONE', #214, #5068, #6121, .T. ) ;
#1335 = DIRECTION ( 'NONE',  ( 0.000000000000000000, 0.000000000000000000, -1.000000000000000000 ) ) ;
#1336 = ORIENTED_EDGE ( 'NONE', *, *, #15, .F. ) ;
#1337 = DIRECTION ( 'NONE',  ( 0.000000000000000000, 0.000000000000000000, -1.000000000000000000 ) ) ;
#1338 = DIRECTION ( 'NONE',  ( -0.8612023721182989755, 2.454506203898542326E-17, -0.5082622101413942772 ) ) ;
#1339 = DIRECTION ( 'NONE',  ( 0.000000000000000000, 6.982962677686266711E-15, -1.000000000000000000 ) ) ;
#1340 = AXIS2_PLACEMENT_3D ( 'NONE', #7423, #2183, #7468 ) ;
#1341 = APPLICATION_CONTEXT ( 'automotive_design' ) ;
#1342 = FACE_OUTER_BOUND ( 'NONE', #4023, .T. ) ;
#1343 = VERTEX_POINT ( 'NONE', #9094 ) ;
#1344 = CARTESIAN_POINT ( 'NONE',  ( 18.49218940641787157, 57.00000000000000711, -9.000000000000008882 ) ) ;
#1345 = DIRECTION ( 'NONE',  ( 0.000000000000000000, 0.000000000000000000, 1.000000000000000000 ) ) ;
#1346 = EDGE_CURVE ( 'NONE', #2743, #4276, #9415, .T. ) ;
#1347 = EDGE_CURVE ( 'NONE', #5370, #2708, #4743, .T. ) ;
#1348 = AXIS2_PLACEMENT_3D ( 'NONE', #461, #7232, #2041 ) ;
#1349 = CARTESIAN_POINT ( 'NONE',  ( 0.000000000000000000, 0.000000000000000000, -38.00000000000000000 ) ) ;
#1350 = CARTESIAN_POINT ( 'NONE',  ( 0.000000000000000000, 88.00000000000014211, -167.4999999999997158 ) ) ;
#1351 = ORIENTED_EDGE ( 'NONE', *, *, #5365, .T. ) ;
#1352 = ORIENTED_EDGE ( 'NONE', *, *, #6560, .T. ) ;
#1353 = CARTESIAN_POINT ( 'NONE',  ( -36.00000000000000000, 2.583210267832175496E-15, 9.198662110077997056 ) ) ;
#1354 = FACE_OUTER_BOUND ( 'NONE', #5361, .T. ) ;
#1355 = ORIENTED_EDGE ( 'NONE', *, *, #8974, .F. ) ;
#1356 = CIRCLE ( 'NONE', #6880, 5.000000000000004441 ) ;
#1357 = CARTESIAN_POINT ( 'NONE',  ( 0.000000000000000000, 66.90000000000000568, 0.000000000000000000 ) ) ;
#1358 = AXIS2_PLACEMENT_3D ( 'NONE', #3336, #3482, #6348 ) ;
#1359 = DIRECTION ( 'NONE',  ( 0.000000000000000000, -1.000000000000000000, -6.938893903907228378E-15 ) ) ;
#1360 = CARTESIAN_POINT ( 'NONE',  ( -35.07692307692308020, 8.099967126823484520, -9.000000000000001776 ) ) ;
#1361 = EDGE_CURVE ( 'NONE', #1219, #7882, #1379, .T. ) ;
#1362 = CARTESIAN_POINT ( 'NONE',  ( 30.18959104965163576, 12.66260854441431327, 23.08027587451877238 ) ) ;
#1363 = ORIENTED_EDGE ( 'NONE', *, *, #1722, .F. ) ;
#1364 = CARTESIAN_POINT ( 'NONE',  ( -19.43475361544497559, 1.018532277898461569, 9.000000000000000000 ) ) ;
#1365 = ORIENTED_EDGE ( 'NONE', *, *, #5726, .T. ) ;
#1366 = VECTOR ( 'NONE', #4544, 1000.000000000000000 ) ;
#1367 = EDGE_LOOP ( 'NONE', ( #1128, #9550 ) ) ;
#1368 = DIRECTION ( 'NONE',  ( -2.584927402981196428E-16, 1.000000000000000000, 0.000000000000000000 ) ) ;
#1369 = VERTEX_POINT ( 'NONE', #3215 ) ;
#1370 = CYLINDRICAL_SURFACE ( 'NONE', #8163, 36.00000000000000000 ) ;
#1371 = CARTESIAN_POINT ( 'NONE',  ( -18.49218940641788933, 60.00000000000000711, 8.999999999999998224 ) ) ;
#1372 = CIRCLE ( 'NONE', #741, 36.00000000000000000 ) ;
#1373 = DIRECTION ( 'NONE',  ( 0.000000000000000000, -1.000000000000000000, -6.938893903907228378E-15 ) ) ;
#1374 = ADVANCED_FACE ( 'NONE', ( #85 ), #5334, .F. ) ;
#1375 = EDGE_CURVE ( 'NONE', #6246, #6365, #3913, .T. ) ;
#1376 = CARTESIAN_POINT ( 'NONE',  ( 0.000000000000000000, 43.50000000000000711, -42.49999999999999289 ) ) ;
#1377 = CARTESIAN_POINT ( 'NONE',  ( 8.000000000000000000, 0.000000000000000000, 9.000000000000000000 ) ) ;
#1378 = CARTESIAN_POINT ( 'NONE',  ( -16.00000000000000000, 44.00000000000000000, 122.5000000000000000 ) ) ;
#1379 = CIRCLE ( 'NONE', #2321, 39.00000000000000000 ) ;
#1380 = CARTESIAN_POINT ( 'NONE',  ( -36.00000000000000000, -2.189125779142312269E-15, 19.00000000000000000 ) ) ;
#1381 = PRODUCT_DEFINITION_SHAPE ( 'NONE', 'NONE',  #6651 ) ;
#1382 = ORIENTED_EDGE ( 'NONE', *, *, #2347, .F. ) ;
#1383 = AXIS2_PLACEMENT_3D ( 'NONE', #3352, #2711, #3312 ) ;
#1384 = DIRECTION ( 'NONE',  ( -0.000000000000000000, -6.982962677686266711E-15, 1.000000000000000000 ) ) ;
#1385 = CARTESIAN_POINT ( 'NONE',  ( 36.00000000000000000, 44.00000000000318323, -445.5000000000000568 ) ) ;
#1386 = ORIENTED_EDGE ( 'NONE', *, *, #1860, .F. ) ;
#1387 = DIRECTION ( 'NONE',  ( -0.000000000000000000, -1.396592535537253342E-14, 1.000000000000000000 ) ) ;
#1388 = DIRECTION ( 'NONE',  ( 2.775557561563070817E-16, -2.775557561563492857E-17, -1.000000000000000000 ) ) ;
#1389 = CARTESIAN_POINT ( 'NONE',  ( 0.000000000000000000, 44.00000000000027711, -185.5000000000000284 ) ) ;
#1390 = PRESENTATION_LAYER_ASSIGNMENT (  '', '', ( #5338 ) ) ;
#1391 = CARTESIAN_POINT ( 'NONE',  ( -40.35573096249297009, 42.10173561087867711, -8.765754088664737154 ) ) ;
#1392 = CARTESIAN_POINT ( 'NONE',  ( -32.31098884280702066, 15.41602615938556475, -20.00000000000000711 ) ) ;
#1393 = ORIENTED_EDGE ( 'NONE', *, *, #8015, .T. ) ;
#1394 = CARTESIAN_POINT ( 'NONE',  ( -38.00000000000000711, 43.35812545754031078, -9.000000000000000000 ) ) ;
#1395 = AXIS2_PLACEMENT_3D ( 'NONE', #7913, #7211, #1915 ) ;
#1396 = DIRECTION ( 'NONE',  ( -1.826024711554533667E-16, -4.720141315418149384E-32, -1.000000000000000000 ) ) ;
#1397 = DIRECTION ( 'NONE',  ( 0.000000000000000000, 0.000000000000000000, 1.000000000000000000 ) ) ;
#1398 = AXIS2_PLACEMENT_3D ( 'NONE', #1123, #3509, #3415 ) ;
#1399 = CYLINDRICAL_SURFACE ( 'NONE', #1964, 4.999999999997658762 ) ;
#1400 = ORIENTED_EDGE ( 'NONE', *, *, #6259, .F. ) ;
#1401 = ORIENTED_EDGE ( 'NONE', *, *, #8728, .T. ) ;
#1402 = CARTESIAN_POINT ( 'NONE',  ( 0.000000000000000000, 87.99999999999984368, -124.4999999999997158 ) ) ;
#1403 = AXIS2_PLACEMENT_3D ( 'NONE', #2631, #351, #8653 ) ;
#1404 = CARTESIAN_POINT ( 'NONE',  ( 36.00000000000000000, 44.00000000000037659, -217.5000000000000568 ) ) ;
#1405 = ORIENTED_EDGE ( 'NONE', *, *, #9285, .F. ) ;
#1406 = FACE_OUTER_BOUND ( 'NONE', #2995, .T. ) ;
#1407 = EDGE_CURVE ( 'NONE', #4369, #7791, #5168, .T. ) ;
#1408 = VECTOR ( 'NONE', #8943, 1000.000000000000000 ) ;
#1409 = CYLINDRICAL_SURFACE ( 'NONE', #4026, 36.00000000000000000 ) ;
#1410 = CARTESIAN_POINT ( 'NONE',  ( -5.353535182891831390, 11.35458733209037163, 42.17375303784510265 ) ) ;
#1411 = CARTESIAN_POINT ( 'NONE',  ( -17.84990370404561588, 40.77485679859696432, 33.55966257948719544 ) ) ;
#1412 = CARTESIAN_POINT ( 'NONE',  ( 19.44014712769985564, 15.64835886370762097, 32.65341035545648651 ) ) ;
#1413 = VERTEX_POINT ( 'NONE', #3408 ) ;
#1414 = DIRECTION ( 'NONE',  ( -0.000000000000000000, -0.000000000000000000, 1.000000000000000000 ) ) ;
#1415 = ORIENTED_EDGE ( 'NONE', *, *, #7868, .F. ) ;
#1416 = ORIENTED_EDGE ( 'NONE', *, *, #3266, .F. ) ;
#1417 = AXIS2_PLACEMENT_3D ( 'NONE', #8187, #3555, #5122 ) ;
#1418 = LINE ( 'NONE', #8825, #7713 ) ;
#1419 = FACE_OUTER_BOUND ( 'NONE', #285, .T. ) ;
#1420 = ORIENTED_EDGE ( 'NONE', *, *, #800, .F. ) ;
#1421 = FACE_OUTER_BOUND ( 'NONE', #8586, .T. ) ;
#1422 = EDGE_CURVE ( 'NONE', #8628, #2279, #4193, .T. ) ;
#1423 = CARTESIAN_POINT ( 'NONE',  ( 16.50000000000000355, 27.00000000000000000, -39.16631205513227343 ) ) ;
#1424 = CARTESIAN_POINT ( 'NONE',  ( 0.000000000000000000, 44.00000000000185452, -334.5000000000000568 ) ) ;
#1425 = CARTESIAN_POINT ( 'NONE',  ( 9.431149480473601798, 47.43133534947049412, -36.81265614619694304 ) ) ;
#1426 = CARTESIAN_POINT ( 'NONE',  ( -1.102288863254893725, 43.50000000000001421, -42.50000000000000000 ) ) ;
#1427 = CARTESIAN_POINT ( 'NONE',  ( -47.00000000000000711, 39.99999999999999289, -19.00000000000000000 ) ) ;
#1428 = DIRECTION ( 'NONE',  ( -0.000000000000000000, 1.000000000000000000, 0.000000000000000000 ) ) ;
#1429 = DIRECTION ( 'NONE',  ( 0.000000000000000000, 1.396592535537253342E-14, -1.000000000000000000 ) ) ;
#1430 = EDGE_CURVE ( 'NONE', #4774, #9393, #9120, .T. ) ;
#1431 = ADVANCED_FACE ( 'NONE', ( #4242 ), #1060, .F. ) ;
#1432 = EDGE_LOOP ( 'NONE', ( #6886, #971, #8614, #1386 ) ) ;
#1433 = DIRECTION ( 'NONE',  ( 0.000000000000000000, 0.000000000000000000, 1.000000000000000000 ) ) ;
#1434 = CARTESIAN_POINT ( 'NONE',  ( -15.41800087429071553, 43.40272179728994928, 34.73609714347509225 ) ) ;
#1435 = ORIENTED_EDGE ( 'NONE', *, *, #5981, .T. ) ;
#1436 = CARTESIAN_POINT ( 'NONE',  ( 0.000000000000000000, 44.00000000000000000, 45.50000000000000000 ) ) ;
#1437 = DIRECTION ( 'NONE',  ( -0.2073282477915245892, -3.514100581498071257E-17, 0.9782714335335037648 ) ) ;
#1438 = CARTESIAN_POINT ( 'NONE',  ( 35.07692307692307310, 8.099967126823520047, 12.00000000000000000 ) ) ;
#1439 = ADVANCED_FACE ( 'NONE', ( #9339 ), #5775, .T. ) ;
#1440 = EDGE_CURVE ( 'NONE', #712, #113, #7908, .T. ) ;
#1441 = DIRECTION ( 'NONE',  ( 1.000000000000000000, 0.000000000000000000, 0.000000000000000000 ) ) ;
#1442 = EDGE_LOOP ( 'NONE', ( #2813, #4665, #3526, #8479 ) ) ;
#1443 = DIRECTION ( 'NONE',  ( 1.000000000000000000, 0.000000000000000000, 0.000000000000000000 ) ) ;
#1444 = CARTESIAN_POINT ( 'NONE',  ( 30.00000000000000000, 0.000000000000000000, -10.50000000000000178 ) ) ;
#1445 = CYLINDRICAL_SURFACE ( 'NONE', #49, 27.00000000000000000 ) ;
#1446 = CARTESIAN_POINT ( 'NONE',  ( -45.12591485733673125, 37.65739357167090162, -5.999999999999996447 ) ) ;
#1447 = ORIENTED_EDGE ( 'NONE', *, *, #8405, .F. ) ;
#1448 = VERTEX_POINT ( 'NONE', #2714 ) ;
#1449 = CARTESIAN_POINT ( 'NONE',  ( 0.000000000000000000, 0.000000000000000000, -19.00000000000000000 ) ) ;
#1450 = CARTESIAN_POINT ( 'NONE',  ( 3.023713973571494851, 49.30865901408445495, 37.88696980540267845 ) ) ;
#1451 = EDGE_LOOP ( 'NONE', ( #7547, #7997, #9212, #4310, #5969 ) ) ;
#1452 = FACE_OUTER_BOUND ( 'NONE', #122, .T. ) ;
#1453 = DIRECTION ( 'NONE',  ( 0.000000000000000000, 1.000000000000000000, 6.938893903907229955E-15 ) ) ;
#1454 = CARTESIAN_POINT ( 'NONE',  ( -2.724661562660432690, 10.71749138182204497, 42.41592048300033468 ) ) ;
#1455 = CYLINDRICAL_SURFACE ( 'NONE', #4975, 3.000000000000001332 ) ;
#1456 = ORIENTED_EDGE ( 'NONE', *, *, #5639, .T. ) ;
#1457 = CARTESIAN_POINT ( 'NONE',  ( -0.7636428968635974313, 4.509760092877519000, -37.99421863385805409 ) ) ;
#1458 = VERTEX_POINT ( 'NONE', #1118 ) ;
#1459 = EDGE_CURVE ( 'NONE', #7192, #4761, #1220, .T. ) ;
#1460 = EDGE_LOOP ( 'NONE', ( #2123, #4130, #4991, #2573 ) ) ;
#1461 = CARTESIAN_POINT ( 'NONE',  ( -38.25123110766384826, 7.324355332766115723, 9.000000000000001776 ) ) ;
#1462 = DIRECTION ( 'NONE',  ( -1.000000000000000000, 0.000000000000000000, 0.000000000000000000 ) ) ;
#1463 = EDGE_LOOP ( 'NONE', ( #4766, #3971, #918, #4560, #7147, #8686, #7373, #4185 ) ) ;
#1464 = CIRCLE ( 'NONE', #7304, 4.999999999996959765 ) ;
#1465 = DIRECTION ( 'NONE',  ( 0.000000000000000000, 1.396592535537253342E-14, -1.000000000000000000 ) ) ;
#1466 = AXIS2_PLACEMENT_3D ( 'NONE', #257, #6936, #4808 ) ;
#1467 = CARTESIAN_POINT ( 'NONE',  ( 26.99999999999999645, 0.000000000000000000, 19.00000000000000000 ) ) ;
#1468 = CARTESIAN_POINT ( 'NONE',  ( -34.51751045525497119, -10.22455240933926746, -334.5000000000007958 ) ) ;
#1469 = AXIS2_PLACEMENT_3D ( 'NONE', #2450, #8523, #4127 ) ;
#1470 = AXIS2_PLACEMENT_3D ( 'NONE', #1591, #7627, #2235 ) ;
#1471 = CIRCLE ( 'NONE', #6220, 9.000000000000001776 ) ;
#1472 = DIRECTION ( 'NONE',  ( 8.881784197001252323E-16, 1.000000000000000000, 1.439177994884462065E-14 ) ) ;
#1473 = ADVANCED_FACE ( 'NONE', ( #334, #7857 ), #9436, .T. ) ;
#1474 = CARTESIAN_POINT ( 'NONE',  ( -11.30116489397412494, 39.03401513708647741, -40.97178193347184560 ) ) ;
#1475 = CARTESIAN_POINT ( 'NONE',  ( 37.96853445382856762, 20.74511375178408912, -1.795980744473333557 ) ) ;
#1476 = DIRECTION ( 'NONE',  ( 1.000000000000000000, 0.000000000000000000, -0.000000000000000000 ) ) ;
#1477 = DIRECTION ( 'NONE',  ( 0.000000000000000000, -1.000000000000000000, -1.110223024626063099E-14 ) ) ;
#1478 = TOROIDAL_SURFACE ( 'NONE', #1635, 30.00000000000000000, 3.000000000000000000 ) ;
#1479 = AXIS2_PLACEMENT_3D ( 'NONE', #874, #9284, #1064 ) ;
#1480 = ORIENTED_EDGE ( 'NONE', *, *, #6012, .T. ) ;
#1481 = FACE_OUTER_BOUND ( 'NONE', #1267, .T. ) ;
#1482 = EDGE_CURVE ( 'NONE', #8117, #5012, #1696, .T. ) ;
#1483 = VECTOR ( 'NONE', #5868, 1000.000000000000000 ) ;
#1484 = AXIS2_PLACEMENT_3D ( 'NONE', #2292, #8866, #5112 ) ;
#1485 = DIRECTION ( 'NONE',  ( -1.000000000000000000, 0.000000000000000000, 0.000000000000000000 ) ) ;
#1486 = EDGE_LOOP ( 'NONE', ( #6394, #8031, #7298, #3908 ) ) ;
#1487 = DIRECTION ( 'NONE',  ( -0.9986295347545740553, -0.05233595624294046927, 0.000000000000000000 ) ) ;
#1488 = DIRECTION ( 'NONE',  ( 0.4360885198279320085, -6.237630075233971744E-17, -0.8999037742304915044 ) ) ;
#1489 = CARTESIAN_POINT ( 'NONE',  ( -34.51751045525497119, 98.22455240934094434, -121.4999999999996305 ) ) ;
#1490 = DIRECTION ( 'NONE',  ( 0.000000000000000000, 0.000000000000000000, 1.000000000000000000 ) ) ;
#1491 = AXIS2_PLACEMENT_3D ( 'NONE', #1202, #9564, #2794 ) ;
#1492 = EDGE_LOOP ( 'NONE', ( #3694, #4749, #5748, #6959, #9497, #5873 ) ) ;
#1493 = CARTESIAN_POINT ( 'NONE',  ( 0.000000000000000000, 43.99999999999982236, -121.5000000000000284 ) ) ;
#1494 = DIRECTION ( 'NONE',  ( 1.000000000000000000, 2.584927402981195935E-16, -0.000000000000000000 ) ) ;
#1495 = EDGE_CURVE ( 'NONE', #1894, #6878, #4105, .T. ) ;
#1496 = CARTESIAN_POINT ( 'NONE',  ( 0.000000000000000000, 88.00000000000095213, -281.4999999999997726 ) ) ;
#1497 = CARTESIAN_POINT ( 'NONE',  ( 3.673940397442058389E-15, 58.00000000000095213, -281.5000000000000000 ) ) ;
#1498 = ORIENTED_EDGE ( 'NONE', *, *, #5165, .F. ) ;
#1499 = AXIS2_PLACEMENT_3D ( 'NONE', #6684, #3726, #1441 ) ;
#1500 = VERTEX_POINT ( 'NONE', #1170 ) ;
#1501 = CARTESIAN_POINT ( 'NONE',  ( -51.87408514266327586, 36.10073188586939352, 5.999999999999998224 ) ) ;
#1502 = EDGE_LOOP ( 'NONE', ( #6794, #8359, #6584, #8424, #3204, #1101 ) ) ;
#1503 = DIRECTION ( 'NONE',  ( -1.000000000000000000, 0.000000000000000000, 0.000000000000000000 ) ) ;
#1504 = DIRECTION ( 'NONE',  ( -0.9743589743589743390, -0.2249990868562085078, 0.000000000000000000 ) ) ;
#1505 = AXIS2_PLACEMENT_3D ( 'NONE', #9726, #6014, #9125 ) ;
#1506 = AXIS2_PLACEMENT_3D ( 'NONE', #4170, #503, #4126 ) ;
#1507 = CARTESIAN_POINT ( 'NONE',  ( -38.68750310502560552, 2.942672785201579710, -8.974572379109753584 ) ) ;
#1508 = DIRECTION ( 'NONE',  ( -0.7808688094430302762, -0.6246950475544245096, 1.425885742525141599E-16 ) ) ;
#1509 = ORIENTED_EDGE ( 'NONE', *, *, #8268, .F. ) ;
#1510 = DIRECTION ( 'NONE',  ( -1.000000000000000000, 0.000000000000000000, 0.000000000000000000 ) ) ;
#1511 = EDGE_LOOP ( 'NONE', ( #6806, #6315 ) ) ;
#1512 = ORIENTED_EDGE ( 'NONE', *, *, #2638, .F. ) ;
#1513 = CARTESIAN_POINT ( 'NONE',  ( 0.000000000000000000, 90.00000000000000000, -42.49999999999999289 ) ) ;
#1514 = TOROIDAL_SURFACE ( 'NONE', #4667, 39.00000000000000000, 3.000000000000000000 ) ;
#1515 = AXIS2_PLACEMENT_3D ( 'NONE', #4268, #4219, #7277 ) ;
#1516 = LINE ( 'NONE', #4580, #5961 ) ;
#1517 = ORIENTED_EDGE ( 'NONE', *, *, #5486, .T. ) ;
#1518 = CARTESIAN_POINT ( 'NONE',  ( 3.768059663230344913, 43.07303161676036751, -42.33595134240263747 ) ) ;
#1519 = CARTESIAN_POINT ( 'NONE',  ( -5.352481972524772758, 11.35534500053833895, -42.17353431546216314 ) ) ;
#1520 = AXIS2_PLACEMENT_3D ( 'NONE', #90, #4694, #6084 ) ;
#1521 = CARTESIAN_POINT ( 'NONE',  ( -42.38830694285421430, 20.65639990006414450, 3.564443968842106347 ) ) ;
#1522 =( BOUNDED_CURVE ( )  B_SPLINE_CURVE ( 3, ( #2635, #5557, #7085, #6300 ),
 .UNSPECIFIED., .F., .F. ) 
 B_SPLINE_CURVE_WITH_KNOTS ( ( 4, 4 ),
 ( 1.570796326794895448, 4.712388980384689674 ),
 .UNSPECIFIED. ) 
 CURVE ( )  GEOMETRIC_REPRESENTATION_ITEM ( )  RATIONAL_B_SPLINE_CURVE ( ( 1.000000000000000000, 0.3333333333333330373, 0.3333333333333330373, 1.000000000000000000 ) ) 
 REPRESENTATION_ITEM ( '' )  );
#1523 = CYLINDRICAL_SURFACE ( 'NONE', #9127, 36.00000000000000000 ) ;
#1524 = DIRECTION ( 'NONE',  ( 0.000000000000000000, -1.000000000000000000, 0.000000000000000000 ) ) ;
#1525 = DIRECTION ( 'NONE',  ( 0.000000000000000000, 0.000000000000000000, 1.000000000000000000 ) ) ;
#1526 = CARTESIAN_POINT ( 'NONE',  ( -42.49999999999999289, 12.00000000000000000, 25.00000000000000000 ) ) ;
#1527 = AXIS2_PLACEMENT_3D ( 'NONE', #7451, #8099, #8993 ) ;
#1528 = EDGE_CURVE ( 'NONE', #2904, #1312, #7066, .T. ) ;
#1529 = ADVANCED_FACE ( 'NONE', ( #6371 ), #8955, .T. ) ;
#1530 = ORIENTED_EDGE ( 'NONE', *, *, #6841, .F. ) ;
#1531 =( REPRESENTATION_RELATIONSHIP ('NONE','NONE', #7863, #6533 ) REPRESENTATION_RELATIONSHIP_WITH_TRANSFORMATION ( #8784 )SHAPE_REPRESENTATION_RELATIONSHIP( ) );
#1532 = FACE_OUTER_BOUND ( 'NONE', #1442, .T. ) ;
#1533 = VECTOR ( 'NONE', #1817, 1000.000000000000000 ) ;
#1534 = CARTESIAN_POINT ( 'NONE',  ( -14.88612366845445401, 43.88722609477961356, 34.96808867697268397 ) ) ;
#1535 = ORIENTED_EDGE ( 'NONE', *, *, #4801, .T. ) ;
#1536 = CARTESIAN_POINT ( 'NONE',  ( 36.00000000000000000, 44.00000000000037659, -185.5000000000000284 ) ) ;
#1537 = CARTESIAN_POINT ( 'NONE',  ( 23.27861538330040858, 30.00000000000000355, 9.169995171090722152 ) ) ;
#1538 = CARTESIAN_POINT ( 'NONE',  ( -37.99999999999997158, -95.70788891204318816, 0.000000000000000000 ) ) ;
#1539 = ADVANCED_FACE ( 'NONE', ( #9389 ), #3504, .T. ) ;
#1540 = AXIS2_PLACEMENT_3D ( 'NONE', #3169, #8345, #4787 ) ;
#1541 = VERTEX_POINT ( 'NONE', #5631 ) ;
#1542 = DIRECTION ( 'NONE',  ( 0.000000000000000000, -1.000000000000000000, -1.387778780781445676E-14 ) ) ;
#1543 = DIRECTION ( 'NONE',  ( 0.000000000000000000, -1.000000000000000000, -1.110223024625831490E-14 ) ) ;
#1544 = CARTESIAN_POINT ( 'NONE',  ( 55.00000000000000000, 39.00000000000598988, -463.5000000000001137 ) ) ;
#1545 = CARTESIAN_POINT ( 'NONE',  ( 34.83320650664426665, 10.31019330857832195, 24.34966300051285160 ) ) ;
#1546 = EDGE_LOOP ( 'NONE', ( #1447, #100, #1692, #4617, #3729 ) ) ;
#1547 = ORIENTED_EDGE ( 'NONE', *, *, #2575, .T. ) ;
#1548 = AXIS2_PLACEMENT_3D ( 'NONE', #4033, #3986, #7829 ) ;
#1549 = CARTESIAN_POINT ( 'NONE',  ( 21.27062162306183879, 34.37323583772042213, 31.49018998018305382 ) ) ;
#1550 = VERTEX_POINT ( 'NONE', #9534 ) ;
#1551 = CARTESIAN_POINT ( 'NONE',  ( -34.51751045525497119, 98.22455240934137066, -182.4999999999996589 ) ) ;
#1552 = ADVANCED_FACE ( 'NONE', ( #8633 ), #8684, .T. ) ;
#1553 = ADVANCED_FACE ( 'NONE', ( #7205 ), #432, .T. ) ;
#1554 = ORIENTED_EDGE ( 'NONE', *, *, #9099, .F. ) ;
#1555 = DIRECTION ( 'NONE',  ( 0.000000000000000000, 6.982962677686266711E-15, -1.000000000000000000 ) ) ;
#1556 =( GEOMETRIC_REPRESENTATION_CONTEXT ( 3 ) GLOBAL_UNCERTAINTY_ASSIGNED_CONTEXT ( ( #6398 ) ) GLOBAL_UNIT_ASSIGNED_CONTEXT ( ( #5469, #1609, #6065 ) ) REPRESENTATION_CONTEXT ( 'NONE', 'WORKASPACE' ) );
#1557 = CARTESIAN_POINT ( 'NONE',  ( -36.00000000000000000, -2.451935939073054616E-15, -9.198662110077997056 ) ) ;
#1558 = CYLINDRICAL_SURFACE ( 'NONE', #2459, 80.00000000000000000 ) ;
#1559 = ORIENTED_EDGE ( 'NONE', *, *, #2554, .T. ) ;
#1560 = AXIS2_PLACEMENT_3D ( 'NONE', #4643, #337, #9252 ) ;
#1561 = DIRECTION ( 'NONE',  ( -0.000000000000000000, -0.000000000000000000, -1.000000000000000000 ) ) ;
#1562 = ORIENTED_EDGE ( 'NONE', *, *, #9454, .T. ) ;
#1563 = ORIENTED_EDGE ( 'NONE', *, *, #3353, .F. ) ;
#1564 = DIRECTION ( 'NONE',  ( 0.000000000000000000, 0.000000000000000000, 1.000000000000000000 ) ) ;
#1565 = CARTESIAN_POINT ( 'NONE',  ( 18.49218940641787157, 60.00000000000001421, -6.000000000000009770 ) ) ;
#1566 = ORIENTED_EDGE ( 'NONE', *, *, #8622, .F. ) ;
#1567 = CIRCLE ( 'NONE', #9622, 4.499999999999998224 ) ;
#1568 = ADVANCED_FACE ( 'NONE', ( #2165 ), #4070, .F. ) ;
#1569 = CARTESIAN_POINT ( 'NONE',  ( 0.000000000000000000, 44.00000000000345324, -448.5000000000000568 ) ) ;
#1570 = CARTESIAN_POINT ( 'NONE',  ( -10.08107270291770696, 13.89375552517190293, -41.29715924465205035 ) ) ;
#1571 = AXIS2_PLACEMENT_3D ( 'NONE', #1073, #5580, #2712 ) ;
#1572 = CARTESIAN_POINT ( 'NONE',  ( 43.56136546445958402, 42.75090762843232994, 4.798001052441326131 ) ) ;
#1573 = ORIENTED_EDGE ( 'NONE', *, *, #413, .F. ) ;
#1574 = FACE_OUTER_BOUND ( 'NONE', #9182, .T. ) ;
#1575 = CARTESIAN_POINT ( 'NONE',  ( 0.000000000000000000, 66.90000000000000568, 0.000000000000000000 ) ) ;
#1576 = DIRECTION ( 'NONE',  ( 0.000000000000000000, 6.982962677686266711E-15, -1.000000000000000000 ) ) ;
#1577 = DIRECTION ( 'NONE',  ( 0.000000000000000000, 1.396592535537253342E-14, -1.000000000000000000 ) ) ;
#1578 = CARTESIAN_POINT ( 'NONE',  ( 34.51751045525497119, -10.22455240934112553, -68.50000000000000000 ) ) ;
#1579 = ORIENTED_EDGE ( 'NONE', *, *, #4336, .T. ) ;
#1580 = LINE ( 'NONE', #4012, #1366 ) ;
#1581 = DIRECTION ( 'NONE',  ( -1.000000000000000000, 0.000000000000000000, 0.000000000000000000 ) ) ;
#1582 = VERTEX_POINT ( 'NONE', #5828 ) ;
#1583 = EDGE_CURVE ( 'NONE', #629, #2610, #8092, .T. ) ;
#1584 = EDGE_CURVE ( 'NONE', #2350, #5498, #9437, .T. ) ;
#1585 = CARTESIAN_POINT ( 'NONE',  ( 0.000000000000000000, 44.00000000000000000, -103.5000000000000142 ) ) ;
#1586 = DIRECTION ( 'NONE',  ( 1.000000000000000000, 0.000000000000000000, 0.000000000000000000 ) ) ;
#1587 = CARTESIAN_POINT ( 'NONE',  ( -36.00413538425119953, 13.28724465263634613, -22.58429440332211868 ) ) ;
#1588 = ORIENTED_EDGE ( 'NONE', *, *, #6840, .F. ) ;
#1589 = DIRECTION ( 'NONE',  ( -0.9588197348681938292, -0.2840153447039201473, 0.000000000000000000 ) ) ;
#1590 = DIRECTION ( 'NONE',  ( -0.000000000000000000, -1.000000000000000000, -0.000000000000000000 ) ) ;
#1591 = CARTESIAN_POINT ( 'NONE',  ( 22.86505473929884147, 55.46608166610122481, -6.000000000000010658 ) ) ;
#1592 = ORIENTED_EDGE ( 'NONE', *, *, #9585, .T. ) ;
#1593 = ADVANCED_FACE ( 'NONE', ( #584 ), #1370, .T. ) ;
#1594 = ORIENTED_EDGE ( 'NONE', *, *, #1528, .T. ) ;
#1595 = FACE_OUTER_BOUND ( 'NONE', #2991, .T. ) ;
#1596 = CARTESIAN_POINT ( 'NONE',  ( 5.372584090453488010E-15, 49.50000000000001421, 38.00000000000000711 ) ) ;
#1597 = ORIENTED_EDGE ( 'NONE', *, *, #2381, .F. ) ;
#1598 = CARTESIAN_POINT ( 'NONE',  ( -10.60459098999964134, 169.5080723089007506, -8.999999999999998224 ) ) ;
#1599 = VERTEX_POINT ( 'NONE', #8237 ) ;
#1600 = DIRECTION ( 'NONE',  ( 0.000000000000000000, 1.396592535537253342E-14, -1.000000000000000000 ) ) ;
#1601 = DIRECTION ( 'NONE',  ( -0.000000000000000000, -0.000000000000000000, -1.000000000000000000 ) ) ;
#1602 = CARTESIAN_POINT ( 'NONE',  ( 17.84784460993113697, 13.22327019911356949, 33.56063838343249728 ) ) ;
#1603 = ORIENTED_EDGE ( 'NONE', *, *, #5667, .F. ) ;
#1604 = DIRECTION ( 'NONE',  ( 1.000000000000000000, 0.000000000000000000, -0.000000000000000000 ) ) ;
#1605 = ORIENTED_EDGE ( 'NONE', *, *, #3377, .T. ) ;
#1606 = ORIENTED_EDGE ( 'NONE', *, *, #2435, .F. ) ;
#1607 = EDGE_CURVE ( 'NONE', #2147, #5377, #3917, .T. ) ;
#1608 = EDGE_LOOP ( 'NONE', ( #6018, #1807, #2127, #1961 ) ) ;
#1609 =( NAMED_UNIT ( * ) PLANE_ANGLE_UNIT ( ) SI_UNIT ( $, .RADIAN. ) );
#1610 = ADVANCED_FACE ( 'NONE', ( #9168, #1421 ), #4387, .T. ) ;
#1611 = CARTESIAN_POINT ( 'NONE',  ( 0.000000000000000000, 88.00000000000014211, -167.4999999999997158 ) ) ;
#1612 = ORIENTED_EDGE ( 'NONE', *, *, #5915, .F. ) ;
#1613 = DIRECTION ( 'NONE',  ( -0.000000000000000000, -6.982962677686266711E-15, 1.000000000000000000 ) ) ;
#1614 = CARTESIAN_POINT ( 'NONE',  ( -64.56989347527186851, -3.230592380278214382, -220.5000000000003979 ) ) ;
#1615 = CARTESIAN_POINT ( 'NONE',  ( -37.87894679998809266, 15.82624810372620594, 19.28947475002230050 ) ) ;
#1616 = EDGE_CURVE ( 'NONE', #8349, #5372, #7702, .T. ) ;
#1617 = ORIENTED_EDGE ( 'NONE', *, *, #5485, .F. ) ;
#1618 = DIRECTION ( 'NONE',  ( -0.000000000000000000, -0.000000000000000000, -1.000000000000000000 ) ) ;
#1619 = EDGE_CURVE ( 'NONE', #42, #2893, #5967, .T. ) ;
#1620 = DIRECTION ( 'NONE',  ( 0.000000000000000000, 1.000000000000000000, 1.423362852083533703E-14 ) ) ;
#1621 = DIRECTION ( 'NONE',  ( -0.000000000000000000, -6.982962677686266711E-15, 1.000000000000000000 ) ) ;
#1622 = AXIS2_PLACEMENT_3D ( 'NONE', #6001, #5247, #8262 ) ;
#1623 = ORIENTED_EDGE ( 'NONE', *, *, #8747, .T. ) ;
#1624 = AXIS2_PLACEMENT_3D ( 'NONE', #7865, #340, #4989 ) ;
#1625 = FACE_OUTER_BOUND ( 'NONE', #8751, .T. ) ;
#1626 = LINE ( 'NONE', #4794, #9220 ) ;
#1627 = ORIENTED_EDGE ( 'NONE', *, *, #1973, .T. ) ;
#1628 = CARTESIAN_POINT ( 'NONE',  ( 15.64712293513171382, 21.65358661174337129, -39.51727956463104618 ) ) ;
#1629 = AXIS2_PLACEMENT_3D ( 'NONE', #3516, #9495, #2627 ) ;
#1630 = DIRECTION ( 'NONE',  ( 0.000000000000000000, 0.000000000000000000, 1.000000000000000000 ) ) ;
#1631 =( GEOMETRIC_REPRESENTATION_CONTEXT ( 3 ) GLOBAL_UNCERTAINTY_ASSIGNED_CONTEXT ( ( #1145 ) ) GLOBAL_UNIT_ASSIGNED_CONTEXT ( ( #8108, #5740, #3517 ) ) REPRESENTATION_CONTEXT ( 'NONE', 'WORKASPACE' ) );
#1632 = DIRECTION ( 'NONE',  ( -1.000000000000000000, 0.000000000000000000, 0.000000000000000000 ) ) ;
#1633 = CARTESIAN_POINT ( 'NONE',  ( 2.069653090559026923E-15, 80.00000000000000000, 16.89999999999999858 ) ) ;
#1634 = ORIENTED_EDGE ( 'NONE', *, *, #1279, .T. ) ;
#1635 = AXIS2_PLACEMENT_3D ( 'NONE', #8755, #5752, #7376 ) ;
#1636 = CARTESIAN_POINT ( 'NONE',  ( 38.43829896936481560, 5.866068028336102635, -8.990188665593608519 ) ) ;
#1637 = AXIS2_PLACEMENT_3D ( 'NONE', #424, #7143, #7989 ) ;
#1638 = CARTESIAN_POINT ( 'NONE',  ( 36.00000000000000000, -2.189125779142312269E-15, 19.00000000000000000 ) ) ;
#1639 = CARTESIAN_POINT ( 'NONE',  ( 35.66733504618166961, 12.61822993163664997, 23.11253619070908627 ) ) ;
#1640 = ORIENTED_EDGE ( 'NONE', *, *, #5336, .F. ) ;
#1641 = ORIENTED_EDGE ( 'NONE', *, *, #2072, .T. ) ;
#1642 = CARTESIAN_POINT ( 'NONE',  ( 0.000000000000000000, 78.50000000000000000, 0.000000000000000000 ) ) ;
#1643 = ORIENTED_EDGE ( 'NONE', *, *, #4145, .F. ) ;
#1644 = VECTOR ( 'NONE', #8572, 1000.000000000000000 ) ;
#1645 = DIRECTION ( 'NONE',  ( -0.000000000000000000, 1.000000000000000000, 0.000000000000000000 ) ) ;
#1646 = DIRECTION ( 'NONE',  ( -0.000000000000000000, 6.982962677686266711E-15, -1.000000000000000000 ) ) ;
#1647 = VERTEX_POINT ( 'NONE', #2963 ) ;
#1648 = DIRECTION ( 'NONE',  ( 0.000000000000000000, 1.000000000000000000, 7.401486830834377462E-15 ) ) ;
#1649 = ADVANCED_FACE ( 'NONE', ( #1271 ), #9682, .F. ) ;
#1650 = DIRECTION ( 'NONE',  ( 0.000000000000000000, 0.000000000000000000, -1.000000000000000000 ) ) ;
#1651 = CIRCLE ( 'NONE', #74, 14.89999999999999680 ) ;
#1652 = CARTESIAN_POINT ( 'NONE',  ( 35.38462345019671318, 6.767470074049364293, -12.00000000000001066 ) ) ;
#1653 = ORIENTED_EDGE ( 'NONE', *, *, #3626, .T. ) ;
#1654 = CARTESIAN_POINT ( 'NONE',  ( -3.020778134206469012, 4.691018259351678488, -37.88716016034130973 ) ) ;
#1655 = ORIENTED_EDGE ( 'NONE', *, *, #5430, .F. ) ;
#1656 = ORIENTED_EDGE ( 'NONE', *, *, #3920, .F. ) ;
#1657 = CYLINDRICAL_SURFACE ( 'NONE', #3934, 39.99999999999999289 ) ;
#1658 = CARTESIAN_POINT ( 'NONE',  ( 42.49936592117559542, 20.77433629923643821, 0.9305251205887927757 ) ) ;
#1659 = DIRECTION ( 'NONE',  ( 1.000000000000000000, 0.000000000000000000, 0.000000000000000000 ) ) ;
#1660 = ORIENTED_EDGE ( 'NONE', *, *, #9336, .F. ) ;
#1661 = AXIS2_PLACEMENT_3D ( 'NONE', #7258, #537, #483 ) ;
#1662 = AXIS2_PLACEMENT_3D ( 'NONE', #1809, #5476, #7057 ) ;
#1663 = DIRECTION ( 'NONE',  ( -0.000000000000000000, 1.000000000000000000, -0.000000000000000000 ) ) ;
#1664 = ADVANCED_FACE ( 'NONE', ( #2814 ), #2861, .F. ) ;
#1665 = CARTESIAN_POINT ( 'NONE',  ( 0.000000000000000000, 27.00000000000000000, -19.00000000000000000 ) ) ;
#1666 = AXIS2_PLACEMENT_3D ( 'NONE', #5111, #6751, #6052 ) ;
#1667 = CARTESIAN_POINT ( 'NONE',  ( -42.47011356942472560, 20.74325979436795464, -1.834265006574617773 ) ) ;
#1668 = AXIS2_PLACEMENT_3D ( 'NONE', #5655, #5751, #4861 ) ;
#1669 = ORIENTED_EDGE ( 'NONE', *, *, #8434, .T. ) ;
#1670 = DIRECTION ( 'NONE',  ( -0.000000000000000000, -0.000000000000000000, 1.000000000000000000 ) ) ;
#1671 = FACE_OUTER_BOUND ( 'NONE', #6339, .T. ) ;
#1672 = DIRECTION ( 'NONE',  ( 0.000000000000000000, 0.000000000000000000, 1.000000000000000000 ) ) ;
#1673 = CARTESIAN_POINT ( 'NONE',  ( 4.592425496802574367E-15, 80.00000000000129319, -331.4999999999995453 ) ) ;
#1674 = CIRCLE ( 'NONE', #2947, 36.00000000000000000 ) ;
#1675 = AXIS2_PLACEMENT_3D ( 'NONE', #7313, #646, #546 ) ;
#1676 = EDGE_CURVE ( 'NONE', #2383, #5141, #5874, .T. ) ;
#1677 = EDGE_CURVE ( 'NONE', #470, #675, #4920, .T. ) ;
#1678 = ORIENTED_EDGE ( 'NONE', *, *, #6023, .F. ) ;
#1679 = DIRECTION ( 'NONE',  ( 0.000000000000000000, 0.000000000000000000, -1.000000000000000000 ) ) ;
#1680 = CARTESIAN_POINT ( 'NONE',  ( -38.43811293440706578, 5.867700902121785411, -8.990198382905882468 ) ) ;
#1681 = ORIENTED_EDGE ( 'NONE', *, *, #5541, .T. ) ;
#1682 = CIRCLE ( 'NONE', #7822, 42.49999999999999289 ) ;
#1683 = DIRECTION ( 'NONE',  ( -1.000000000000000000, 0.000000000000000000, 0.000000000000000000 ) ) ;
#1684 = CARTESIAN_POINT ( 'NONE',  ( -38.89087296526011528, 5.109127034743552898, -463.5000000000006253 ) ) ;
#1685 = DIRECTION ( 'NONE',  ( -0.000000000000000000, -1.396592535537253342E-14, 1.000000000000000000 ) ) ;
#1686 = ORIENTED_EDGE ( 'NONE', *, *, #6513, .F. ) ;
#1687 = AXIS2_PLACEMENT_3D ( 'NONE', #124, #6069, #5472 ) ;
#1688 = CARTESIAN_POINT ( 'NONE',  ( 14.80996373286423484, 19.64604233708673320, 39.83859343185949342 ) ) ;
#1689 = DIRECTION ( 'NONE',  ( 1.000000000000000000, -2.584927402981195935E-16, -0.000000000000000000 ) ) ;
#1690 = DIRECTION ( 'NONE',  ( 1.000000000000000000, 0.000000000000000000, -0.000000000000000000 ) ) ;
#1691 = ORIENTED_EDGE ( 'NONE', *, *, #8178, .T. ) ;
#1692 = ORIENTED_EDGE ( 'NONE', *, *, #8195, .F. ) ;
#1693 =( NAMED_UNIT ( * ) PLANE_ANGLE_UNIT ( ) SI_UNIT ( $, .RADIAN. ) );
#1694 = CARTESIAN_POINT ( 'NONE',  ( 0.000000000000000000, 44.00000000000341061, -445.5000000000000568 ) ) ;
#1695 = ORIENTED_EDGE ( 'NONE', *, *, #8357, .T. ) ;
#1696 = CIRCLE ( 'NONE', #7217, 36.00000000000000000 ) ;
#1697 = CARTESIAN_POINT ( 'NONE',  ( -64.56989347527186851, -3.230592380278214382, -220.5000000000003979 ) ) ;
#1698 = CARTESIAN_POINT ( 'NONE',  ( 0.000000000000000000, 44.00000000000297007, -413.5000000000001137 ) ) ;
#1699 = VERTEX_POINT ( 'NONE', #5976 ) ;
#1700 = CARTESIAN_POINT ( 'NONE',  ( 3.780221700883742209, 43.07046662830419592, 42.33497369010310507 ) ) ;
#1701 = FACE_OUTER_BOUND ( 'NONE', #7392, .T. ) ;
#1702 = DIRECTION ( 'NONE',  ( 1.000000000000000000, 0.000000000000000000, -1.826024711554533913E-16 ) ) ;
#1703 = ORIENTED_EDGE ( 'NONE', *, *, #8166, .F. ) ;
#1704 = AXIS2_PLACEMENT_3D ( 'NONE', #163, #4764, #6298 ) ;
#1705 = CYLINDRICAL_SURFACE ( 'NONE', #7166, 16.89999999999999858 ) ;
#1706 = ORIENTED_EDGE ( 'NONE', *, *, #4985, .F. ) ;
#1707 = VERTEX_POINT ( 'NONE', #8986 ) ;
#1708 = DIRECTION ( 'NONE',  ( 1.224646799147353207E-16, 1.000000000000000000, -0.000000000000000000 ) ) ;
#1709 = CARTESIAN_POINT ( 'NONE',  ( 40.16608544904459421, 18.28600158013897570, 13.91651153100806937 ) ) ;
#1710 = EDGE_CURVE ( 'NONE', #2846, #1299, #1221, .T. ) ;
#1711 = CARTESIAN_POINT ( 'NONE',  ( 4.837354856632045452E-15, 78.50000000000000000, -39.50000000000000000 ) ) ;
#1712 = ORIENTED_EDGE ( 'NONE', *, *, #3838, .F. ) ;
#1713 = CIRCLE ( 'NONE', #7080, 22.50000000000000000 ) ;
#1714 = CARTESIAN_POINT ( 'NONE',  ( 36.00000000000000000, 44.00000000000117950, -299.5000000000001137 ) ) ;
#1715 = CARTESIAN_POINT ( 'NONE',  ( 35.37782300509167754, 6.796919414593094011, 9.080507977783218720 ) ) ;
#1716 = AXIS2_PLACEMENT_3D ( 'NONE', #2769, #1227, #5634 ) ;
#1717 = CARTESIAN_POINT ( 'NONE',  ( 42.53257082007587542, 40.94075435349852654, 7.864077496539557899 ) ) ;
#1718 = ORIENTED_EDGE ( 'NONE', *, *, #539, .T. ) ;
#1719 = VECTOR ( 'NONE', #7367, 1000.000000000000000 ) ;
#1720 = CARTESIAN_POINT ( 'NONE',  ( 35.92084013153765909, 2.742645516829498753, 9.186626416931186867 ) ) ;
#1721 = DIRECTION ( 'NONE',  ( 0.000000000000000000, 0.000000000000000000, 1.000000000000000000 ) ) ;
#1722 = EDGE_CURVE ( 'NONE', #1448, #3200, #7069, .T. ) ;
#1723 = CARTESIAN_POINT ( 'NONE',  ( 22.20545528505506283, 30.46964945632733546, -9.285893317973698657 ) ) ;
#1724 = CARTESIAN_POINT ( 'NONE',  ( 38.75000000000000000, 1.473196481563982196, -8.968695557326062939 ) ) ;
#1725 = EDGE_LOOP ( 'NONE', ( #7250, #3542, #8188, #2184 ) ) ;
#1726 = DIRECTION ( 'NONE',  ( 0.000000000000000000, 0.000000000000000000, -1.000000000000000000 ) ) ;
#1727 = EDGE_LOOP ( 'NONE', ( #1656, #4254, #7286, #5357 ) ) ;
#1728 = CARTESIAN_POINT ( 'NONE',  ( -38.75000000000000711, 2.780653090851196070E-15, -8.968695557326048728 ) ) ;
#1729 = ORIENTED_EDGE ( 'NONE', *, *, #434, .T. ) ;
#1730 = EDGE_CURVE ( 'NONE', #4128, #7994, #5177, .T. ) ;
#1731 = CARTESIAN_POINT ( 'NONE',  ( 6.850433499487369460, 11.97956137284919365, -41.94730010765883321 ) ) ;
#1732 = EDGE_CURVE ( 'NONE', #3915, #6878, #7879, .T. ) ;
#1733 = DIRECTION ( 'NONE',  ( -0.000000000000000000, -1.396592535537253342E-14, 1.000000000000000000 ) ) ;
#1734 = DIRECTION ( 'NONE',  ( 1.000000000000000000, -0.000000000000000000, -0.000000000000000000 ) ) ;
#1735 = VERTEX_POINT ( 'NONE', #6938 ) ;
#1736 = CARTESIAN_POINT ( 'NONE',  ( 38.75000000000000000, 0.000000000000000000, -8.968695557326061163 ) ) ;
#1737 = CARTESIAN_POINT ( 'NONE',  ( -33.96389090903632990, 16.96188326802875679, 17.12776539809530973 ) ) ;
#1738 = DIRECTION ( 'NONE',  ( 0.000000000000000000, 6.982962677686266711E-15, -1.000000000000000000 ) ) ;
#1739 = ORIENTED_EDGE ( 'NONE', *, *, #812, .T. ) ;
#1740 = EDGE_CURVE ( 'NONE', #2095, #4883, #1001, .T. ) ;
#1741 = ORIENTED_EDGE ( 'NONE', *, *, #2638, .T. ) ;
#1742 = ADVANCED_FACE ( 'NONE', ( #6200 ), #4715, .T. ) ;
#1743 =( NAMED_UNIT ( * ) PLANE_ANGLE_UNIT ( ) SI_UNIT ( $, .RADIAN. ) );
#1744 = DIRECTION ( 'NONE',  ( 0.000000000000000000, 0.000000000000000000, -1.000000000000000000 ) ) ;
#1745 = DIRECTION ( 'NONE',  ( -1.000000000000000000, 0.000000000000000000, 1.927470528863119049E-16 ) ) ;
#1746 = DIRECTION ( 'NONE',  ( -0.000000000000000000, -0.000000000000000000, 1.000000000000000000 ) ) ;
#1747 = CARTESIAN_POINT ( 'NONE',  ( -64.56989347527186851, 91.23059238028058360, -334.4999999999994316 ) ) ;
#1748 = ORIENTED_EDGE ( 'NONE', *, *, #8842, .F. ) ;
#1749 = CARTESIAN_POINT ( 'NONE',  ( -35.07692307692307310, 8.099967126823484520, 12.00000000000000000 ) ) ;
#1750 = CYLINDRICAL_SURFACE ( 'NONE', #6721, 36.00000000000000000 ) ;
#1751 = CARTESIAN_POINT ( 'NONE',  ( 0.000000000000000000, 44.00000000000365930, -463.5000000000000568 ) ) ;
#1752 = EDGE_LOOP ( 'NONE', ( #363, #159 ) ) ;
#1753 = CARTESIAN_POINT ( 'NONE',  ( -34.72977256839794080, 9.895578596590382858, 24.49696747395734420 ) ) ;
#1754 = ORIENTED_EDGE ( 'NONE', *, *, #1495, .T. ) ;
#1755 = ORIENTED_EDGE ( 'NONE', *, *, #1119, .F. ) ;
#1756 = DIRECTION ( 'NONE',  ( 1.000000000000000000, -1.224646799147353207E-16, -8.551662891793917213E-31 ) ) ;
#1757 = CARTESIAN_POINT ( 'NONE',  ( -34.51751045525497119, -10.22455240934112553, -68.50000000000000000 ) ) ;
#1758 = ORIENTED_EDGE ( 'NONE', *, *, #5832, .T. ) ;
#1759 = FACE_OUTER_BOUND ( 'NONE', #5859, .T. ) ;
#1760 = DIRECTION ( 'NONE',  ( 1.000000000000000000, 0.000000000000000000, 0.000000000000000000 ) ) ;
#1761 = ADVANCED_FACE ( 'NONE', ( #210 ), #9360, .F. ) ;
#1762 = CARTESIAN_POINT ( 'NONE',  ( 36.00000000000000000, 44.00000000000000711, 45.50000000000000000 ) ) ;
#1763 = EDGE_LOOP ( 'NONE', ( #7237, #6505 ) ) ;
#1764 = CARTESIAN_POINT ( 'NONE',  ( 0.000000000000000000, 27.00000000000000000, -42.49999999999999289 ) ) ;
#1765 = CARTESIAN_POINT ( 'NONE',  ( 0.000000000000000000, 201.1999999999999886, 19.00000000000000000 ) ) ;
#1766 = CARTESIAN_POINT ( 'NONE',  ( 38.75000000000000000, 1.407165736303804697E-14, -8.968695557326061163 ) ) ;
#1767 = ADVANCED_FACE ( 'NONE', ( #8562, #309 ), #6392, .F. ) ;
#1768 = EDGE_CURVE ( 'NONE', #7222, #7980, #7227, .T. ) ;
#1769 = CARTESIAN_POINT ( 'NONE',  ( 0.000000000000000000, 44.00000000000133582, -334.5000000000000568 ) ) ;
#1770 = AXIS2_PLACEMENT_3D ( 'NONE', #6590, #5648, #4163 ) ;
#1771 = CARTESIAN_POINT ( 'NONE',  ( -38.00000000000000000, 8.774964387392147458, -9.000000000000001776 ) ) ;
#1772 = ORIENTED_EDGE ( 'NONE', *, *, #1034, .T. ) ;
#1773 = CARTESIAN_POINT ( 'NONE',  ( 7.342880287264611283, 12.21404276383025866, -41.86366930449394630 ) ) ;
#1774 = CONTEXT_DEPENDENT_SHAPE_REPRESENTATION ( #8543, #7927 ) ;
#1775 = DIRECTION ( 'NONE',  ( 2.584927402981196428E-16, -1.000000000000000000, -0.000000000000000000 ) ) ;
#1776 = VECTOR ( 'NONE', #216, 1000.000000000000000 ) ;
#1777 = AXIS2_PLACEMENT_3D ( 'NONE', #4067, #6287, #6872 ) ;
#1778 = CARTESIAN_POINT ( 'NONE',  ( -38.68759559582434804, 2.941038293923116331, -8.974564642706452489 ) ) ;
#1779 = ORIENTED_EDGE ( 'NONE', *, *, #2251, .T. ) ;
#1780 = EDGE_CURVE ( 'NONE', #769, #2490, #6985, .T. ) ;
#1781 = CARTESIAN_POINT ( 'NONE',  ( 10.89189235840890113, 14.59425365920911766, 41.08282226563989070 ) ) ;
#1782 = EDGE_CURVE ( 'NONE', #6365, #7457, #8965, .T. ) ;
#1783 = CARTESIAN_POINT ( 'NONE',  ( 0.000000000000000000, 0.000000000000000000, -19.00000000000000000 ) ) ;
#1784 = AXIS2_PLACEMENT_3D ( 'NONE', #7575, #3824, #1542 ) ;
#1785 = CIRCLE ( 'NONE', #7004, 30.00000000000000000 ) ;
#1786 = VECTOR ( 'NONE', #3765, 1000.000000000000000 ) ;
#1787 = CARTESIAN_POINT ( 'NONE',  ( -14.93529165062457409, 10.11083375687809571, 34.95968398033978275 ) ) ;
#1788 = ORIENTED_EDGE ( 'NONE', *, *, #4, .T. ) ;
#1789 = CARTESIAN_POINT ( 'NONE',  ( 0.000000000000000000, 55.29999999999999716, 39.50000000000000000 ) ) ;
#1790 = DIRECTION ( 'NONE',  ( 0.000000000000000000, -6.982962677686266711E-15, 1.000000000000000000 ) ) ;
#1791 = DIRECTION ( 'NONE',  ( -1.000000000000000000, 0.000000000000000000, 0.000000000000000000 ) ) ;
#1792 = APPLICATION_CONTEXT ( 'automotive_design' ) ;
#1793 = DIRECTION ( 'NONE',  ( 1.000000000000000000, 0.000000000000000000, 0.000000000000000000 ) ) ;
#1794 = AXIS2_PLACEMENT_3D ( 'NONE', #7577, #3828, #6831 ) ;
#1795 = EDGE_LOOP ( 'NONE', ( #2159, #4887 ) ) ;
#1796 = CIRCLE ( 'NONE', #6854, 39.00000000000000000 ) ;
#1797 = DIRECTION ( 'NONE',  ( 1.000000000000000000, 2.584927402981196428E-16, -1.826024711554533667E-16 ) ) ;
#1798 = EDGE_CURVE ( 'NONE', #5826, #2468, #9316, .T. ) ;
#1799 = DIRECTION ( 'NONE',  ( 0.000000000000000000, -0.000000000000000000, 1.000000000000000000 ) ) ;
#1800 = CARTESIAN_POINT ( 'NONE',  ( -36.00000000000000000, -2.189125779142312269E-15, 19.00000000000000000 ) ) ;
#1801 = EDGE_LOOP ( 'NONE', ( #7129, #6919, #8879, #636, #7694, #3637 ) ) ;
#1802 = DIRECTION ( 'NONE',  ( -1.000000000000000000, 0.000000000000000000, 0.000000000000000000 ) ) ;
#1803 = ORIENTED_EDGE ( 'NONE', *, *, #1407, .T. ) ;
#1804 = ORIENTED_EDGE ( 'NONE', *, *, #4, .F. ) ;
#1805 = AXIS2_PLACEMENT_3D ( 'NONE', #865, #3046, #5319 ) ;
#1806 = CARTESIAN_POINT ( 'NONE',  ( 37.50000000000000000, 15.41602615938555587, 20.00000000000000000 ) ) ;
#1807 = ORIENTED_EDGE ( 'NONE', *, *, #3826, .T. ) ;
#1808 = CARTESIAN_POINT ( 'NONE',  ( 5.204748896376249319E-15, 82.69999999999998863, 42.49999999999999289 ) ) ;
#1809 = CARTESIAN_POINT ( 'NONE',  ( 0.000000000000000000, 0.000000000000000000, 19.00000000000000000 ) ) ;
#1810 = CARTESIAN_POINT ( 'NONE',  ( 45.19700157866201096, 39.51972461558847272, -5.530920482695860230 ) ) ;
#1811 = ORIENTED_EDGE ( 'NONE', *, *, #2464, .F. ) ;
#1812 = ORIENTED_EDGE ( 'NONE', *, *, #9570, .F. ) ;
#1813 = CARTESIAN_POINT ( 'NONE',  ( 38.89087296526012949, 82.89087296526354010, -448.4999999999994884 ) ) ;
#1814 = AXIS2_PLACEMENT_3D ( 'NONE', #2715, #248, #7257 ) ;
#1815 = CARTESIAN_POINT ( 'NONE',  ( 0.000000000000000000, 0.000000000000000000, -53.50000000000000000 ) ) ;
#1816 = ORIENTED_EDGE ( 'NONE', *, *, #9099, .T. ) ;
#1817 = DIRECTION ( 'NONE',  ( 0.000000000000000000, 6.982962677686266711E-15, -1.000000000000000000 ) ) ;
#1818 = VECTOR ( 'NONE', #13, 1000.000000000000000 ) ;
#1819 = CIRCLE ( 'NONE', #79, 16.89999999999999858 ) ;
#1820 = DIRECTION ( 'NONE',  ( -0.000000000000000000, -0.000000000000000000, 1.000000000000000000 ) ) ;
#1821 = CARTESIAN_POINT ( 'NONE',  ( 18.27418245305617361, 13.85391934949679893, -33.32064800018330430 ) ) ;
#1822 = ITEM_DEFINED_TRANSFORMATION ( 'NONE', 'NONE', #6465,  #3150 ) ;
#1823 = CARTESIAN_POINT ( 'NONE',  ( 0.000000000000000000, 2.000000000000029310, 0.000000000000000000 ) ) ;
#1824 = EDGE_CURVE ( 'NONE', #5370, #6195, #909, .T. ) ;
#1825 = VECTOR ( 'NONE', #9060, 1000.000000000000000 ) ;
#1826 = VERTEX_POINT ( 'NONE', #5405 ) ;
#1827 = CARTESIAN_POINT ( 'NONE',  ( 8.000000000000000000, 0.000000000000000000, -4.699999999999999289 ) ) ;
#1828 = AXIS2_PLACEMENT_3D ( 'NONE', #2125, #3569, #8154 ) ;
#1829 = FACE_OUTER_BOUND ( 'NONE', #5019, .T. ) ;
#1830 = DIRECTION ( 'NONE',  ( 0.000000000000000000, 1.000000000000000000, 7.401486830834377462E-15 ) ) ;
#1831 = ORIENTED_EDGE ( 'NONE', *, *, #154, .F. ) ;
#1832 = CARTESIAN_POINT ( 'NONE',  ( 0.000000000000000000, 146.1386137946185215, 9.000000000000000000 ) ) ;
#1833 = EDGE_CURVE ( 'NONE', #1057, #1284, #2819, .T. ) ;
#1834 = DIRECTION ( 'NONE',  ( 1.000000000000000000, 0.000000000000000000, 0.000000000000000000 ) ) ;
#1835 = CARTESIAN_POINT ( 'NONE',  ( 0.000000000000000000, 44.00000000000129319, -331.5000000000000568 ) ) ;
#1836 = DIRECTION ( 'NONE',  ( -0.000000000000000000, -6.982962677686266711E-15, 1.000000000000000000 ) ) ;
#1837 = ORIENTED_EDGE ( 'NONE', *, *, #9211, .T. ) ;
#1838 = CARTESIAN_POINT ( 'NONE',  ( 13.41794638805612117, 36.61736970381290490, 40.32749781264622158 ) ) ;
#1839 = PRODUCT_DEFINITION_SHAPE ( 'NONE', 'NONE',  #9782 ) ;
#1840 = DIRECTION ( 'NONE',  ( 0.000000000000000000, 0.000000000000000000, 1.000000000000000000 ) ) ;
#1841 = CARTESIAN_POINT ( 'NONE',  ( -38.00000000000000000, 30.00000000000000000, 9.000000000000000000 ) ) ;
#1842 = EDGE_LOOP ( 'NONE', ( #8137, #8821, #7461, #7750 ) ) ;
#1843 = DIRECTION ( 'NONE',  ( 1.224646799147351975E-16, 1.000000000000000000, 0.000000000000000000 ) ) ;
#1844 = ORIENTED_EDGE ( 'NONE', *, *, #6748, .T. ) ;
#1845 = EDGE_LOOP ( 'NONE', ( #5157, #6426, #7912, #1420 ) ) ;
#1846 = CIRCLE ( 'NONE', #9286, 36.00000000000000000 ) ;
#1847 = DIRECTION ( 'NONE',  ( -0.000000000000000000, -0.000000000000000000, 1.000000000000000000 ) ) ;
#1848 = ADVANCED_FACE ( 'NONE', ( #7127, #3286 ), #3381, .F. ) ;
#1849 = ORIENTED_EDGE ( 'NONE', *, *, #4396, .T. ) ;
#1850 = EDGE_CURVE ( 'NONE', #3886, #5208, #7380, .T. ) ;
#1851 = FILL_AREA_STYLE_COLOUR ( '', #5937 ) ;
#1852 = CARTESIAN_POINT ( 'NONE',  ( -36.00000000000000711, 0.000000000000000000, -11.95826074310139653 ) ) ;
#1853 = VECTOR ( 'NONE', #1049, 1000.000000000000000 ) ;
#1854 = LINE ( 'NONE', #9427, #4826 ) ;
#1855 = CARTESIAN_POINT ( 'NONE',  ( 43.53092048269583358, 40.40830120010126336, -7.197001578662030497 ) ) ;
#1856 = EDGE_LOOP ( 'NONE', ( #7479, #6698, #6063, #4036, #4723 ) ) ;
#1857 = ORIENTED_EDGE ( 'NONE', *, *, #9211, .F. ) ;
#1858 = FACE_OUTER_BOUND ( 'NONE', #6557, .T. ) ;
#1859 = B_SPLINE_CURVE_WITH_KNOTS ( 'NONE', 3,
 ( #1852, #1109, #7288, #3493, #4913, #2704 ),
 .UNSPECIFIED., .F., .F.,
 ( 4, 2, 4 ),
 ( 0.000000000000000000, 0.004076250747534592399, 0.008152501495069184798 ),
 .UNSPECIFIED. ) ;
#1860 = EDGE_CURVE ( 'NONE', #8841, #1862, #4121, .T. ) ;
#1861 = DIRECTION ( 'NONE',  ( -1.000000000000000000, 0.000000000000000000, 0.000000000000000000 ) ) ;
#1862 = VERTEX_POINT ( 'NONE', #3332 ) ;
#1863 = AXIS2_PLACEMENT_3D ( 'NONE', #4259, #8651, #495 ) ;
#1864 = DIRECTION ( 'NONE',  ( 0.000000000000000000, 0.000000000000000000, 1.000000000000000000 ) ) ;
#1865 = AXIS2_PLACEMENT_3D ( 'NONE', #8687, #4932, #389 ) ;
#1866 = VECTOR ( 'NONE', #8640, 1000.000000000000000 ) ;
#1867 = EDGE_LOOP ( 'NONE', ( #6828, #5753 ) ) ;
#1868 = AXIS2_PLACEMENT_3D ( 'NONE', #3540, #6503, #6696 ) ;
#1869 = CARTESIAN_POINT ( 'NONE',  ( 33.07375552197755297, 170.6856313243669092, 19.00000000000000000 ) ) ;
#1870 = DIRECTION ( 'NONE',  ( -1.000000000000000000, 0.000000000000000000, 0.000000000000000000 ) ) ;
#1871 = LINE ( 'NONE', #7116, #8097 ) ;
#1872 = AXIS2_PLACEMENT_3D ( 'NONE', #687, #3711, #9644 ) ;
#1873 = ORIENTED_EDGE ( 'NONE', *, *, #6161, .F. ) ;
#1874 = CIRCLE ( 'NONE', #6144, 22.50000000000000000 ) ;
#1875 = CARTESIAN_POINT ( 'NONE',  ( 5.852990615864127832, 11.56364086873038666, 42.09802911445948581 ) ) ;
#1876 = EDGE_CURVE ( 'NONE', #8308, #7882, #2815, .T. ) ;
#1877 = ADVANCED_FACE ( 'NONE', ( #6492 ), #1892, .T. ) ;
#1878 = CARTESIAN_POINT ( 'NONE',  ( 13.77243784604060473, 44.80695893973889099, -35.42144599135701810 ) ) ;
#1879 = VECTOR ( 'NONE', #8141, 1000.000000000000114 ) ;
#1880 = CARTESIAN_POINT ( 'NONE',  ( -22.42333047020709103, 25.10659645407615059, 30.67892497752238867 ) ) ;
#1881 = ORIENTED_EDGE ( 'NONE', *, *, #8977, .T. ) ;
#1882 = CARTESIAN_POINT ( 'NONE',  ( 64.56989347527186851, 91.23059238028143625, -395.4999999999994316 ) ) ;
#1883 = CARTESIAN_POINT ( 'NONE',  ( 29.63209163395032775, 32.52597647107913303, 433.0000000000000568 ) ) ;
#1884 = LINE ( 'NONE', #5987, #3691 ) ;
#1885 = DIRECTION ( 'NONE',  ( 2.584927402981196428E-16, -1.000000000000000000, -0.000000000000000000 ) ) ;
#1886 = CARTESIAN_POINT ( 'NONE',  ( 16.00000000000000000, 44.00000000000000000, 122.5000000000000000 ) ) ;
#1887 = CARTESIAN_POINT ( 'NONE',  ( 36.00000000000000000, 4.408728476930470856E-15, -19.00000000000000000 ) ) ;
#1888 = EDGE_LOOP ( 'NONE', ( #6261, #4142, #5774, #8087 ) ) ;
#1889 = DIRECTION ( 'NONE',  ( -1.000000000000000000, 0.000000000000000000, 0.000000000000000000 ) ) ;
#1890 = CARTESIAN_POINT ( 'NONE',  ( 0.000000000000000000, 2.108854728661257444E-12, -352.5000000000006821 ) ) ;
#1891 = ADVANCED_FACE ( 'NONE', ( #7082 ), #1523, .T. ) ;
#1892 =( BOUNDED_SURFACE ( )  B_SPLINE_SURFACE ( 3, 2, ( 
 ( #5094, #9608, #7177 ),
 ( #5849, #4214, #1987 ),
 ( #2035, #8850, #407 ),
 ( #553, #455, #6542 ),
 ( #1289, #2836, #3627 ),
 ( #8114, #6443, #7370 ),
 ( #3478, #605, #3430 ),
 ( #5799, #9408, #498 ),
 ( #2634, #9457, #8798 ),
 ( #4899, #8656, #9501 ),
 ( #5000, #4262, #7273 ),
 ( #2731, #5745, #5045 ),
 ( #3524, #9555, #2786 ),
 ( #8066, #4308, #3576 ),
 ( #8902, #2134, #2879 ),
 ( #5146, #8161, #1391 ),
 ( #4407, #5896, #9655 ),
 ( #7421, #653, #6643 ) ),
 .UNSPECIFIED., .F., .F., .T. ) 
 B_SPLINE_SURFACE_WITH_KNOTS ( ( 4, 2, 2, 2, 2, 2, 2, 2, 4 ),
 ( 3, 3 ),
 ( 1.570796326794896558, 1.963495408493620697, 2.356194490192344837, 2.748893571891068976, 3.141592653589793116, 3.534291735288517255, 3.926990816987241395, 4.319689898685965090, 4.712388980384689674 ),
 ( 0.000000000000000000, 1.000000000000000000 ),
 .UNSPECIFIED. ) 
 GEOMETRIC_REPRESENTATION_ITEM ( )  RATIONAL_B_SPLINE_SURFACE ( (
 ( 1.000000000000000000, 0.7071067811865475727, 1.000000000000000000),
 ( 1.000000000000000000, 0.7360352682950008774, 1.000000000000000000),
 ( 1.000000000000000000, 0.7631068668637707164, 1.000000000000000000),
 ( 1.000000000000000000, 0.8110979768459670725, 1.000000000000000000),
 ( 1.000000000000000000, 0.8320108299757849046, 1.000000000000000000),
 ( 1.000000000000000000, 0.8660622569668166015, 1.000000000000000000),
 ( 1.000000000000000000, 0.8792056797120084699, 1.000000000000000000),
 ( 1.000000000000000000, 0.8968252707484261066, 1.000000000000000000),
 ( 1.000000000000000000, 0.9013032363068559372, 1.000000000000000000),
 ( 1.000000000000000000, 0.9013032363068559372, 1.000000000000000000),
 ( 1.000000000000000000, 0.8968252707480615094, 1.000000000000000000),
 ( 1.000000000000000000, 0.8792056797123735112, 1.000000000000000000),
 ( 1.000000000000000000, 0.8660622569671171389, 1.000000000000000000),
 ( 1.000000000000000000, 0.8320108299754843673, 1.000000000000000000),
 ( 1.000000000000000000, 0.8110979768458334016, 1.000000000000000000),
 ( 1.000000000000000000, 0.7631068668639044983, 1.000000000000000000),
 ( 1.000000000000000000, 0.7360352682949009573, 1.000000000000000000),
 ( 1.000000000000000000, 0.7071067811865475727, 1.000000000000000000) ) ) 
 REPRESENTATION_ITEM ( '' )  SURFACE ( )  );
#1893 = DIRECTION ( 'NONE',  ( 0.000000000000000000, 1.000000000000000000, 1.110223024625260355E-14 ) ) ;
#1894 = VERTEX_POINT ( 'NONE', #2263 ) ;
#1895 = PLANE ( 'NONE',  #5115 ) ;
#1896 = ORIENTED_EDGE ( 'NONE', *, *, #1262, .T. ) ;
#1897 = ORIENTED_EDGE ( 'NONE', *, *, #4049, .F. ) ;
#1898 = CARTESIAN_POINT ( 'NONE',  ( 0.000000000000000000, 0.000000000000000000, -19.00000000000000000 ) ) ;
#1899 = LINE ( 'NONE', #9423, #2880 ) ;
#1900 = ORIENTED_EDGE ( 'NONE', *, *, #7173, .T. ) ;
#1901 = DIRECTION ( 'NONE',  ( 0.000000000000000000, -0.7071067811865474617, -0.7071067811865474617 ) ) ;
#1902 = DIRECTION ( 'NONE',  ( 0.000000000000000000, -0.000000000000000000, 1.000000000000000000 ) ) ;
#1903 = ADVANCED_FACE ( 'NONE', ( #2313 ), #6177, .T. ) ;
#1904 = CARTESIAN_POINT ( 'NONE',  ( -17.84133739388041562, 40.72793328459069073, -33.55520051068751997 ) ) ;
#1905 = VERTEX_POINT ( 'NONE', #5330 ) ;
#1906 = EDGE_LOOP ( 'NONE', ( #3954, #5615, #4075, #7170, #4867, #6655, #165, #3454 ) ) ;
#1907 = DIRECTION ( 'NONE',  ( 0.000000000000000000, 1.000000000000000000, 1.110223024625260355E-14 ) ) ;
#1908 = CARTESIAN_POINT ( 'NONE',  ( -56.90275806167066719, 50.37932239495659559, 9.000000000000000000 ) ) ;
#1909 = ORIENTED_EDGE ( 'NONE', *, *, #6068, .F. ) ;
#1910 = CARTESIAN_POINT ( 'NONE',  ( 0.000000000000000000, 90.00000000000000000, 0.000000000000000000 ) ) ;
#1911 = LINE ( 'NONE', #7954, #9247 ) ;
#1912 = EDGE_CURVE ( 'NONE', #6823, #7493, #5014, .T. ) ;
#1913 = EDGE_CURVE ( 'NONE', #6070, #382, #8493, .T. ) ;
#1914 = ORIENTED_EDGE ( 'NONE', *, *, #7638, .T. ) ;
#1915 = DIRECTION ( 'NONE',  ( 0.000000000000000000, 1.000000000000000000, 1.110223024626007879E-14 ) ) ;
#1916 = CARTESIAN_POINT ( 'NONE',  ( 21.01637049765061960, 18.93159999679087235, -31.66113722592715618 ) ) ;
#1917 = CONTEXT_DEPENDENT_SHAPE_REPRESENTATION ( #1531, #5538 ) ;
#1918 = FACE_OUTER_BOUND ( 'NONE', #4000, .T. ) ;
#1919 = PRODUCT_DEFINITION_SHAPE ( 'NONE', 'NONE',  #9790 ) ;
#1920 = VERTEX_POINT ( 'NONE', #3859 ) ;
#1921 = TOROIDAL_SURFACE ( 'NONE', #6983, 39.00000000000000000, 3.000000000000000000 ) ;
#1922 = DIRECTION ( 'NONE',  ( 1.000000000000000000, 0.000000000000000000, 0.000000000000000000 ) ) ;
#1923 = CARTESIAN_POINT ( 'NONE',  ( 10.09576351251936366, 47.11123078741933057, -36.63596309857911137 ) ) ;
#1924 = EDGE_LOOP ( 'NONE', ( #3087, #4581 ) ) ;
#1925 = DIRECTION ( 'NONE',  ( 0.000000000000000000, 0.000000000000000000, -1.000000000000000000 ) ) ;
#1926 = CIRCLE ( 'NONE', #2098, 22.50000000000000355 ) ;
#1927 = DIRECTION ( 'NONE',  ( 0.000000000000000000, 0.000000000000000000, 1.000000000000000000 ) ) ;
#1928 = DIRECTION ( 'NONE',  ( -0.000000000000000000, -1.000000000000000000, -0.000000000000000000 ) ) ;
#1929 = VECTOR ( 'NONE', #5848, 1000.000000000000000 ) ;
#1930 = ORIENTED_EDGE ( 'NONE', *, *, #4928, .T. ) ;
#1931 = CARTESIAN_POINT ( 'NONE',  ( 64.56989347527186851, 91.23059238028079676, -349.4999999999994316 ) ) ;
#1932 = ORIENTED_EDGE ( 'NONE', *, *, #4021, .T. ) ;
#1933 = DIRECTION ( 'NONE',  ( 0.000000000000000000, 1.396592535537253342E-14, -1.000000000000000000 ) ) ;
#1934 = AXIS2_PLACEMENT_3D ( 'NONE', #4452, #2982, #3778 ) ;
#1935 = DIRECTION ( 'NONE',  ( -1.000000000000000000, 0.000000000000000000, 0.000000000000000000 ) ) ;
#1936 = AXIS2_PLACEMENT_3D ( 'NONE', #9113, #5399, #2333 ) ;
#1937 = AXIS2_PLACEMENT_3D ( 'NONE', #6725, #736, #7558 ) ;
#1938 = DIRECTION ( 'NONE',  ( 0.000000000000000000, 1.396592535537253342E-14, -1.000000000000000000 ) ) ;
#1939 = ORIENTED_EDGE ( 'NONE', *, *, #4914, .T. ) ;
#1940 = CARTESIAN_POINT ( 'NONE',  ( 24.73913988196211733, 57.80868809443031608, -6.000000000000010658 ) ) ;
#1941 = ORIENTED_EDGE ( 'NONE', *, *, #7734, .F. ) ;
#1942 = VERTEX_POINT ( 'NONE', #9034 ) ;
#1943 = CARTESIAN_POINT ( 'NONE',  ( -24.91987158875423347, 30.00000000000000000, -8.999999999999994671 ) ) ;
#1944 = DIRECTION ( 'NONE',  ( 0.000000000000000000, 1.000000000000000000, -0.000000000000000000 ) ) ;
#1945 = VERTEX_POINT ( 'NONE', #2469 ) ;
#1946 = AXIS2_PLACEMENT_3D ( 'NONE', #8704, #8026, #4269 ) ;
#1947 = CIRCLE ( 'NONE', #3068, 22.50000000000000355 ) ;
#1948 = EDGE_CURVE ( 'NONE', #1599, #6417, #5333, .T. ) ;
#1949 = CARTESIAN_POINT ( 'NONE',  ( -38.89087296526010817, 87.89087296526369641, -463.4999999999994884 ) ) ;
#1950 = EDGE_CURVE ( 'NONE', #409, #8471, #4703, .T. ) ;
#1951 = CYLINDRICAL_SURFACE ( 'NONE', #6366, 4.999999999998637534 ) ;
#1952 = CARTESIAN_POINT ( 'NONE',  ( 38.43811293440705867, 5.867700902122416906, -8.990198382905898455 ) ) ;
#1953 = CARTESIAN_POINT ( 'NONE',  ( 37.99999999999999289, 43.35812545754029657, -9.000000000000012434 ) ) ;
#1954 = CIRCLE ( 'NONE', #2598, 22.50000000000000355 ) ;
#1955 = VECTOR ( 'NONE', #473, 1000.000000000000000 ) ;
#1956 = CARTESIAN_POINT ( 'NONE',  ( -21.01589378755793192, 35.06931788901642477, -31.66143502219432548 ) ) ;
#1957 = ORIENTED_EDGE ( 'NONE', *, *, #4429, .F. ) ;
#1958 = ORIENTED_EDGE ( 'NONE', *, *, #9706, .T. ) ;
#1959 = CARTESIAN_POINT ( 'NONE',  ( 64.56989347527186851, 91.23059238027872198, 7.500000000000000000 ) ) ;
#1960 = CARTESIAN_POINT ( 'NONE',  ( -38.89087296526011528, 0.1091270347465924107, -463.5000000000006821 ) ) ;
#1961 = ORIENTED_EDGE ( 'NONE', *, *, #3263, .F. ) ;
#1962 = DIRECTION ( 'NONE',  ( 0.2840153447039201473, 0.9588197348681938292, 6.695402423213638926E-15 ) ) ;
#1963 = ADVANCED_FACE ( 'NONE', ( #3212 ), #9142, .T. ) ;
#1964 = AXIS2_PLACEMENT_3D ( 'NONE', #2695, #5707, #1298 ) ;
#1965 = EDGE_CURVE ( 'NONE', #6663, #8437, #9598, .T. ) ;
#1966 = CARTESIAN_POINT ( 'NONE',  ( -36.00000000000000000, -2.189125779142312269E-15, -11.95826074310139830 ) ) ;
#1967 = DIRECTION ( 'NONE',  ( 0.000000000000000000, -6.982962677686266711E-15, 1.000000000000000000 ) ) ;
#1968 = AXIS2_PLACEMENT_3D ( 'NONE', #3382, #8699, #4859 ) ;
#1969 = DIRECTION ( 'NONE',  ( 0.000000000000000000, 1.000000000000000000, 0.000000000000000000 ) ) ;
#1970 = CARTESIAN_POINT ( 'NONE',  ( 0.000000000000000000, 118.0000000000001137, -164.4999999999994884 ) ) ;
#1971 = CARTESIAN_POINT ( 'NONE',  ( 36.00000000000000000, 44.00000000000117950, -331.5000000000000568 ) ) ;
#1972 = ADVANCED_FACE ( 'NONE', ( #1574 ), #3932, .F. ) ;
#1973 = EDGE_CURVE ( 'NONE', #760, #4160, #757, .T. ) ;
#1974 = AXIS2_PLACEMENT_3D ( 'NONE', #6476, #8145, #1373 ) ;
#1975 = CIRCLE ( 'NONE', #1662, 36.00000000000000711 ) ;
#1976 = VERTEX_POINT ( 'NONE', #136 ) ;
#1977 = CARTESIAN_POINT ( 'NONE',  ( 3.673940397442059178E-15, 117.9999999999998437, -124.4999999999995168 ) ) ;
#1978 = CARTESIAN_POINT ( 'NONE',  ( 0.000000000000000000, 2.667491742876158377E-12, -392.5000000000006821 ) ) ;
#1979 = AXIS2_PLACEMENT_3D ( 'NONE', #4421, #2241, #5257 ) ;
#1980 = CARTESIAN_POINT ( 'NONE',  ( 35.61613899620193280, 5.416339294268711413, -11.98693117703045985 ) ) ;
#1981 = ORIENTED_EDGE ( 'NONE', *, *, #4151, .F. ) ;
#1982 = AXIS2_PLACEMENT_3D ( 'NONE', #950, #8404, #6291 ) ;
#1983 = DIRECTION ( 'NONE',  ( 1.000000000000000000, -0.000000000000000000, -0.000000000000000000 ) ) ;
#1984 = CARTESIAN_POINT ( 'NONE',  ( -29.63209163394896350, -32.52597647107754852, 205.0000000000000568 ) ) ;
#1985 = B_SPLINE_CURVE_WITH_KNOTS ( 'NONE', 3,
 ( #4552, #7573, #795, #6238, #3822, #3876, #9106, #6827, #2327, #5347, #8358, #1587, #4597, #99, #3128, #6142, #298, #2532 ),
 .UNSPECIFIED., .F., .F.,
 ( 4, 2, 2, 2, 2, 2, 2, 2, 4 ),
 ( 2.711112516444420544E-17, 0.002736301914043145003, 0.003420377392553923014, 0.004104452871064700158, 0.005472603828086250975, 0.006840754785107802660, 0.008208905742129353478, 0.009577056699150906030, 0.01094520765617245685 ),
 .UNSPECIFIED. ) ;
#1986 = CARTESIAN_POINT ( 'NONE',  ( -64.56989347527186851, -3.230592380279007081, -106.5000000000003411 ) ) ;
#1987 = CARTESIAN_POINT ( 'NONE',  ( -39.17830965037784097, 42.72969364401128445, 9.000000000000001776 ) ) ;
#1988 = DIRECTION ( 'NONE',  ( 0.000000000000000000, 1.000000000000000000, -0.000000000000000000 ) ) ;
#1989 = EDGE_LOOP ( 'NONE', ( #7925, #6998, #4470, #2942 ) ) ;
#1990 = CARTESIAN_POINT ( 'NONE',  ( 16.39052423869732777, 29.18218427630984380, 39.21291930216927568 ) ) ;
#1991 = VECTOR ( 'NONE', #8249, 1000.000000000000000 ) ;
#1992 = CARTESIAN_POINT ( 'NONE',  ( 34.51751045525497119, -10.22455240933926746, -334.5000000000007958 ) ) ;
#1993 = ORIENTED_EDGE ( 'NONE', *, *, #7534, .T. ) ;
#1994 = CARTESIAN_POINT ( 'NONE',  ( 37.99999999999998579, 43.35812545754030367, 5.999999999999985789 ) ) ;
#1995 = ORIENTED_EDGE ( 'NONE', *, *, #232, .T. ) ;
#1996 = ORIENTED_EDGE ( 'NONE', *, *, #4700, .F. ) ;
#1997 = CARTESIAN_POINT ( 'NONE',  ( -38.25123110766364931, 7.324355332767257032, 9.000000000000001776 ) ) ;
#1998 = CARTESIAN_POINT ( 'NONE',  ( -36.00000000000000000, 44.00000000000051870, -220.5000000000000284 ) ) ;
#1999 = VERTEX_POINT ( 'NONE', #3165 ) ;
#2000 =( NAMED_UNIT ( * ) PLANE_ANGLE_UNIT ( ) SI_UNIT ( $, .RADIAN. ) );
#2001 = CARTESIAN_POINT ( 'NONE',  ( -34.51751045525497119, -10.22455240934112553, -68.50000000000000000 ) ) ;
#2002 = DIRECTION ( 'NONE',  ( -2.584927402981196428E-16, 1.000000000000000000, 0.000000000000000000 ) ) ;
#2003 = FACE_OUTER_BOUND ( 'NONE', #66, .T. ) ;
#2004 = CIRCLE ( 'NONE', #5792, 3.000000000000002665 ) ;
#2005 = DIRECTION ( 'NONE',  ( 0.9986295347545740553, -0.05233595624294046927, 0.000000000000000000 ) ) ;
#2006 = VERTEX_POINT ( 'NONE', #9189 ) ;
#2007 = EDGE_CURVE ( 'NONE', #2610, #8893, #1065, .T. ) ;
#2008 = ORIENTED_EDGE ( 'NONE', *, *, #8681, .T. ) ;
#2009 = PRODUCT_DEFINITION_SHAPE ( 'NONE', 'NONE',  #9778 ) ;
#2010 = CARTESIAN_POINT ( 'NONE',  ( -38.43811293440197829, 5.867700902122394702, 8.990198382906200436 ) ) ;
#2011 = CARTESIAN_POINT ( 'NONE',  ( 0.000000000000000000, 0.000000000000000000, -50.49999999999999289 ) ) ;
#2012 = ORIENTED_EDGE ( 'NONE', *, *, #3305, .T. ) ;
#2013 = DIRECTION ( 'NONE',  ( -0.2840153447039201473, -0.9588197348681938292, -6.695402423213638926E-15 ) ) ;
#2014 = VECTOR ( 'NONE', #287, 1000.000000000000000 ) ;
#2015 = DIRECTION ( 'NONE',  ( -1.000000000000000000, 0.000000000000000000, 0.000000000000000000 ) ) ;
#2016 = CARTESIAN_POINT ( 'NONE',  ( 0.000000000000000000, -27.99999999999633360, -463.5000000000010800 ) ) ;
#2017 = ADVANCED_FACE ( 'NONE', ( #976 ), #4921, .F. ) ;
#2018 = AXIS2_PLACEMENT_3D ( 'NONE', #3190, #6251, #1791 ) ;
#2019 = DIRECTION ( 'NONE',  ( 1.000000000000000000, 2.584927402981196428E-16, -1.826024711554533667E-16 ) ) ;
#2020 = CARTESIAN_POINT ( 'NONE',  ( 22.50000000000000355, 27.00000000000000355, 30.62270399556511435 ) ) ;
#2021 = CARTESIAN_POINT ( 'NONE',  ( -18.49218940641788933, 60.00000000000000711, -6.000000000000001776 ) ) ;
#2022 = CARTESIAN_POINT ( 'NONE',  ( -13.10637275016422088, 37.08040990884058630, 40.43350722797030272 ) ) ;
#2023 = CIRCLE ( 'NONE', #1863, 16.50000000000000355 ) ;
#2024 = ORIENTED_EDGE ( 'NONE', *, *, #5303, .T. ) ;
#2025 = B_SPLINE_CURVE_WITH_KNOTS ( 'NONE', 3,
 ( #3980, #156, #6148, #6192, #7030, #4757, #2436, #5549, #5446, #4116, #1043, #7120, #3327, #1088, #6292, #4706, #254, #9308, #8554, #4805, #7727, #952, #6977, #201, #5500, #1737, #4073, #7077 ),
 .UNSPECIFIED., .F., .F.,
 ( 4, 2, 2, 2, 2, 2, 2, 2, 2, 2, 2, 2, 2, 4 ),
 ( 0.007077448531226331226, 0.009804615744934928878, 0.01253178295864352566, 0.01798611738606072097, 0.02071328459976931602, 0.02207686820662361007, 0.02344045181347790066, 0.02889478624089508729, 0.03162195345460368234, 0.03434912066831227739, 0.03980345509572946056, 0.04253062230943804867, 0.04525778952314664372, 0.05071212395056381994 ),
 .UNSPECIFIED. ) ;
#2026 = DIRECTION ( 'NONE',  ( -0.000000000000000000, 1.000000000000000000, 0.000000000000000000 ) ) ;
#2027 = AXIS2_PLACEMENT_3D ( 'NONE', #5481, #1721, #9422 ) ;
#2028 = EDGE_CURVE ( 'NONE', #5415, #2689, #9763, .T. ) ;
#2029 = CARTESIAN_POINT ( 'NONE',  ( 15.41819960581355176, 43.40278818210675382, -34.73607944150961657 ) ) ;
#2030 = ORIENTED_EDGE ( 'NONE', *, *, #3922, .T. ) ;
#2031 = DIRECTION ( 'NONE',  ( -0.2840153447039201473, -0.9588197348681938292, -1.339080484642727785E-14 ) ) ;
#2032 = VECTOR ( 'NONE', #2119, 1000.000000000000000 ) ;
#2033 = DIRECTION ( 'NONE',  ( -0.9070140955017219619, -4.277318654084220939E-16, 0.4211002618868737168 ) ) ;
#2034 = DIRECTION ( 'NONE',  ( 0.000000000000000000, 1.000000000000000000, 1.423362852083533703E-14 ) ) ;
#2035 = CARTESIAN_POINT ( 'NONE',  ( -41.44457245099059861, 44.44434203920754811, 5.843836059109921877 ) ) ;
#2036 = VECTOR ( 'NONE', #6795, 1000.000000000000000 ) ;
#2037 = LINE ( 'NONE', #5850, #7818 ) ;
#2038 = ORIENTED_EDGE ( 'NONE', *, *, #3811, .F. ) ;
#2039 = CARTESIAN_POINT ( 'NONE',  ( -0.000000000000000000, 0.000000000000000000, 19.00000000000000000 ) ) ;
#2040 = VECTOR ( 'NONE', #9037, 1000.000000000000000 ) ;
#2041 = DIRECTION ( 'NONE',  ( 1.000000000000000000, 0.000000000000000000, 0.000000000000000000 ) ) ;
#2042 = EDGE_CURVE ( 'NONE', #5372, #868, #3129, .T. ) ;
#2043 = CARTESIAN_POINT ( 'NONE',  ( 21.93588259989741474, 30.94682878293377470, 9.185314602748587021 ) ) ;
#2044 = ORIENTED_EDGE ( 'NONE', *, *, #2811, .F. ) ;
#2045 = ADVANCED_FACE ( 'NONE', ( #6471 ), #4188, .T. ) ;
#2046 = PRODUCT_DEFINITION_FORMATION_WITH_SPECIFIED_SOURCE ( 'ANY', '', #4295, .NOT_KNOWN. ) ;
#2047 = DIRECTION ( 'NONE',  ( -1.000000000000000000, -2.584927402981196428E-16, 0.000000000000000000 ) ) ;
#2048 = ORIENTED_EDGE ( 'NONE', *, *, #6318, .F. ) ;
#2049 = EDGE_LOOP ( 'NONE', ( #6652, #5436, #5942, #1078 ) ) ;
#2050 = CARTESIAN_POINT ( 'NONE',  ( 37.11123950955696671, 14.99518058349636007, -20.72892591958068564 ) ) ;
#2051 = FACE_OUTER_BOUND ( 'NONE', #7366, .T. ) ;
#2052 = VERTEX_POINT ( 'NONE', #283 ) ;
#2053 = LINE ( 'NONE', #8080, #2465 ) ;
#2054 = FACE_OUTER_BOUND ( 'NONE', #1451, .T. ) ;
#2055 = CARTESIAN_POINT ( 'NONE',  ( 35.07692307692308020, 8.099967126823511165, -9.000000000000015987 ) ) ;
#2056 = FACE_OUTER_BOUND ( 'NONE', #7621, .T. ) ;
#2057 = LINE ( 'NONE', #628, #4803 ) ;
#2058 = ORIENTED_EDGE ( 'NONE', *, *, #8774, .T. ) ;
#2059 = VERTEX_POINT ( 'NONE', #6418 ) ;
#2060 = FACE_OUTER_BOUND ( 'NONE', #2480, .T. ) ;
#2061 = CARTESIAN_POINT ( 'NONE',  ( -8.000000000000000000, 146.1386137946185215, -4.699999999999999289 ) ) ;
#2062 = ORIENTED_EDGE ( 'NONE', *, *, #510, .F. ) ;
#2063 = DIRECTION ( 'NONE',  ( 0.000000000000000000, 1.000000000000000000, 1.110223024626062942E-14 ) ) ;
#2064 = LINE ( 'NONE', #4068, #4952 ) ;
#2065 = EDGE_CURVE ( 'NONE', #312, #6932, #118, .T. ) ;
#2066 = FILL_AREA_STYLE_COLOUR ( '', #6244 ) ;
#2067 = LINE ( 'NONE', #9589, #3118 ) ;
#2068 = DIRECTION ( 'NONE',  ( 0.2840153447039201473, 0.9588197348681938292, 6.695402423213638926E-15 ) ) ;
#2069 = CARTESIAN_POINT ( 'NONE',  ( -34.51751045525497119, 98.22455240934084486, -106.4999999999996163 ) ) ;
#2070 = CONTEXT_DEPENDENT_SHAPE_REPRESENTATION ( #2113, #8532 ) ;
#2071 = DIRECTION ( 'NONE',  ( 0.000000000000000000, 0.000000000000000000, 1.000000000000000000 ) ) ;
#2072 = EDGE_CURVE ( 'NONE', #8604, #3696, #1071, .T. ) ;
#2073 = EDGE_CURVE ( 'NONE', #6714, #7512, #8020, .T. ) ;
#2074 = ORIENTED_EDGE ( 'NONE', *, *, #6999, .T. ) ;
#2075 = LINE ( 'NONE', #3768, #891 ) ;
#2076 = ORIENTED_EDGE ( 'NONE', *, *, #6583, .F. ) ;
#2077 = CARTESIAN_POINT ( 'NONE',  ( 37.99999999999999289, 43.35812545754029657, -9.000000000000012434 ) ) ;
#2078 = DIRECTION ( 'NONE',  ( 1.640048309655575100E-16, -4.448192435112229823E-18, -1.000000000000000000 ) ) ;
#2079 = DIRECTION ( 'NONE',  ( 0.000000000000000000, 1.000000000000000000, 0.000000000000000000 ) ) ;
#2080 = VECTOR ( 'NONE', #354, 1000.000000000000114 ) ;
#2081 = LINE ( 'NONE', #6737, #5928 ) ;
#2082 = EDGE_CURVE ( 'NONE', #5377, #2147, #6130, .T. ) ;
#2083 = ADVANCED_FACE ( 'NONE', ( #4238 ), #7948, .T. ) ;
#2084 = ORIENTED_EDGE ( 'NONE', *, *, #6819, .T. ) ;
#2085 = CARTESIAN_POINT ( 'NONE',  ( 0.000000000000000000, 56.13861379461851442, -4.699999999999999289 ) ) ;
#2086 = PRODUCT_DEFINITION_SHAPE ( 'NONE', 'NONE',  #9789 ) ;
#2087 = CARTESIAN_POINT ( 'NONE',  ( -38.00000000000000000, 0.000000000000000000, 0.000000000000000000 ) ) ;
#2088 = CARTESIAN_POINT ( 'NONE',  ( 38.89087296526012949, 82.89087296526375326, -463.4999999999995453 ) ) ;
#2089 = AXIS2_PLACEMENT_3D ( 'NONE', #9471, #6504, #4371 ) ;
#2090 = CYLINDRICAL_SURFACE ( 'NONE', #6219, 42.49999999999999289 ) ;
#2091 = ORIENTED_EDGE ( 'NONE', *, *, #4019, .F. ) ;
#2092 = VERTEX_POINT ( 'NONE', #3404 ) ;
#2093 = CARTESIAN_POINT ( 'NONE',  ( 35.50655110142717774, 12.26272373800647308, -23.35820586102441254 ) ) ;
#2094 = DIRECTION ( 'NONE',  ( 0.000000000000000000, 0.000000000000000000, -1.000000000000000000 ) ) ;
#2095 = VERTEX_POINT ( 'NONE', #429 ) ;
#2096 = DIRECTION ( 'NONE',  ( -0.000000000000000000, 1.396592535537253342E-14, -1.000000000000000000 ) ) ;
#2097 = EDGE_CURVE ( 'NONE', #8332, #5012, #8680, .T. ) ;
#2098 = AXIS2_PLACEMENT_3D ( 'NONE', #5214, #8225, #5512 ) ;
#2099 = DIRECTION ( 'NONE',  ( 1.000000000000000000, -0.000000000000000000, -0.000000000000000000 ) ) ;
#2100 = VECTOR ( 'NONE', #7519, 1000.000000000000000 ) ;
#2101 = CARTESIAN_POINT ( 'NONE',  ( -38.75000000000000000, -2.639345055435325679E-15, -8.968695557326048728 ) ) ;
#2102 = LINE ( 'NONE', #9524, #4189 ) ;
#2103 = ORIENTED_EDGE ( 'NONE', *, *, #9296, .F. ) ;
#2104 = CARTESIAN_POINT ( 'NONE',  ( -22.30892959580050672, 30.02130830572196984, -30.76232292338963603 ) ) ;
#2105 = VERTEX_POINT ( 'NONE', #7106 ) ;
#2106 = ORIENTED_EDGE ( 'NONE', *, *, #3065, .T. ) ;
#2107 = AXIS2_PLACEMENT_3D ( 'NONE', #1493, #4503, #7523 ) ;
#2108 = DIRECTION ( 'NONE',  ( 1.000000000000000000, 0.000000000000000000, 0.000000000000000000 ) ) ;
#2109 = FACE_OUTER_BOUND ( 'NONE', #3867, .T. ) ;
#2110 = EDGE_LOOP ( 'NONE', ( #3877, #3480, #9097, #6809 ) ) ;
#2111 = CARTESIAN_POINT ( 'NONE',  ( -6.735557395310464703E-15, -10.99999999999654854, -448.5000000000008527 ) ) ;
#2112 = LINE ( 'NONE', #5178, #7011 ) ;
#2113 =( REPRESENTATION_RELATIONSHIP ('NONE','NONE', #7863, #6891 ) REPRESENTATION_RELATIONSHIP_WITH_TRANSFORMATION ( #5783 )SHAPE_REPRESENTATION_RELATIONSHIP( ) );
#2114 = CIRCLE ( 'NONE', #7646, 35.99999999999999289 ) ;
#2115 = CARTESIAN_POINT ( 'NONE',  ( 0.000000000000000000, 87.99999999999971578, -106.4999999999997016 ) ) ;
#2116 = CIRCLE ( 'NONE', #7648, 3.000000000000000888 ) ;
#2117 = CARTESIAN_POINT ( 'NONE',  ( -16.07292826097891592, 30.76928070742919630, -39.34366923751646539 ) ) ;
#2118 = CARTESIAN_POINT ( 'NONE',  ( 0.000000000000000000, 85.00000000000000000, -38.00000000000000000 ) ) ;
#2119 = DIRECTION ( 'NONE',  ( -0.000000000000000000, -0.000000000000000000, -1.000000000000000000 ) ) ;
#2120 = CIRCLE ( 'NONE', #7162, 72.00000000000000000 ) ;
#2121 = CARTESIAN_POINT ( 'NONE',  ( 0.000000000000000000, 44.00000000000345324, -448.5000000000000568 ) ) ;
#2122 = B_SPLINE_CURVE_WITH_KNOTS ( 'NONE', 3,
 ( #1596, #3639, #6654, #2288, #8222, #1450, #5310, #663, #4515, #9667, #2892, #7530, #4461, #57, #5910, #8915, #2146, #9765, #711, #3739, #6747, #8174, #9014, #4419, #11, #3686, #2239, #8318, #1549, #4563, #3832, #2440, #3283, #3937, #161, #5403 ),
 .UNSPECIFIED., .F., .F.,
 ( 4, 2, 2, 2, 2, 2, 2, 2, 2, 2, 2, 2, 2, 2, 2, 2, 2, 4 ),
 ( 0.03608921202718366750, 0.03721459763488097622, 0.03833998324257827800, 0.04059075445797289544, 0.04284152567336750594, 0.04396691128106481466, 0.04509229688876212339, 0.04959383931955137909, 0.05071922492724868781, 0.05184461053494598959, 0.05409538175034060703, 0.05634615296573521059, 0.05859692418112982804, 0.06309846661191906292, 0.06534923782731366648, 0.06647462343501096826, 0.06760000904270827005, 0.07210155147349744942 ),
 .UNSPECIFIED. ) ;
#2123 = ORIENTED_EDGE ( 'NONE', *, *, #2448, .F. ) ;
#2124 = AXIS2_PLACEMENT_3D ( 'NONE', #8750, #1244, #1793 ) ;
#2125 = CARTESIAN_POINT ( 'NONE',  ( 0.000000000000000000, 0.000000000000000000, 0.000000000000000000 ) ) ;
#2126 = CARTESIAN_POINT ( 'NONE',  ( 35.99999999994373923, 1.369582187388012073, -9.198662110062667097 ) ) ;
#2127 = ORIENTED_EDGE ( 'NONE', *, *, #4223, .T. ) ;
#2128 = EDGE_CURVE ( 'NONE', #8164, #6408, #9291, .T. ) ;
#2129 = CARTESIAN_POINT ( 'NONE',  ( 38.89087296526012949, 77.89087296526422222, -463.4999999999996021 ) ) ;
#2130 = CARTESIAN_POINT ( 'NONE',  ( -1.838652629930626072E-12, 166.4800011913972355, 277.9999999999997158 ) ) ;
#2131 = CARTESIAN_POINT ( 'NONE',  ( -31.42808655499915105, 14.50640951630060371, -21.37304537930137727 ) ) ;
#2132 = CIRCLE ( 'NONE', #2773, 42.49999999999999289 ) ;
#2133 = AXIS2_PLACEMENT_3D ( 'NONE', #5714, #8817, #5670 ) ;
#2134 = CARTESIAN_POINT ( 'NONE',  ( -43.57913267144407143, 42.73669386284739602, -7.238448179184375775 ) ) ;
#2135 = LINE ( 'NONE', #654, #3086 ) ;
#2136 = ORIENTED_EDGE ( 'NONE', *, *, #8792, .F. ) ;
#2137 = CARTESIAN_POINT ( 'NONE',  ( -47.00000000000000711, 38.55812545754030651, 0.000000000000000000 ) ) ;
#2138 = AXIS2_PLACEMENT_3D ( 'NONE', #7336, #2894, #9621 ) ;
#2139 = CIRCLE ( 'NONE', #1031, 39.50000000000000000 ) ;
#2140 = CARTESIAN_POINT ( 'NONE',  ( 36.00000000000000000, 4.408728476930470856E-15, 11.95826074310138409 ) ) ;
#2141 = CYLINDRICAL_SURFACE ( 'NONE', #1491, 40.00000000000000711 ) ;
#2142 = ORIENTED_EDGE ( 'NONE', *, *, #7460, .T. ) ;
#2143 = EDGE_CURVE ( 'NONE', #7492, #3579, #6289, .T. ) ;
#2144 = ORIENTED_EDGE ( 'NONE', *, *, #1034, .F. ) ;
#2145 = CARTESIAN_POINT ( 'NONE',  ( 35.21097840482689634, 11.52242660349224934, -23.80142751893396991 ) ) ;
#2146 = CARTESIAN_POINT ( 'NONE',  ( 13.21416943465387561, 45.21449163783486114, 35.62979603068819046 ) ) ;
#2147 = VERTEX_POINT ( 'NONE', #7252 ) ;
#2148 = AXIS2_PLACEMENT_3D ( 'NONE', #9317, #1988, #6393 ) ;
#2149 = CARTESIAN_POINT ( 'NONE',  ( 38.25142132890803737, 7.323256995510631029, 8.999999999999985789 ) ) ;
#2150 = AXIS2_PLACEMENT_3D ( 'NONE', #1198, #5805, #6448 ) ;
#2151 = CARTESIAN_POINT ( 'NONE',  ( 64.56989347527186851, -3.230592380277680586, -296.5000000000003979 ) ) ;
#2152 = CARTESIAN_POINT ( 'NONE',  ( -35.92084013154272526, 2.742645516828849495, -9.186626416931201078 ) ) ;
#2153 = DIRECTION ( 'NONE',  ( -0.000000000000000000, 1.000000000000000000, 0.000000000000000000 ) ) ;
#2154 = ORIENTED_EDGE ( 'NONE', *, *, #8668, .F. ) ;
#2155 = CARTESIAN_POINT ( 'NONE',  ( -22.49024148971083292, 27.76352309694686937, -30.62988097111786345 ) ) ;
#2156 = EDGE_LOOP ( 'NONE', ( #5851, #2941, #2856, #8317, #6284, #9056 ) ) ;
#2157 = CIRCLE ( 'NONE', #5632, 80.00000000000000000 ) ;
#2158 = ADVANCED_FACE ( 'NONE', ( #8538 ), #9386, .T. ) ;
#2159 = ORIENTED_EDGE ( 'NONE', *, *, #8289, .F. ) ;
#2160 = CARTESIAN_POINT ( 'NONE',  ( 0.000000000000000000, 8.000000000000499156, -217.5000000000003126 ) ) ;
#2161 = EDGE_CURVE ( 'NONE', #3672, #4908, #7150, .T. ) ;
#2163 = CARTESIAN_POINT ( 'NONE',  ( -38.00000000000000000, 8.774964387392110154, 12.00000000000000000 ) ) ;
#2162 =( BOUNDED_CURVE ( )  B_SPLINE_CURVE ( 3, ( #2137, #5149, #8165, #1394 ),
 .UNSPECIFIED., .F., .T. ) 
 B_SPLINE_CURVE_WITH_KNOTS ( ( 4, 4 ),
 ( 3.141592653589793116, 4.712388980384689674 ),
 .UNSPECIFIED. ) 
 CURVE ( )  GEOMETRIC_REPRESENTATION_ITEM ( )  RATIONAL_B_SPLINE_CURVE ( ( 1.000000000000000000, 0.8047378541243649375, 0.8047378541243649375, 1.000000000000000000 ) ) 
 REPRESENTATION_ITEM ( '' )  );
#2164 = VERTEX_POINT ( 'NONE', #8630 ) ;
#2165 = FACE_OUTER_BOUND ( 'NONE', #1546, .T. ) ;
#2166 = FACE_BOUND ( 'NONE', #1367, .T. ) ;
#2167 = AXIS2_PLACEMENT_3D ( 'NONE', #6900, #7546, #24 ) ;
#2168 = CARTESIAN_POINT ( 'NONE',  ( -8.278294544844454705, 12.71673195584465077, -41.68878003254361886 ) ) ;
#2169 = ADVANCED_FACE ( 'NONE', ( #1858 ), #4088, .F. ) ;
#2170 = CARTESIAN_POINT ( 'NONE',  ( -5.862167799255744605, 42.43298762411495062, -42.09678600933584391 ) ) ;
#2171 = EDGE_CURVE ( 'NONE', #1735, #7680, #1166, .T. ) ;
#2172 = CARTESIAN_POINT ( 'NONE',  ( 34.51751045525497119, 98.22455240934084486, -106.4999999999996163 ) ) ;
#2173 = CARTESIAN_POINT ( 'NONE',  ( 0.000000000000000000, 8.000000000001298517, -331.5000000000005684 ) ) ;
#2174 = CARTESIAN_POINT ( 'NONE',  ( 18.49218940641787157, 50.00000000000000711, -6.000000000000008882 ) ) ;
#2175 = PRODUCT_DEFINITION_SHAPE ( 'NONE', 'NONE',  #9779 ) ;
#2176 = VERTEX_POINT ( 'NONE', #8089 ) ;
#2177 = VECTOR ( 'NONE', #9216, 1000.000000000000000 ) ;
#2178 = DIRECTION ( 'NONE',  ( 1.000000000000000000, 1.224646799147353207E-16, 8.551662891793917213E-31 ) ) ;
#2179 = EDGE_LOOP ( 'NONE', ( #2721, #9122, #8282, #7565 ) ) ;
#2180 = APPLICATION_PROTOCOL_DEFINITION ( 'draft international standard', 'automotive_design', 1998, #7600 ) ;
#2181 = DIRECTION ( 'NONE',  ( 0.000000000000000000, 6.982962677686266711E-15, -1.000000000000000000 ) ) ;
#2182 = AXIS2_PLACEMENT_3D ( 'NONE', #4620, #869, #5270 ) ;
#2183 = DIRECTION ( 'NONE',  ( 0.000000000000000000, 0.000000000000000000, -1.000000000000000000 ) ) ;
#2184 = ORIENTED_EDGE ( 'NONE', *, *, #3377, .F. ) ;
#2185 = CYLINDRICAL_SURFACE ( 'NONE', #9207, 27.00000000000000000 ) ;
#2186 = CIRCLE ( 'NONE', #1395, 4.999999999996165734 ) ;
#2187 = ADVANCED_FACE ( 'NONE', ( #9679, #2060 ), #5020, .F. ) ;
#2188 = DIRECTION ( 'NONE',  ( 1.826024711554533667E-16, 4.720141315418149384E-32, 1.000000000000000000 ) ) ;
#2189 = CARTESIAN_POINT ( 'NONE',  ( 0.000000000000000000, 99.00000000000345324, -448.4999999999992610 ) ) ;
#2190 = AXIS2_PLACEMENT_3D ( 'NONE', #5542, #9199, #1683 ) ;
#2191 = CARTESIAN_POINT ( 'NONE',  ( 34.72809071374956602, 9.888260814319197678, 24.49934854543380425 ) ) ;
#2192 = VERTEX_POINT ( 'NONE', #9731 ) ;
#2193 = VERTEX_POINT ( 'NONE', #5221 ) ;
#2194 = CARTESIAN_POINT ( 'NONE',  ( -38.74999999995905142, 1.474284678808437166, 8.968695557329473544 ) ) ;
#2195 = AXIS2_PLACEMENT_3D ( 'NONE', #2130, #7320, #8159 ) ;
#2196 = DIRECTION ( 'NONE',  ( 0.000000000000000000, 0.000000000000000000, 1.000000000000000000 ) ) ;
#2197 = ORIENTED_EDGE ( 'NONE', *, *, #28, .T. ) ;
#2198 = DIRECTION ( 'NONE',  ( 0.000000000000000000, -1.000000000000000000, -1.439177994884462065E-14 ) ) ;
#2199 = CIRCLE ( 'NONE', #7884, 26.99999999999999645 ) ;
#2200 = DIRECTION ( 'NONE',  ( 1.000000000000000000, 0.000000000000000000, 0.000000000000000000 ) ) ;
#2201 = EDGE_CURVE ( 'NONE', #4908, #2468, #2827, .T. ) ;
#2202 = CARTESIAN_POINT ( 'NONE',  ( -1.094146345512338359, 10.52717658569663328, 42.48942669769110125 ) ) ;
#2203 = AXIS2_PLACEMENT_3D ( 'NONE', #6641, #9653, #2877 ) ;
#2204 = CARTESIAN_POINT ( 'NONE',  ( 14.87989562540271393, 10.10722824531967490, 34.97076145019016735 ) ) ;
#2205 = ORIENTED_EDGE ( 'NONE', *, *, #2463, .F. ) ;
#2206 = CARTESIAN_POINT ( 'NONE',  ( -34.51751045525497119, -10.22455240933926746, -334.5000000000007958 ) ) ;
#2207 = ORIENTED_EDGE ( 'NONE', *, *, #719, .T. ) ;
#2208 = ORIENTED_EDGE ( 'NONE', *, *, #2498, .T. ) ;
#2209 = CIRCLE ( 'NONE', #4412, 3.000000000000002665 ) ;
#2210 = CARTESIAN_POINT ( 'NONE',  ( 24.91987158875423347, 30.00000000000000000, -9.000000000000005329 ) ) ;
#2211 = DIRECTION ( 'NONE',  ( 1.000000000000000000, -0.000000000000000000, -0.000000000000000000 ) ) ;
#2212 = ORIENTED_EDGE ( 'NONE', *, *, #8068, .F. ) ;
#2213 = DIRECTION ( 'NONE',  ( 0.000000000000000000, 1.000000000000000000, 1.396592535537253184E-14 ) ) ;
#2214 = CARTESIAN_POINT ( 'NONE',  ( 11.28585454461551230, 39.04849350288682786, -40.97602459382014217 ) ) ;
#2215 = EDGE_CURVE ( 'NONE', #1013, #312, #6567, .T. ) ;
#2216 = DIRECTION ( 'NONE',  ( 0.000000000000000000, 1.000000000000000000, 6.982962677686266711E-15 ) ) ;
#2217 = DIRECTION ( 'NONE',  ( -0.000000000000000000, -1.396592535537253342E-14, 1.000000000000000000 ) ) ;
#2218 = CARTESIAN_POINT ( 'NONE',  ( 22.48353060487813693, 30.00000000000000000, 19.00000000000000000 ) ) ;
#2219 = CARTESIAN_POINT ( 'NONE',  ( -38.43829896936481560, 5.866068028336075102, -8.990188665593596085 ) ) ;
#2220 = LINE ( 'NONE', #735, #6316 ) ;
#2221 = DIRECTION ( 'NONE',  ( 0.000000000000000000, 1.000000000000000000, 1.110223024625676400E-14 ) ) ;
#2222 = ADVANCED_FACE ( 'NONE', ( #5771 ), #5947, .F. ) ;
#2223 = ORIENTED_EDGE ( 'NONE', *, *, #2767, .F. ) ;
#2224 = DIRECTION ( 'NONE',  ( -0.000000000000000000, -1.396592535537253342E-14, 1.000000000000000000 ) ) ;
#2225 = ORIENTED_EDGE ( 'NONE', *, *, #5348, .T. ) ;
#2226 = FACE_OUTER_BOUND ( 'NONE', #2710, .T. ) ;
#2227 = DIRECTION ( 'NONE',  ( -0.8999037742304915044, 5.150200198352229622E-16, -0.4360885198279320085 ) ) ;
#2228 = DIRECTION ( 'NONE',  ( 0.000000000000000000, 0.000000000000000000, -1.000000000000000000 ) ) ;
#2229 = DIRECTION ( 'NONE',  ( -0.000000000000000000, -0.000000000000000000, 1.000000000000000000 ) ) ;
#2230 = PRODUCT_DEFINITION ( 'UNKNOWN', '', #7899, #8568 ) ;
#2231 = VERTEX_POINT ( 'NONE', #2958 ) ;
#2232 = DIRECTION ( 'NONE',  ( 0.000000000000000000, -0.000000000000000000, 1.000000000000000000 ) ) ;
#2233 = FACE_OUTER_BOUND ( 'NONE', #8371, .T. ) ;
#2234 = LINE ( 'NONE', #4510, #4942 ) ;
#2235 = DIRECTION ( 'NONE',  ( -0.6246950475544246206, -0.7808688094430300541, 0.000000000000000000 ) ) ;
#2236 = VERTEX_POINT ( 'NONE', #8877 ) ;
#2237 = ORIENTED_EDGE ( 'NONE', *, *, #8647, .F. ) ;
#2238 = SHAPE_REPRESENTATION_RELATIONSHIP ( 'NONE' , 'NONE' ,  #7910, #8803 ) ;
#2239 = CARTESIAN_POINT ( 'NONE',  ( 20.17068723662695717, 37.07533774685811778, 32.21176879615133970 ) ) ;
#2240 = ORIENTED_EDGE ( 'NONE', *, *, #2962, .F. ) ;
#2241 = DIRECTION ( 'NONE',  ( -0.000000000000000000, -0.000000000000000000, 1.000000000000000000 ) ) ;
#2242 = CARTESIAN_POINT ( 'NONE',  ( -36.00000000000000000, 44.00000000000118661, -331.5000000000000568 ) ) ;
#2243 = CARTESIAN_POINT ( 'NONE',  ( -14.79630438414708316, 19.67807187810860015, 39.84210143536801496 ) ) ;
#2244 = CIRCLE ( 'NONE', #7777, 39.00000000000000711 ) ;
#2245 = DIRECTION ( 'NONE',  ( -1.000000000000000000, 0.000000000000000000, 0.000000000000000000 ) ) ;
#2246 = ORIENTED_EDGE ( 'NONE', *, *, #8326, .F. ) ;
#2247 = DIRECTION ( 'NONE',  ( 0.000000000000000000, 1.396592535537253342E-14, -1.000000000000000000 ) ) ;
#2248 = ORIENTED_EDGE ( 'NONE', *, *, #8405, .T. ) ;
#2249 = VERTEX_POINT ( 'NONE', #2160 ) ;
#2250 = CARTESIAN_POINT ( 'NONE',  ( 0.000000000000000000, 0.000000000000000000, -68.50000000000000000 ) ) ;
#2251 = EDGE_CURVE ( 'NONE', #366, #1599, #1418, .T. ) ;
#2252 = EDGE_CURVE ( 'NONE', #3672, #5826, #4094, .T. ) ;
#2253 = LINE ( 'NONE', #2061, #6940 ) ;
#2254 = VERTEX_POINT ( 'NONE', #4285 ) ;
#2255 = CIRCLE ( 'NONE', #9544, 80.00000000000000000 ) ;
#2256 = AXIS2_PLACEMENT_3D ( 'NONE', #7466, #1339, #3723 ) ;
#2257 = CARTESIAN_POINT ( 'NONE',  ( 10.88475125857515380, 39.41215252575206307, -41.08474433421001493 ) ) ;
#2258 = CARTESIAN_POINT ( 'NONE',  ( -13.08392403291593808, 16.93270642349484589, -40.43747408135731547 ) ) ;
#2259 = TOROIDAL_SURFACE ( 'NONE', #3216, 39.00000000000000000, 3.000000000000000000 ) ;
#2260 = AXIS2_PLACEMENT_3D ( 'NONE', #3719, #3072, #1581 ) ;
#2261 = AXIS2_PLACEMENT_3D ( 'NONE', #7408, #8997, #8151 ) ;
#2262 = CARTESIAN_POINT ( 'NONE',  ( -37.49999999999999289, 15.41602615938555232, 20.00000000000000355 ) ) ;
#2263 = CARTESIAN_POINT ( 'NONE',  ( -34.51751045525497119, 98.22455240934175436, -235.4999999999996874 ) ) ;
#2264 = CARTESIAN_POINT ( 'NONE',  ( 37.46939866218121296, 20.27127788529100272, 6.344287846222210980 ) ) ;
#2265 = EDGE_CURVE ( 'NONE', #7048, #6165, #9607, .T. ) ;
#2266 = DIRECTION ( 'NONE',  ( 0.000000000000000000, 1.000000000000000000, 1.110223024625260355E-14 ) ) ;
#2267 = FACE_OUTER_BOUND ( 'NONE', #1989, .T. ) ;
#2268 = CIRCLE ( 'NONE', #2427, 42.49999999999999289 ) ;
#2269 = AXIS2_PLACEMENT_3D ( 'NONE', #127, #6269, #2512 ) ;
#2270 = VERTEX_POINT ( 'NONE', #2210 ) ;
#2271 = FACE_OUTER_BOUND ( 'NONE', #9420, .T. ) ;
#2272 = CIRCLE ( 'NONE', #8591, 8.000000000000000000 ) ;
#2273 = ORIENTED_EDGE ( 'NONE', *, *, #2775, .F. ) ;
#2274 = EDGE_CURVE ( 'NONE', #4546, #5975, #1713, .T. ) ;
#2275 = FACE_OUTER_BOUND ( 'NONE', #8069, .T. ) ;
#2276 = EDGE_CURVE ( 'NONE', #9465, #4222, #5120, .T. ) ;
#2277 = CARTESIAN_POINT ( 'NONE',  ( -29.64746461102430786, 11.57626703964772830, -23.77201966113994303 ) ) ;
#2278 = CARTESIAN_POINT ( 'NONE',  ( -64.56989347527186851, 91.23059238028164941, -410.4999999999994316 ) ) ;
#2279 = VERTEX_POINT ( 'NONE', #4384 ) ;
#2280 = DIRECTION ( 'NONE',  ( -0.000000000000000000, -1.000000000000000000, -0.000000000000000000 ) ) ;
#2281 = CARTESIAN_POINT ( 'NONE',  ( -27.00000000000000000, 1.373088835407637272E-16, 19.00000000000000000 ) ) ;
#2282 = DIRECTION ( 'NONE',  ( 0.000000000000000000, -6.982962677686266711E-15, 1.000000000000000000 ) ) ;
#2283 = FACE_OUTER_BOUND ( 'NONE', #8718, .T. ) ;
#2284 = VERTEX_POINT ( 'NONE', #7394 ) ;
#2285 = VECTOR ( 'NONE', #1734, 1000.000000000000000 ) ;
#2286 = EDGE_CURVE ( 'NONE', #3234, #1219, #2336, .T. ) ;
#2287 = ORIENTED_EDGE ( 'NONE', *, *, #7216, .F. ) ;
#2288 = CARTESIAN_POINT ( 'NONE',  ( 1.520312118244809385, 49.45180211582300700, 37.97147846150684103 ) ) ;
#2289 = ORIENTED_EDGE ( 'NONE', *, *, #3715, .F. ) ;
#2290 = FACE_OUTER_BOUND ( 'NONE', #2335, .T. ) ;
#2291 = ORIENTED_EDGE ( 'NONE', *, *, #3324, .T. ) ;
#2292 = CARTESIAN_POINT ( 'NONE',  ( 0.000000000000000000, 58.00000000000064659, -238.5000000000000000 ) ) ;
#2293 = AXIS2_PLACEMENT_3D ( 'NONE', #7388, #2524, #5818 ) ;
#2294 = TOROIDAL_SURFACE ( 'NONE', #1348, 30.00000000000000000, 3.000000000000000000 ) ;
#2295 = CARTESIAN_POINT ( 'NONE',  ( -16.50000000000000355, 27.00000000000000355, 39.16631205513227343 ) ) ;
#2296 = CARTESIAN_POINT ( 'NONE',  ( 3.021558917949068945, 4.654067414780577394, 37.90821387695534384 ) ) ;
#2297 = ORIENTED_EDGE ( 'NONE', *, *, #2435, .T. ) ;
#2298 =( REPRESENTATION_RELATIONSHIP ('NONE','NONE', #7863, #6533 ) REPRESENTATION_RELATIONSHIP_WITH_TRANSFORMATION ( #3176 )SHAPE_REPRESENTATION_RELATIONSHIP( ) );
#2299 = DIRECTION ( 'NONE',  ( 0.000000000000000000, 0.000000000000000000, 1.000000000000000000 ) ) ;
#2300 = EDGE_LOOP ( 'NONE', ( #8872, #3289, #1319, #998 ) ) ;
#2301 = VERTEX_POINT ( 'NONE', #6664 ) ;
#2302 = DIRECTION ( 'NONE',  ( 0.000000000000000000, 1.000000000000000000, 7.195889974422311904E-15 ) ) ;
#2303 = VECTOR ( 'NONE', #3288, 1000.000000000000000 ) ;
#2304 = AXIS2_PLACEMENT_3D ( 'NONE', #7674, #7623, #3182 ) ;
#2305 = DIRECTION ( 'NONE',  ( -0.000000000000000000, -0.000000000000000000, 1.000000000000000000 ) ) ;
#2306 = ORIENTED_EDGE ( 'NONE', *, *, #3664, .F. ) ;
#2307 = CARTESIAN_POINT ( 'NONE',  ( -47.00000000000000000, -2.326434662683076637E-15, 0.000000000000000000 ) ) ;
#2308 = DIRECTION ( 'NONE',  ( 0.000000000000000000, 6.982962677686266711E-15, -1.000000000000000000 ) ) ;
#2309 = ADVANCED_FACE ( 'NONE', ( #5972 ), #8982, .T. ) ;
#2310 = AXIS2_PLACEMENT_3D ( 'NONE', #1575, #9697, #2829 ) ;
#2311 = CARTESIAN_POINT ( 'NONE',  ( -41.37728875656488725, 19.58012041949305271, 9.743372019524196403 ) ) ;
#2312 = ORIENTED_EDGE ( 'NONE', *, *, #6002, .F. ) ;
#2313 = FACE_OUTER_BOUND ( 'NONE', #7844, .T. ) ;
#2314 = CARTESIAN_POINT ( 'NONE',  ( 37.73924663238854293, 20.52735661889738239, -4.535840349447387787 ) ) ;
#2315 = FACE_OUTER_BOUND ( 'NONE', #8950, .T. ) ;
#2316 = CARTESIAN_POINT ( 'NONE',  ( 0.000000000000000000, 44.00000000000025580, -182.5000000000000284 ) ) ;
#2317 = VECTOR ( 'NONE', #2305, 1000.000000000000000 ) ;
#2318 = ORIENTED_EDGE ( 'NONE', *, *, #1058, .F. ) ;
#2319 = EDGE_CURVE ( 'NONE', #7584, #904, #3753, .T. ) ;
#2320 = PLANE ( 'NONE',  #8303 ) ;
#2321 = AXIS2_PLACEMENT_3D ( 'NONE', #2316, #1621, #9192 ) ;
#2322 = CARTESIAN_POINT ( 'NONE',  ( -11.37904571058671443, 46.46461770933310476, 36.27866445864628275 ) ) ;
#2323 = ORIENTED_EDGE ( 'NONE', *, *, #3251, .T. ) ;
#2324 = CARTESIAN_POINT ( 'NONE',  ( 1.520555759735353396, 4.499999999999992006, -38.00000000000000000 ) ) ;
#2325 = DIRECTION ( 'NONE',  ( -0.4971319653897971480, 0.8676749443124870398, -1.665334536937734564E-16 ) ) ;
#2326 = DIRECTION ( 'NONE',  ( -1.000000000000000000, 0.000000000000000000, 0.000000000000000000 ) ) ;
#2327 = CARTESIAN_POINT ( 'NONE',  ( -35.20756586982617620, 11.51340748400043168, -23.80649930252112867 ) ) ;
#2328 = VERTEX_POINT ( 'NONE', #6213 ) ;
#2329 = EDGE_CURVE ( 'NONE', #3949, #5053, #3103, .T. ) ;
#2330 = FACE_OUTER_BOUND ( 'NONE', #2747, .T. ) ;
#2331 = EDGE_CURVE ( 'NONE', #6165, #1104, #8341, .T. ) ;
#2332 = FACE_OUTER_BOUND ( 'NONE', #7579, .T. ) ;
#2333 = DIRECTION ( 'NONE',  ( 0.000000000000000000, 0.000000000000000000, 1.000000000000000000 ) ) ;
#2334 = EDGE_LOOP ( 'NONE', ( #4959, #5160, #6708, #444 ) ) ;
#2335 = EDGE_LOOP ( 'NONE', ( #6290, #8564, #5547, #8968 ) ) ;
#2336 = CIRCLE ( 'NONE', #4391, 2.999999999999999112 ) ;
#2337 = CARTESIAN_POINT ( 'NONE',  ( -36.00000000000000711, 0.000000000000000000, -19.00000000000000000 ) ) ;
#2338 = B_SPLINE_CURVE_WITH_KNOTS ( 'NONE', 3,
 ( #7486, #718, #2202, #8226, #1454, #6753, #1410, #7387, #4521, #9770, #8180, #6013, #6658, #6058, #5113, #3643, #9020, #2243, #5262, #7588, #7537, #764, #8325, #624, #4422, #3794 ),
 .UNSPECIFIED., .F., .F.,
 ( 4, 2, 2, 2, 2, 2, 2, 2, 2, 2, 2, 2, 4 ),
 ( 0.02605905828555783732, 0.02768671314686192708, 0.02931436800816601337, 0.03256967773077418943, 0.03582498745338236895, 0.03745264231468645177, 0.03908029717599054154, 0.04233560689859872106, 0.04396326175990281082, 0.04559091662120690058, 0.04884622634381509398, 0.05047388120511919762, 0.05210153606642328739 ),
 .UNSPECIFIED. ) ;
#2339 = DIRECTION ( 'NONE',  ( -2.584927402981196428E-16, 1.000000000000000000, 0.000000000000000000 ) ) ;
#2340 = EDGE_LOOP ( 'NONE', ( #2225, #1816 ) ) ;
#2341 = DIRECTION ( 'NONE',  ( 0.000000000000000000, 0.000000000000000000, -1.000000000000000000 ) ) ;
#2342 = ORIENTED_EDGE ( 'NONE', *, *, #9198, .F. ) ;
#2343 = DIRECTION ( 'NONE',  ( 0.000000000000000000, 6.982962677686266711E-15, -1.000000000000000000 ) ) ;
#2344 = ADVANCED_FACE ( 'NONE', ( #8481 ), #6759, .F. ) ;
#2345 = AXIS2_PLACEMENT_3D ( 'NONE', #6920, #6871, #8501 ) ;
#2346 = CYLINDRICAL_SURFACE ( 'NONE', #716, 80.00000000000000000 ) ;
#2347 = EDGE_CURVE ( 'NONE', #9465, #2095, #126, .T. ) ;
#2348 = PRODUCT_DEFINITION_CONTEXT ( 'detailed design', #5528, 'design' ) ;
#2349 = DIRECTION ( 'NONE',  ( 0.000000000000000000, 6.982962677686266711E-15, -1.000000000000000000 ) ) ;
#2350 = VERTEX_POINT ( 'NONE', #7647 ) ;
#2351 = CIRCLE ( 'NONE', #4097, 39.50000000000000000 ) ;
#2352 = DIRECTION ( 'NONE',  ( 0.000000000000000000, 1.000000000000000000, 1.110223024625676400E-14 ) ) ;
#2353 = ORIENTED_EDGE ( 'NONE', *, *, #6460, .T. ) ;
#2354 = ORIENTED_EDGE ( 'NONE', *, *, #5049, .T. ) ;
#2355 = EDGE_LOOP ( 'NONE', ( #7768, #4615, #8236, #7215 ) ) ;
#2356 = CARTESIAN_POINT ( 'NONE',  ( 3.673940397442058389E-15, 118.0000000000006253, -235.4999999999995453 ) ) ;
#2357 = CARTESIAN_POINT ( 'NONE',  ( 5.372584090453488010E-15, 49.50000000000001421, 38.00000000000000711 ) ) ;
#2358 = ORIENTED_EDGE ( 'NONE', *, *, #633, .F. ) ;
#2359 = AXIS2_PLACEMENT_3D ( 'NONE', #5534, #3813, #3168 ) ;
#2360 =( REPRESENTATION_RELATIONSHIP ('NONE','NONE', #7863, #3875 ) REPRESENTATION_RELATIONSHIP_WITH_TRANSFORMATION ( #7721 )SHAPE_REPRESENTATION_RELATIONSHIP( ) );
#2361 = B_SPLINE_CURVE_WITH_KNOTS ( 'NONE', 3,
 ( #1749, #4767, #7688, #6942, #3195, #6204 ),
 .UNSPECIFIED., .F., .F.,
 ( 4, 2, 4 ),
 ( 0.000000000000000000, 0.004076250747534575052, 0.008152501495069151838 ),
 .UNSPECIFIED. ) ;
#2362 = CARTESIAN_POINT ( 'NONE',  ( 0.000000000000000000, 88.00000000000095213, -281.4999999999997726 ) ) ;
#2363 = CARTESIAN_POINT ( 'NONE',  ( -19.00000000000000000, 44.00000000000000000, 48.50000000000000000 ) ) ;
#2364 = AXIS2_PLACEMENT_3D ( 'NONE', #2163, #4477, #8933 ) ;
#2365 = CARTESIAN_POINT ( 'NONE',  ( 43.53092048269407854, 40.40830120010438264, 7.197001578663756227 ) ) ;
#2366 = ORIENTED_EDGE ( 'NONE', *, *, #7263, .F. ) ;
#2367 = CARTESIAN_POINT ( 'NONE',  ( 35.99999999994373923, 1.369582187388012073, 9.198662110062640451 ) ) ;
#2368 = CARTESIAN_POINT ( 'NONE',  ( -38.75000000000000000, -1.938695552235898924E-16, -8.968695557326046952 ) ) ;
#2369 = DIRECTION ( 'NONE',  ( 0.000000000000000000, 0.000000000000000000, 1.000000000000000000 ) ) ;
#2370 = CARTESIAN_POINT ( 'NONE',  ( 64.56989347527186851, -3.230592380278479503, -182.5000000000003695 ) ) ;
#2371 = EDGE_CURVE ( 'NONE', #2893, #1550, #5023, .T. ) ;
#2372 = MANIFOLD_SOLID_BREP ( 'Mirror1', #3037 ) ;
#2373 = VERTEX_POINT ( 'NONE', #2356 ) ;
#2374 = CARTESIAN_POINT ( 'NONE',  ( -19.43475361544497559, 1.018532277898461569, 9.000000000000000000 ) ) ;
#2375 = DIRECTION ( 'NONE',  ( -0.000000000000000000, -1.000000000000000000, -0.000000000000000000 ) ) ;
#2376 = ORIENTED_EDGE ( 'NONE', *, *, #5822, .T. ) ;
#2377 = CARTESIAN_POINT ( 'NONE',  ( 8.754957417425407229, 13.00404709670977965, -41.59095452618321787 ) ) ;
#2378 = APPLICATION_PROTOCOL_DEFINITION ( 'draft international standard', 'automotive_design', 1998, #277 ) ;
#2379 = ADVANCED_FACE ( 'NONE', ( #123 ), #6117, .F. ) ;
#2380 = FACE_OUTER_BOUND ( 'NONE', #2156, .T. ) ;
#2381 = EDGE_CURVE ( 'NONE', #3154, #6293, #4241, .T. ) ;
#2382 = CARTESIAN_POINT ( 'NONE',  ( 0.000000000000000000, 0.000000000000000000, 0.000000000000000000 ) ) ;
#2383 = VERTEX_POINT ( 'NONE', #5416 ) ;
#2384 = DIRECTION ( 'NONE',  ( -1.000000000000000000, 0.000000000000000000, 0.000000000000000000 ) ) ;
#2385 = CARTESIAN_POINT ( 'NONE',  ( -36.00000000000000000, 44.00000000000000000, 10.49999999999999467 ) ) ;
#2386 = CARTESIAN_POINT ( 'NONE',  ( 64.56989347527186851, -3.230592380278214382, -220.5000000000003979 ) ) ;
#2387 = EDGE_LOOP ( 'NONE', ( #6007, #282, #788, #4553 ) ) ;
#2388 = ORIENTED_EDGE ( 'NONE', *, *, #7871, .T. ) ;
#2389 = SHAPE_REPRESENTATION_RELATIONSHIP ( 'NONE' , 'NONE' ,  #5885, #5533 ) ;
#2390 = DIRECTION ( 'NONE',  ( -0.000000000000000000, -0.000000000000000000, -1.000000000000000000 ) ) ;
#2391 = ADVANCED_FACE ( 'NONE', ( #8427 ), #1657, .F. ) ;
#2392 = ORIENTED_EDGE ( 'NONE', *, *, #8234, .T. ) ;
#2393 = CARTESIAN_POINT ( 'NONE',  ( 39.00000000000000000, 1.407165727727532656E-14, 11.95826074310138409 ) ) ;
#2394 = FACE_OUTER_BOUND ( 'NONE', #2491, .T. ) ;
#2395 = ORIENTED_EDGE ( 'NONE', *, *, #1824, .T. ) ;
#2396 = CARTESIAN_POINT ( 'NONE',  ( 0.000000000000000000, 44.00000000000000000, -7.500000000000000000 ) ) ;
#2397 = DIRECTION ( 'NONE',  ( 0.000000000000000000, 1.000000000000000000, -0.000000000000000000 ) ) ;
#2398 = DIRECTION ( 'NONE',  ( 0.000000000000000000, 0.000000000000000000, -1.000000000000000000 ) ) ;
#2399 = VERTEX_POINT ( 'NONE', #9230 ) ;
#2400 = CARTESIAN_POINT ( 'NONE',  ( 0.000000000000000000, 5.000000000000517808, -220.5000000000003411 ) ) ;
#2401 = ORIENTED_EDGE ( 'NONE', *, *, #3852, .F. ) ;
#2402 = ORIENTED_EDGE ( 'NONE', *, *, #692, .F. ) ;
#2403 = CARTESIAN_POINT ( 'NONE',  ( -13.00000000000000178, 44.00000000000000000, 122.5000000000000000 ) ) ;
#2404 = CARTESIAN_POINT ( 'NONE',  ( -64.56989347527186851, -3.230592380278896059, -121.5000000000003553 ) ) ;
#2405 = ADVANCED_FACE ( 'NONE', ( #9026, #771 ), #2455, .T. ) ;
#2406 = DIRECTION ( 'NONE',  ( 1.000000000000000000, 1.224646799147353207E-16, 8.551662891793917213E-31 ) ) ;
#2407 = VERTEX_POINT ( 'NONE', #8017 ) ;
#2408 = DIRECTION ( 'NONE',  ( 0.000000000000000000, 6.982962677686266711E-15, -1.000000000000000000 ) ) ;
#2409 = CIRCLE ( 'NONE', #1290, 36.00000000000000000 ) ;
#2410 = DIRECTION ( 'NONE',  ( -0.000000000000000000, -1.396592535537253342E-14, 1.000000000000000000 ) ) ;
#2411 = CARTESIAN_POINT ( 'NONE',  ( -42.38224933252627835, 20.64987890535590509, -3.193933342153455701 ) ) ;
#2412 = ORIENTED_EDGE ( 'NONE', *, *, #8434, .F. ) ;
#2413 = AXIS2_PLACEMENT_3D ( 'NONE', #6463, #9477, #6507 ) ;
#2414 = DIRECTION ( 'NONE',  ( 1.000000000000000000, 0.000000000000000000, -0.000000000000000000 ) ) ;
#2415 = CARTESIAN_POINT ( 'NONE',  ( -38.74999999999985079, 1.473196481563938676, -8.968695557326936907 ) ) ;
#2416 = CIRCLE ( 'NONE', #1137, 38.00000000000000000 ) ;
#2417 = PRODUCT_DEFINITION ( 'UNKNOWN', '', #8829, #6110 ) ;
#2418 = CARTESIAN_POINT ( 'NONE',  ( -35.07692307692307310, 8.099967126823520047, 12.00000000000000000 ) ) ;
#2419 = LINE ( 'NONE', #9294, #5811 ) ;
#2420 = AXIS2_PLACEMENT_3D ( 'NONE', #4862, #3388, #9321 ) ;
#2421 = VERTEX_POINT ( 'NONE', #2630 ) ;
#2422 = VECTOR ( 'NONE', #6140, 1000.000000000000000 ) ;
#2423 = PLANE ( 'NONE',  #7361 ) ;
#2424 = CARTESIAN_POINT ( 'NONE',  ( -38.25123110766364931, 7.324355332767257032, -9.000000000000001776 ) ) ;
#2425 = ORIENTED_EDGE ( 'NONE', *, *, #5608, .F. ) ;
#2426 = CARTESIAN_POINT ( 'NONE',  ( 15.96196156141172295, 22.68263265211735913, -39.38932865386206572 ) ) ;
#2427 = AXIS2_PLACEMENT_3D ( 'NONE', #2887, #3677, #1397 ) ;
#2428 = VECTOR ( 'NONE', #7020, 1000.000000000000000 ) ;
#2429 = DIRECTION ( 'NONE',  ( 0.000000000000000000, -0.000000000000000000, 1.000000000000000000 ) ) ;
#2430 = DIRECTION ( 'NONE',  ( 0.000000000000000000, 0.000000000000000000, 1.000000000000000000 ) ) ;
#2431 = ORIENTED_EDGE ( 'NONE', *, *, #3838, .T. ) ;
#2432 = CIRCLE ( 'NONE', #5747, 27.00000000000000000 ) ;
#2433 = CARTESIAN_POINT ( 'NONE',  ( 38.89087296526010817, 10.10912703473949570, -448.5000000000005684 ) ) ;
#2434 = AXIS2_PLACEMENT_3D ( 'NONE', #482, #5074, #4340 ) ;
#2435 = EDGE_CURVE ( 'NONE', #281, #8328, #9551, .T. ) ;
#2436 = CARTESIAN_POINT ( 'NONE',  ( -35.96935747195001198, 18.85084205891912035, -12.38119851413850014 ) ) ;
#2437 = CARTESIAN_POINT ( 'NONE',  ( -9.443379426350409389, 6.564338222196973938, 36.81453097388654783 ) ) ;
#2438 = ORIENTED_EDGE ( 'NONE', *, *, #1965, .T. ) ;
#2439 = ORIENTED_EDGE ( 'NONE', *, *, #7827, .F. ) ;
#2440 = CARTESIAN_POINT ( 'NONE',  ( 21.88945349699558562, 32.21939802018857790, 31.06227124854337163 ) ) ;
#2441 = VERTEX_POINT ( 'NONE', #6489 ) ;
#2442 = VECTOR ( 'NONE', #7330, 1000.000000000000000 ) ;
#2443 = DIRECTION ( 'NONE',  ( -0.000000000000000000, -1.396592535537253342E-14, 1.000000000000000000 ) ) ;
#2444 = LINE ( 'NONE', #4035, #7193 ) ;
#2445 = ORIENTED_EDGE ( 'NONE', *, *, #525, .T. ) ;
#2446 = CARTESIAN_POINT ( 'NONE',  ( 5.204749076441192260E-15, 43.50000000000000711, 42.49999999999999289 ) ) ;
#2447 = DIRECTION ( 'NONE',  ( 0.000000000000000000, -6.982962677686266711E-15, 1.000000000000000000 ) ) ;
#2448 = EDGE_CURVE ( 'NONE', #3947, #5175, #5827, .T. ) ;
#2449 = AXIS2_PLACEMENT_3D ( 'NONE', #2881, #8260, #6543 ) ;
#2450 = CARTESIAN_POINT ( 'NONE',  ( 0.000000000000000000, 201.1999999999999886, 19.00000000000000000 ) ) ;
#2451 = ORIENTED_EDGE ( 'NONE', *, *, #7901, .T. ) ;
#2452 = DIRECTION ( 'NONE',  ( -0.000000000000000000, -1.000000000000000000, -0.000000000000000000 ) ) ;
#2453 = EDGE_LOOP ( 'NONE', ( #509, #887, #4100, #3149, #6335, #6086 ) ) ;
#2454 = ORIENTED_EDGE ( 'NONE', *, *, #7101, .F. ) ;
#2455 = PLANE ( 'NONE',  #8972 ) ;
#2456 = CARTESIAN_POINT ( 'NONE',  ( 42.38830694285422851, 20.65639990006415161, -3.564443968842109456 ) ) ;
#2457 = DIRECTION ( 'NONE',  ( -1.224646799147351975E-16, 1.000000000000000000, 0.000000000000000000 ) ) ;
#2458 = VERTEX_POINT ( 'NONE', #9405 ) ;
#2459 = AXIS2_PLACEMENT_3D ( 'NONE', #8975, #7538, #2245 ) ;
#2460 = VECTOR ( 'NONE', #3692, 1000.000000000000000 ) ;
#2461 = CARTESIAN_POINT ( 'NONE',  ( 0.000000000000000000, 44.00000000000297007, -413.5000000000001137 ) ) ;
#2462 = DIRECTION ( 'NONE',  ( 1.000000000000000000, 0.000000000000000000, 0.000000000000000000 ) ) ;
#2463 = EDGE_CURVE ( 'NONE', #7268, #2584, #2023, .T. ) ;
#2464 = EDGE_CURVE ( 'NONE', #3157, #8417, #4551, .T. ) ;
#2465 = VECTOR ( 'NONE', #761, 1000.000000000000000 ) ;
#2466 = DIRECTION ( 'NONE',  ( -0.7808688094430302762, 0.6246950475544245096, 1.425885742525141106E-16 ) ) ;
#2467 = AXIS2_PLACEMENT_3D ( 'NONE', #5, #1396, #7524 ) ;
#2468 = VERTEX_POINT ( 'NONE', #7747 ) ;
#2469 = CARTESIAN_POINT ( 'NONE',  ( -22.48353060487813693, 30.00000000000000000, 9.407652717443331980 ) ) ;
#2470 = B_SPLINE_CURVE_WITH_KNOTS ( 'NONE', 3,
 ( #310, #9409, #2586, #7924, #5605, #7881 ),
 .UNSPECIFIED., .F., .F.,
 ( 4, 2, 4 ),
 ( 6.143619479645578450E-21, 0.004403506556374461867, 0.008807013112748923733 ),
 .UNSPECIFIED. ) ;
#2471 = CARTESIAN_POINT ( 'NONE',  ( -24.09087047684223037, 30.00000000000000000, -9.034956203351342197 ) ) ;
#2472 = LINE ( 'NONE', #35, #7403 ) ;
#2473 = DIRECTION ( 'NONE',  ( 0.000000000000000000, 6.982962677686266711E-15, -1.000000000000000000 ) ) ;
#2474 = CIRCLE ( 'NONE', #6266, 3.000000000000000000 ) ;
#2475 = ORIENTED_EDGE ( 'NONE', *, *, #6916, .T. ) ;
#2476 = EDGE_CURVE ( 'NONE', #1500, #2849, #6914, .T. ) ;
#2477 = CARTESIAN_POINT ( 'NONE',  ( -30.00000000000000000, 0.000000000000000000, -50.49999999999999289 ) ) ;
#2478 = EDGE_CURVE ( 'NONE', #6601, #9468, #2664, .T. ) ;
#2479 = CARTESIAN_POINT ( 'NONE',  ( -35.92084013153765909, 2.742645516829498753, -9.186626416931201078 ) ) ;
#2480 = EDGE_LOOP ( 'NONE', ( #9276, #3894, #9279, #4939, #6308, #5708, #2438, #2058, #5741 ) ) ;
#2481 = CIRCLE ( 'NONE', #8470, 36.00000000000000000 ) ;
#2482 = CARTESIAN_POINT ( 'NONE',  ( 2.717829663206772217, 10.71624230244634113, -42.41639888446053419 ) ) ;
#2483 = CARTESIAN_POINT ( 'NONE',  ( 35.38462345019671318, 6.767470074049366069, 11.99999999999998579 ) ) ;
#2484 = CARTESIAN_POINT ( 'NONE',  ( -27.00000000000000000, 3.306546357697853733E-15, -53.50000000000000000 ) ) ;
#2485 = VERTEX_POINT ( 'NONE', #2077 ) ;
#2486 = CIRCLE ( 'NONE', #4533, 3.000000000000002665 ) ;
#2487 = PLANE ( 'NONE',  #8455 ) ;
#2488 = CYLINDRICAL_SURFACE ( 'NONE', #5109, 39.50000000000000000 ) ;
#2489 = CARTESIAN_POINT ( 'NONE',  ( -8.085153180736103451, 5.989907536357426565, 37.13646999731265197 ) ) ;
#2490 = VERTEX_POINT ( 'NONE', #2833 ) ;
#2491 = EDGE_LOOP ( 'NONE', ( #9082, #2154, #4217, #4693 ) ) ;
#2492 = FACE_OUTER_BOUND ( 'NONE', #9134, .T. ) ;
#2493 = CARTESIAN_POINT ( 'NONE',  ( -42.50000000000000000, 43.60000000000000142, 0.000000000000000000 ) ) ;
#2494 = EDGE_CURVE ( 'NONE', #3535, #2871, #8793, .T. ) ;
#2495 = AXIS2_PLACEMENT_3D ( 'NONE', #7398, #3756, #6764 ) ;
#2496 = CARTESIAN_POINT ( 'NONE',  ( -38.00000000000000000, 0.000000000000000000, 4.499999999999998224 ) ) ;
#2497 = PLANE ( 'NONE',  #6575 ) ;
#2498 = EDGE_CURVE ( 'NONE', #2092, #2006, #7386, .T. ) ;
#2499 = ORIENTED_EDGE ( 'NONE', *, *, #8504, .T. ) ;
#2500 = DIRECTION ( 'NONE',  ( 0.000000000000000000, 0.000000000000000000, -1.000000000000000000 ) ) ;
#2501 = DIRECTION ( 'NONE',  ( 1.000000000000000000, 0.000000000000000000, 0.000000000000000000 ) ) ;
#2502 = FACE_OUTER_BOUND ( 'NONE', #3976, .T. ) ;
#2503 = ORIENTED_EDGE ( 'NONE', *, *, #9641, .T. ) ;
#2504 = AXIS2_PLACEMENT_3D ( 'NONE', #1217, #478, #4881 ) ;
#2505 = DIRECTION ( 'NONE',  ( 0.000000000000000000, -6.982962677686266711E-15, 1.000000000000000000 ) ) ;
#2506 = ORIENTED_EDGE ( 'NONE', *, *, #4828, .F. ) ;
#2507 = ORIENTED_EDGE ( 'NONE', *, *, #3772, .T. ) ;
#2508 = CARTESIAN_POINT ( 'NONE',  ( 37.50000000000000000, 15.41602615938556120, -20.00000000000000000 ) ) ;
#2509 = DIRECTION ( 'NONE',  ( 1.000000000000000000, 0.000000000000000000, 0.000000000000000000 ) ) ;
#2510 = ORIENTED_EDGE ( 'NONE', *, *, #1320, .T. ) ;
#2511 = EDGE_CURVE ( 'NONE', #6883, #1458, #5982, .T. ) ;
#2512 = DIRECTION ( 'NONE',  ( 0.000000000000000000, 0.000000000000000000, -1.000000000000000000 ) ) ;
#2513 = CARTESIAN_POINT ( 'NONE',  ( -0.000000000000000000, 0.000000000000000000, 19.00000000000000000 ) ) ;
#2514 = AXIS2_PLACEMENT_3D ( 'NONE', #5131, #3062, #734 ) ;
#2515 = CARTESIAN_POINT ( 'NONE',  ( 45.87408514266326165, 40.90073188586939068, -0.7853981597613644006 ) ) ;
#2516 = ORIENTED_EDGE ( 'NONE', *, *, #2824, .T. ) ;
#2517 = AXIS2_PLACEMENT_3D ( 'NONE', #7517, #8111, #9103 ) ;
#2518 = CARTESIAN_POINT ( 'NONE',  ( -38.00000000000000000, 0.000000000000000000, -4.499999999999998224 ) ) ;
#2519 = CARTESIAN_POINT ( 'NONE',  ( 0.000000000000000000, 0.000000000000000000, -9.000000000000000000 ) ) ;
#2520 = DIRECTION ( 'NONE',  ( -0.2840153447039201473, 0.9588197348681938292, 6.695402423213638926E-15 ) ) ;
#2521 = AXIS2_PLACEMENT_3D ( 'NONE', #7368, #496, #3521 ) ;
#2522 = ADVANCED_FACE ( 'NONE', ( #3997 ), #7223, .F. ) ;
#2523 = AXIS2_PLACEMENT_3D ( 'NONE', #5283, #8391, #9244 ) ;
#2524 = DIRECTION ( 'NONE',  ( -0.000000000000000000, 1.000000000000000000, 0.000000000000000000 ) ) ;
#2525 = CARTESIAN_POINT ( 'NONE',  ( 30.00000000000000000, 0.000000000000000000, -7.500000000000001776 ) ) ;
#2526 = ORIENTED_EDGE ( 'NONE', *, *, #6301, .F. ) ;
#2527 = B_SPLINE_CURVE_WITH_KNOTS ( 'NONE', 3,
 ( #742, #7564, #790, #4545, #2925, #2975, #8156, #5140, #4401, #1411, #3769, #1434, #1534, #9152, #3123, #41, #6137, #2322, #91, #5290, #5193, #3023, #3817, #6035, #5941, #8208 ),
 .UNSPECIFIED., .F., .F.,
 ( 4, 2, 2, 2, 2, 2, 2, 2, 2, 2, 2, 2, 4 ),
 ( 0.000000000000000000, 0.004511151503397956702, 0.006766727255096940258, 0.009022303006795925548, 0.01353345451019387011, 0.01804460601359181293, 0.02030018176529078955, 0.02142796964114027439, 0.02255575751698975923, 0.02706690902038772981, 0.02932248477208671336, 0.03157806052378569345, 0.03608921202718366750 ),
 .UNSPECIFIED. ) ;
#2528 = DIRECTION ( 'NONE',  ( 0.000000000000000000, -1.000000000000000000, -6.938893903907228378E-15 ) ) ;
#2529 = LINE ( 'NONE', #9303, #7626 ) ;
#2530 = EDGE_CURVE ( 'NONE', #2231, #243, #6953, .T. ) ;
#2531 = EDGE_CURVE ( 'NONE', #7791, #4369, #1567, .T. ) ;
#2532 = CARTESIAN_POINT ( 'NONE',  ( -37.49999999999999289, 15.41602615938556120, -20.00000000000000711 ) ) ;
#2533 = EDGE_LOOP ( 'NONE', ( #7745, #1204, #8574, #867 ) ) ;
#2534 = LINE ( 'NONE', #6830, #5302 ) ;
#2535 = DIRECTION ( 'NONE',  ( 8.881784197001254296E-16, -1.000000000000000000, -7.195889974422311904E-15 ) ) ;
#2536 = CARTESIAN_POINT ( 'NONE',  ( 35.07692307692307310, 8.099967126823520047, -12.00000000000001421 ) ) ;
#2537 = VERTEX_POINT ( 'NONE', #7172 ) ;
#2538 = CARTESIAN_POINT ( 'NONE',  ( 0.000000000000000000, 0.000000000000000000, -9.000000000000000000 ) ) ;
#2539 = CARTESIAN_POINT ( 'NONE',  ( 0.000000000000000000, 0.000000000000000000, -12.00000000000000711 ) ) ;
#2540 = CARTESIAN_POINT ( 'NONE',  ( 0.000000000000000000, 1.857468072264551539E-12, -334.5000000000006821 ) ) ;
#2541 = CARTESIAN_POINT ( 'NONE',  ( 10.60459098999964489, 169.5080723089007790, -9.000000000000000000 ) ) ;
#2542 = ORIENTED_EDGE ( 'NONE', *, *, #772, .F. ) ;
#2543 = LINE ( 'NONE', #5367, #1776 ) ;
#2544 = DIRECTION ( 'NONE',  ( 1.000000000000000000, -0.000000000000000000, -0.000000000000000000 ) ) ;
#2545 = FACE_BOUND ( 'NONE', #488, .T. ) ;
#2546 = ORIENTED_EDGE ( 'NONE', *, *, #9761, .T. ) ;
#2547 = CARTESIAN_POINT ( 'NONE',  ( -28.61817604250836666, -4.592425496802573578E-15, 25.00000000000000000 ) ) ;
#2548 = EDGE_LOOP ( 'NONE', ( #8946, #3640, #6119, #3835, #1365, #5308 ) ) ;
#2549 = ORIENTED_EDGE ( 'NONE', *, *, #7474, .T. ) ;
#2550 = CARTESIAN_POINT ( 'NONE',  ( 41.92050961139744203, 20.15883973202062407, 7.220252216595342887 ) ) ;
#2551 = ORIENTED_EDGE ( 'NONE', *, *, #3866, .F. ) ;
#2552 = CARTESIAN_POINT ( 'NONE',  ( -42.49999999999999289, 15.41602615938556653, -20.00000000000000711 ) ) ;
#2553 = DIRECTION ( 'NONE',  ( 0.000000000000000000, -1.396592535537253342E-14, 1.000000000000000000 ) ) ;
#2554 = EDGE_CURVE ( 'NONE', #1147, #7673, #5346, .T. ) ;
#2555 = CARTESIAN_POINT ( 'NONE',  ( -7.379427263200618370, 48.26871847603755583, -37.28371278163368174 ) ) ;
#2556 = VERTEX_POINT ( 'NONE', #1134 ) ;
#2557 = ADVANCED_FACE ( 'NONE', ( #7319, #5846 ), #968, .T. ) ;
#2558 = ORIENTED_EDGE ( 'NONE', *, *, #8650, .T. ) ;
#2559 = PRODUCT_DEFINITION_SHAPE ( 'NONE', 'NONE',  #9781 ) ;
#2560 = CARTESIAN_POINT ( 'NONE',  ( 0.000000000000000000, 44.00000000000002132, -106.5000000000000142 ) ) ;
#2561 = DIRECTION ( 'NONE',  ( -1.000000000000000000, 0.000000000000000000, 0.000000000000000000 ) ) ;
#2562 = ORIENTED_EDGE ( 'NONE', *, *, #2161, .T. ) ;
#2563 = DIRECTION ( 'NONE',  ( 0.000000000000000000, 1.000000000000000000, -0.000000000000000000 ) ) ;
#2564 = CIRCLE ( 'NONE', #3840, 3.000000000000002665 ) ;
#2565 = EDGE_CURVE ( 'NONE', #9745, #8874, #4210, .T. ) ;
#2566 = ADVANCED_FACE ( 'NONE', ( #8847 ), #7123, .F. ) ;
#2567 = ADVANCED_FACE ( 'NONE', ( #2275 ), #650, .T. ) ;
#2568 = CARTESIAN_POINT ( 'NONE',  ( 27.00000000000000000, 1.373088835407637272E-16, 19.00000000000000000 ) ) ;
#2569 = DIRECTION ( 'NONE',  ( -0.000000000000000000, -1.396592535537253342E-14, 1.000000000000000000 ) ) ;
#2570 = DIRECTION ( 'NONE',  ( 0.000000000000000000, 0.000000000000000000, 1.000000000000000000 ) ) ;
#2571 = CIRCLE ( 'NONE', #4010, 38.99999999999999289 ) ;
#2572 = AXIS2_PLACEMENT_3D ( 'NONE', #296, #3127, #151 ) ;
#2573 = ORIENTED_EDGE ( 'NONE', *, *, #4520, .F. ) ;
#2574 = CARTESIAN_POINT ( 'NONE',  ( 1.089425963138013431, 10.49999999999999289, 42.49999999999999289 ) ) ;
#2575 = EDGE_CURVE ( 'NONE', #5911, #578, #1240, .T. ) ;
#2576 = DIRECTION ( 'NONE',  ( -0.000000000000000000, -1.396592535537253342E-14, 1.000000000000000000 ) ) ;
#2577 = CIRCLE ( 'NONE', #4312, 39.00000000000000000 ) ;
#2578 = B_SPLINE_CURVE_WITH_KNOTS ( 'NONE', 3,
 ( #8334, #6118, #7649, #3953, #9233, #4776 ),
 .UNSPECIFIED., .F., .F.,
 ( 4, 2, 4 ),
 ( 0.000000000000000000, 0.004076250747534592399, 0.008152501495069184798 ),
 .UNSPECIFIED. ) ;
#2579 = ADVANCED_FACE ( 'NONE', ( #601 ), #4872, .T. ) ;
#2580 = AXIS2_PLACEMENT_3D ( 'NONE', #7377, #613, #6649 ) ;
#2581 = CARTESIAN_POINT ( 'NONE',  ( 38.00000000000000000, 8.774964387392147458, -9.000000000000014211 ) ) ;
#2582 = ORIENTED_EDGE ( 'NONE', *, *, #7607, .T. ) ;
#2583 = CARTESIAN_POINT ( 'NONE',  ( -37.49999999999999289, 15.41602615938555232, 20.00000000000000355 ) ) ;
#2584 = VERTEX_POINT ( 'NONE', #8253 ) ;
#2585 = CARTESIAN_POINT ( 'NONE',  ( -42.49999999999999289, 9.184850993605148733E-15, -25.00000000000000000 ) ) ;
#2586 = CARTESIAN_POINT ( 'NONE',  ( -38.68759559582435514, 2.941038293923120328, 8.974564642706452489 ) ) ;
#2587 = AXIS2_PLACEMENT_3D ( 'NONE', #9162, #901, #2535 ) ;
#2588 = EDGE_LOOP ( 'NONE', ( #7527, #6453, #5468, #7312, #6896 ) ) ;
#2589 = VECTOR ( 'NONE', #3608, 1000.000000000000000 ) ;
#2590 = CARTESIAN_POINT ( 'NONE',  ( 14.30850561969477397, 35.28595245589960427, 40.02386946983140348 ) ) ;
#2591 = FACE_OUTER_BOUND ( 'NONE', #1045, .T. ) ;
#2592 = EDGE_CURVE ( 'NONE', #5053, #1707, #4397, .T. ) ;
#2593 = CARTESIAN_POINT ( 'NONE',  ( 4.837354856632044663E-15, 0.000000000000000000, 39.50000000000000000 ) ) ;
#2594 = ORIENTED_EDGE ( 'NONE', *, *, #8901, .T. ) ;
#2595 = CARTESIAN_POINT ( 'NONE',  ( 0.000000000000000000, 0.000000000000000000, 0.000000000000000000 ) ) ;
#2596 = ORIENTED_EDGE ( 'NONE', *, *, #7263, .T. ) ;
#2597 = ORIENTED_EDGE ( 'NONE', *, *, #3192, .T. ) ;
#2598 = AXIS2_PLACEMENT_3D ( 'NONE', #4425, #1414, #5169 ) ;
#2599 = CARTESIAN_POINT ( 'NONE',  ( 24.50244656709699953, 30.00000000000000000, -9.000000000000005329 ) ) ;
#2600 = ORIENTED_EDGE ( 'NONE', *, *, #3865, .F. ) ;
#2601 =( NAMED_UNIT ( * ) PLANE_ANGLE_UNIT ( ) SI_UNIT ( $, .RADIAN. ) );
#2602 = CARTESIAN_POINT ( 'NONE',  ( 36.00000000000000000, 44.00000000000318323, -413.5000000000001137 ) ) ;
#2603 = CARTESIAN_POINT ( 'NONE',  ( 38.74999999995471001, 1.474284678808920779, 8.968695557329823487 ) ) ;
#2604 = CARTESIAN_POINT ( 'NONE',  ( 37.99999999999999289, 43.35812545754029657, -9.000000000000014211 ) ) ;
#2605 = VERTEX_POINT ( 'NONE', #1536 ) ;
#2606 = VERTEX_POINT ( 'NONE', #6824 ) ;
#2607 = DIRECTION ( 'NONE',  ( 1.000000000000000000, 0.000000000000000000, 0.000000000000000000 ) ) ;
#2608 = CIRCLE ( 'NONE', #6390, 9.000000000000000000 ) ;
#2609 = PLANE ( 'NONE',  #1571 ) ;
#2610 = VERTEX_POINT ( 'NONE', #4547 ) ;
#2611 = DIRECTION ( 'NONE',  ( 0.000000000000000000, 0.000000000000000000, 1.000000000000000000 ) ) ;
#2612 = ADVANCED_FACE ( 'NONE', ( #2226 ), #5945, .F. ) ;
#2613 = EDGE_CURVE ( 'NONE', #4542, #5807, #3460, .T. ) ;
#2614 = CIRCLE ( 'NONE', #1506, 42.49999999999999289 ) ;
#2615 = ORIENTED_EDGE ( 'NONE', *, *, #3728, .F. ) ;
#2616 = PRODUCT_DEFINITION_SHAPE ( 'NONE', 'NONE',  #9796 ) ;
#2618 = DIRECTION ( 'NONE',  ( 0.000000000000000000, -1.396592535537253342E-14, 1.000000000000000000 ) ) ;
#2617 =( REPRESENTATION_RELATIONSHIP ('NONE','NONE', #7863, #7209 ) REPRESENTATION_RELATIONSHIP_WITH_TRANSFORMATION ( #5687 )SHAPE_REPRESENTATION_RELATIONSHIP( ) );
#2619 = CARTESIAN_POINT ( 'NONE',  ( 21.71225495028501484, 21.05190229790080636, -31.18732167567840108 ) ) ;
#2620 = CARTESIAN_POINT ( 'NONE',  ( -8.748795394141259507, 40.99976811059031689, 41.59224352285752246 ) ) ;
#2621 = CIRCLE ( 'NONE', #2148, 38.00000000000000000 ) ;
#2622 = AXIS2_PLACEMENT_3D ( 'NONE', #9710, #8167, #4413 ) ;
#2623 = EDGE_CURVE ( 'NONE', #2689, #5415, #8348, .T. ) ;
#2624 = ORIENTED_EDGE ( 'NONE', *, *, #3021, .T. ) ;
#2625 = DIRECTION ( 'NONE',  ( 1.826024711554533667E-16, 4.720141315418149384E-32, 1.000000000000000000 ) ) ;
#2626 = AXIS2_PLACEMENT_3D ( 'NONE', #7459, #2178, #5190 ) ;
#2627 = DIRECTION ( 'NONE',  ( 0.000000000000000000, 0.000000000000000000, -1.000000000000000000 ) ) ;
#2628 = CARTESIAN_POINT ( 'NONE',  ( -18.28383450411770639, 13.86726513858318377, 33.31535941653665134 ) ) ;
#2629 = EDGE_LOOP ( 'NONE', ( #68, #5223 ) ) ;
#2630 = CARTESIAN_POINT ( 'NONE',  ( 64.56989347527186851, -3.230592380278576758, -167.5000000000003411 ) ) ;
#2631 = CARTESIAN_POINT ( 'NONE',  ( 29.63209163395024959, 32.52597647107911882, 463.5000000000004547 ) ) ;
#2632 = DIRECTION ( 'NONE',  ( 1.000000000000000000, 0.000000000000000000, 0.000000000000000000 ) ) ;
#2633 = FACE_OUTER_BOUND ( 'NONE', #2796, .T. ) ;
#2634 = CARTESIAN_POINT ( 'NONE',  ( -45.87408514266327586, 40.90073188586940489, 0.7853981597613413079 ) ) ;
#2635 = CARTESIAN_POINT ( 'NONE',  ( 39.87408514266326165, 45.70073188586939494, 5.999999999999985789 ) ) ;
#2636 = EDGE_CURVE ( 'NONE', #1826, #5908, #4403, .T. ) ;
#2637 = AXIS2_PLACEMENT_3D ( 'NONE', #6216, #6855, #1659 ) ;
#2638 = EDGE_CURVE ( 'NONE', #5217, #4091, #3819, .T. ) ;
#2639 = ORIENTED_EDGE ( 'NONE', *, *, #8252, .T. ) ;
#2640 = CYLINDRICAL_SURFACE ( 'NONE', #1142, 4.499999999999997335 ) ;
#2641 = CARTESIAN_POINT ( 'NONE',  ( 0.000000000000000000, 55.29999999999999716, 0.000000000000000000 ) ) ;
#2642 = DIRECTION ( 'NONE',  ( -0.000000000000000000, -0.000000000000000000, -1.000000000000000000 ) ) ;
#2643 = ORIENTED_EDGE ( 'NONE', *, *, #7911, .F. ) ;
#2644 = DIRECTION ( 'NONE',  ( -0.000000000000000000, -0.000000000000000000, 1.000000000000000000 ) ) ;
#2645 = ORIENTED_EDGE ( 'NONE', *, *, #6525, .T. ) ;
#2646 = ORIENTED_EDGE ( 'NONE', *, *, #7816, .F. ) ;
#2647 = AXIS2_PLACEMENT_3D ( 'NONE', #883, #6912, #6180 ) ;
#2648 = DIRECTION ( 'NONE',  ( 0.000000000000000000, -1.396592535537253342E-14, 1.000000000000000000 ) ) ;
#2649 = LINE ( 'NONE', #4911, #3508 ) ;
#2650 = VECTOR ( 'NONE', #8540, 1000.000000000000000 ) ;
#2651 = ORIENTED_EDGE ( 'NONE', *, *, #558, .T. ) ;
#2652 = SURFACE_SIDE_STYLE ('',( #7896 ) ) ;
#2653 = EDGE_CURVE ( 'NONE', #655, #3556, #3074, .T. ) ;
#2654 = ADVANCED_FACE ( 'NONE', ( #3025 ), #5354, .F. ) ;
#2655 = DIRECTION ( 'NONE',  ( -0.2840153447039201473, 0.9588197348681938292, 0.000000000000000000 ) ) ;
#2656 = AXIS2_PLACEMENT_3D ( 'NONE', #3810, #7555, #2414 ) ;
#2657 = PLANE ( 'NONE',  #5136 ) ;
#2658 = CARTESIAN_POINT ( 'NONE',  ( 46.99999999999999289, 40.00000000000000711, -1.027104492632205046 ) ) ;
#2659 = ORIENTED_EDGE ( 'NONE', *, *, #4745, .F. ) ;
#2660 = VERTEX_POINT ( 'NONE', #5143 ) ;
#2661 = DIRECTION ( 'NONE',  ( 0.000000000000000000, -1.000000000000000000, -6.982962677686265922E-15 ) ) ;
#2662 = CARTESIAN_POINT ( 'NONE',  ( 64.56989347527186851, 91.23059238028164941, -410.4999999999994316 ) ) ;
#2663 = ORIENTED_EDGE ( 'NONE', *, *, #1677, .T. ) ;
#2664 = CIRCLE ( 'NONE', #3303, 36.00000000000000000 ) ;
#2665 = DIRECTION ( 'NONE',  ( 0.000000000000000000, -6.982962677686266711E-15, 1.000000000000000000 ) ) ;
#2666 = AXIS2_PLACEMENT_3D ( 'NONE', #5384, #4688, #6178 ) ;
#2667 = DIRECTION ( 'NONE',  ( 0.000000000000000000, 0.000000000000000000, 1.000000000000000000 ) ) ;
#2668 = AXIS2_PLACEMENT_3D ( 'NONE', #8158, #5195, #8210 ) ;
#2669 = VERTEX_POINT ( 'NONE', #2129 ) ;
#2670 = CARTESIAN_POINT ( 'NONE',  ( -38.89087296526011528, 10.10912703474030394, -448.5000000000005684 ) ) ;
#2671 = FACE_OUTER_BOUND ( 'NONE', #7645, .T. ) ;
#2672 = ITEM_DEFINED_TRANSFORMATION ( 'NONE', 'NONE', #5681,  #3150 ) ;
#2673 = CARTESIAN_POINT ( 'NONE',  ( 27.00000000000000000, 88.00000000000062528, -235.4999999999997726 ) ) ;
#2674 = AXIS2_PLACEMENT_3D ( 'NONE', #2519, #138, #6276 ) ;
#2675 = EDGE_LOOP ( 'NONE', ( #9204, #5400, #937, #796 ) ) ;
#2676 = AXIS2_PLACEMENT_3D ( 'NONE', #7617, #4498, #8305 ) ;
#2677 = DIRECTION ( 'NONE',  ( 1.000000000000000000, -1.224646799147353207E-16, -8.551662891793917213E-31 ) ) ;
#2678 = CARTESIAN_POINT ( 'NONE',  ( 3.777346880304393473, 49.19315501149715431, -37.81893012382900565 ) ) ;
#2679 = AXIS2_PLACEMENT_3D ( 'NONE', #6570, #4385, #7395 ) ;
#2680 = EDGE_CURVE ( 'NONE', #5678, #3579, #8951, .T. ) ;
#2681 = DIRECTION ( 'NONE',  ( 0.000000000000000000, 0.000000000000000000, 1.000000000000000000 ) ) ;
#2682 = ORIENTED_EDGE ( 'NONE', *, *, #8762, .F. ) ;
#2683 = EDGE_CURVE ( 'NONE', #5678, #8805, #5831, .T. ) ;
#2684 = CARTESIAN_POINT ( 'NONE',  ( 42.49999999999998579, 43.60000000000000853, -9.000000000000008882 ) ) ;
#2685 = DIRECTION ( 'NONE',  ( -0.1910714486759395869, -1.573677978411283375E-16, -0.9815761312811542849 ) ) ;
#2686 = CARTESIAN_POINT ( 'NONE',  ( 0.000000000000000000, 88.00000000000065370, -238.4999999999997726 ) ) ;
#2687 = PLANE ( 'NONE',  #7613 ) ;
#2688 = DIRECTION ( 'NONE',  ( 1.000000000000000000, 0.000000000000000000, 0.000000000000000000 ) ) ;
#2689 = VERTEX_POINT ( 'NONE', #8304 ) ;
#2690 = FACE_OUTER_BOUND ( 'NONE', #4619, .T. ) ;
#2691 = CARTESIAN_POINT ( 'NONE',  ( 0.000000000000000000, 2.066956952595139995E-12, -349.5000000000006821 ) ) ;
#2692 = ADVANCED_BREP_SHAPE_REPRESENTATION ( '', ( #9137, #3150 ), #7563 ) ;
#2693 = CARTESIAN_POINT ( 'NONE',  ( 0.000000000000000000, 0.000000000000000000, 19.00000000000000000 ) ) ;
#2694 = EDGE_LOOP ( 'NONE', ( #4526, #4492, #153, #1739 ) ) ;
#2695 = CARTESIAN_POINT ( 'NONE',  ( 55.00000000000000000, 44.00000000000364508, -463.5000000000000568 ) ) ;
#2696 = ORIENTED_EDGE ( 'NONE', *, *, #9305, .F. ) ;
#2697 = ADVANCED_FACE ( 'NONE', ( #7568 ), #5088, .T. ) ;
#2698 = ORIENTED_EDGE ( 'NONE', *, *, #586, .F. ) ;
#2699 = EDGE_CURVE ( 'NONE', #5567, #526, #7560, .T. ) ;
#2700 = CARTESIAN_POINT ( 'NONE',  ( -24.50244656709700308, 30.00000000000000355, -9.000000000000003553 ) ) ;
#2701 = CYLINDRICAL_SURFACE ( 'NONE', #3680, 9.000000000000001776 ) ;
#2702 = ORIENTED_EDGE ( 'NONE', *, *, #7006, .F. ) ;
#2703 = PLANE ( 'NONE',  #569 ) ;
#2704 = CARTESIAN_POINT ( 'NONE',  ( -35.07692307692307310, 8.099967126823520047, -12.00000000000000000 ) ) ;
#2705 = CARTESIAN_POINT ( 'NONE',  ( -34.51751045525497119, -10.22455240934112553, 7.500000000000000000 ) ) ;
#2706 = DIRECTION ( 'NONE',  ( -0.000000000000000000, 1.000000000000000000, -0.000000000000000000 ) ) ;
#2707 = CARTESIAN_POINT ( 'NONE',  ( -19.48061278952986086, 38.35042909947789269, -32.63980816709436539 ) ) ;
#2708 = VERTEX_POINT ( 'NONE', #6236 ) ;
#2709 = ADVANCED_FACE ( 'NONE', ( #8353 ), #8451, .T. ) ;
#2710 = EDGE_LOOP ( 'NONE', ( #7839, #9353, #269, #5530 ) ) ;
#2711 = DIRECTION ( 'NONE',  ( 0.000000000000000000, 1.396592535537253342E-14, -1.000000000000000000 ) ) ;
#2712 = DIRECTION ( 'NONE',  ( 1.000000000000000000, 0.000000000000000000, 0.000000000000000000 ) ) ;
#2713 = ORIENTED_EDGE ( 'NONE', *, *, #5524, .T. ) ;
#2714 = CARTESIAN_POINT ( 'NONE',  ( -35.07692307692307310, 8.099967126823520047, -12.00000000000000000 ) ) ;
#2715 = CARTESIAN_POINT ( 'NONE',  ( -42.49999999999999289, 9.184850993605148733E-15, -25.00000000000000000 ) ) ;
#2716 = DIRECTION ( 'NONE',  ( 0.000000000000000000, -6.982962677686266711E-15, 1.000000000000000000 ) ) ;
#2717 = PRODUCT_RELATED_PRODUCT_CATEGORY ( 'part', '', ( #1294 ) ) ;
#2718 = CYLINDRICAL_SURFACE ( 'NONE', #5663, 80.00000000000000000 ) ;
#2719 = CARTESIAN_POINT ( 'NONE',  ( 19.47526963185178062, 15.64110058345641718, -32.64290401734335489 ) ) ;
#2720 = CARTESIAN_POINT ( 'NONE',  ( -8.289887816469880377, 41.27651667989719186, 41.68646686321057615 ) ) ;
#2721 = ORIENTED_EDGE ( 'NONE', *, *, #2128, .F. ) ;
#2722 = CARTESIAN_POINT ( 'NONE',  ( -55.00000000000000000, 39.00000000000502354, -463.5000000000001137 ) ) ;
#2723 = DIRECTION ( 'NONE',  ( 0.000000000000000000, 0.000000000000000000, 1.000000000000000000 ) ) ;
#2724 = LINE ( 'NONE', #5889, #9050 ) ;
#2725 = ORIENTED_EDGE ( 'NONE', *, *, #6145, .F. ) ;
#2726 = DIRECTION ( 'NONE',  ( 0.000000000000000000, 0.000000000000000000, 1.000000000000000000 ) ) ;
#2727 = AXIS2_PLACEMENT_3D ( 'NONE', #8659, #8610, #4953 ) ;
#2728 = DIRECTION ( 'NONE',  ( 0.7022303877556560492, -2.165916470818444909E-16, 0.7119497752738891405 ) ) ;
#2729 = CARTESIAN_POINT ( 'NONE',  ( -24.09087047684223393, 30.00000000000000355, 9.034956203351345749 ) ) ;
#2730 = AXIS2_PLACEMENT_3D ( 'NONE', #6197, #4030, #7037 ) ;
#2731 = CARTESIAN_POINT ( 'NONE',  ( -45.11680347405965819, 41.50655722075230614, -3.021713879153819615 ) ) ;
#2732 = CARTESIAN_POINT ( 'NONE',  ( 38.00000000000000000, 0.000000000000000000, -1.396097351027982582E-14 ) ) ;
#2733 = VERTEX_POINT ( 'NONE', #4064 ) ;
#2734 = CARTESIAN_POINT ( 'NONE',  ( 16.07323922339583433, 30.76713208240230912, 39.34353901369234308 ) ) ;
#2735 = ADVANCED_FACE ( 'NONE', ( #7764 ), #8398, .T. ) ;
#2736 = CIRCLE ( 'NONE', #8407, 30.00000000000000000 ) ;
#2737 = DIRECTION ( 'NONE',  ( 0.000000000000000000, 1.000000000000000000, 0.000000000000000000 ) ) ;
#2738 = AXIS2_PLACEMENT_3D ( 'NONE', #6931, #8461, #3184 ) ;
#2739 = AXIS2_PLACEMENT_3D ( 'NONE', #1389, #2181, #8212 ) ;
#2740 = DIRECTION ( 'NONE',  ( 1.826024711554533667E-16, 4.720141315418149384E-32, 1.000000000000000000 ) ) ;
#2741 = ORIENTED_EDGE ( 'NONE', *, *, #4220, .F. ) ;
#2742 = CARTESIAN_POINT ( 'NONE',  ( -39.00000000000000000, -1.938696409781632635E-16, -11.95826074310139830 ) ) ;
#2743 = VERTEX_POINT ( 'NONE', #5342 ) ;
#2744 = ORIENTED_EDGE ( 'NONE', *, *, #7314, .T. ) ;
#2745 = CARTESIAN_POINT ( 'NONE',  ( -8.000000000000000000, 0.000000000000000000, 4.699999999999999289 ) ) ;
#2746 = DIRECTION ( 'NONE',  ( 1.000000000000000000, -2.584927402981195935E-16, -0.000000000000000000 ) ) ;
#2747 = EDGE_LOOP ( 'NONE', ( #6264, #6184 ) ) ;
#2748 = VECTOR ( 'NONE', #4256, 1000.000000000000000 ) ;
#2749 = VECTOR ( 'NONE', #9235, 1000.000000000000114 ) ;
#2750 = CARTESIAN_POINT ( 'NONE',  ( -22.86505473929885568, 55.46608166610121771, 5.999999999999995559 ) ) ;
#2751 = ADVANCED_FACE ( 'NONE', ( #6185 ), #7719, .T. ) ;
#2752 = CYLINDRICAL_SURFACE ( 'NONE', #1181, 9.000000000000001776 ) ;
#2753 = CARTESIAN_POINT ( 'NONE',  ( 29.05792083075651533, 9.946947166249810124, 24.48804261140644556 ) ) ;
#2754 = B_SPLINE_CURVE_WITH_KNOTS ( 'NONE', 3,
 ( #6385, #9263, #8603, #7121, #6193, #9209, #2489, #2437, #8512, #3233, #6338, #348, #1787, #5501, #7823, #4707, #2628, #5550, #6978, #5645, #3373, #9310, #205, #7078, #4894, #8648, #5599, #1880, #7873, #902, #1044, #953 ),
 .UNSPECIFIED., .F., .F.,
 ( 4, 2, 2, 2, 2, 2, 2, 2, 2, 2, 2, 2, 2, 2, 2, 4 ),
 ( 0.1081032058397368711, 0.1125987737585469606, 0.1148465577179520053, 0.1170943416773570639, 0.1193421256367621086, 0.1215899095961671533, 0.1260854775149772289, 0.1283332614743822875, 0.1305810454337873183, 0.1350766133525973800, 0.1362005053322998815, 0.1373243973120024108, 0.1395721812714074139, 0.1418199652308124448, 0.1429438572105149741, 0.1440677491902174756 ),
 .UNSPECIFIED. ) ;
#2755 = AXIS2_PLACEMENT_3D ( 'NONE', #5518, #5614, #3440 ) ;
#2756 = CARTESIAN_POINT ( 'NONE',  ( 36.00000000000000711, 0.000000000000000000, -19.00000000000000000 ) ) ;
#2757 = EDGE_LOOP ( 'NONE', ( #6587, #2024, #4660, #1706, #6048 ) ) ;
#2758 = EDGE_LOOP ( 'NONE', ( #9730, #5320, #7531, #2312, #2044 ) ) ;
#2759 = DIRECTION ( 'NONE',  ( 0.000000000000000000, 0.000000000000000000, -1.000000000000000000 ) ) ;
#2760 = LINE ( 'NONE', #6325, #622 ) ;
#2761 = ORIENTED_EDGE ( 'NONE', *, *, #7652, .F. ) ;
#2762 = CARTESIAN_POINT ( 'NONE',  ( 0.000000000000000000, 0.000000000000000000, 0.000000000000000000 ) ) ;
#2763 = AXIS2_PLACEMENT_3D ( 'NONE', #1350, #7428, #3635 ) ;
#2764 = FACE_OUTER_BOUND ( 'NONE', #7891, .T. ) ;
#2765 = ADVANCED_FACE ( 'NONE', ( #4697 ), #7667, .F. ) ;
#2766 = DIRECTION ( 'NONE',  ( 0.000000000000000000, 1.000000000000000000, 1.439177994884462065E-14 ) ) ;
#2767 = EDGE_CURVE ( 'NONE', #5789, #477, #7875, .T. ) ;
#2768 = CIRCLE ( 'NONE', #8130, 8.000000000000000000 ) ;
#2769 = CARTESIAN_POINT ( 'NONE',  ( 0.000000000000000000, 99.00000000000365219, -463.4999999999993179 ) ) ;
#2770 = FACE_OUTER_BOUND ( 'NONE', #9647, .T. ) ;
#2771 = ITEM_DEFINED_TRANSFORMATION ( 'NONE', 'NONE', #2999,  #3150 ) ;
#2772 = CYLINDRICAL_SURFACE ( 'NONE', #4785, 36.00000000000000000 ) ;
#2773 = AXIS2_PLACEMENT_3D ( 'NONE', #8831, #4982, #588 ) ;
#2774 = EDGE_CURVE ( 'NONE', #4078, #727, #9301, .T. ) ;
#2775 = EDGE_CURVE ( 'NONE', #2192, #386, #6957, .T. ) ;
#2776 = EDGE_LOOP ( 'NONE', ( #5211, #9324, #4175, #8410 ) ) ;
#2777 = CARTESIAN_POINT ( 'NONE',  ( 64.56989347527186851, 91.23059238028058360, -334.4999999999994316 ) ) ;
#2778 = CARTESIAN_POINT ( 'NONE',  ( 19.44193032218870343, 38.34887633417925912, -32.65237705813149205 ) ) ;
#2779 = VECTOR ( 'NONE', #211, 1000.000000000000000 ) ;
#2780 = CARTESIAN_POINT ( 'NONE',  ( 35.92308074463203127, 2.716313340184230984, -11.96609650565751082 ) ) ;
#2781 = ORIENTED_EDGE ( 'NONE', *, *, #7902, .T. ) ;
#2782 = AXIS2_PLACEMENT_3D ( 'NONE', #8263, #5903, #4453 ) ;
#2783 = CARTESIAN_POINT ( 'NONE',  ( -18.49218940641788933, 57.00000000000000000, 5.999999999999995559 ) ) ;
#2784 = DIRECTION ( 'NONE',  ( 0.9292073338034462227, 7.480765627157636606E-16, -0.3695588326719999039 ) ) ;
#2785 = CARTESIAN_POINT ( 'NONE',  ( 0.000000000000000000, 57.99999999999984368, -124.4999999999999289 ) ) ;
#2786 = CARTESIAN_POINT ( 'NONE',  ( -45.19700157866202517, 39.51972461558536054, -5.530920482695846907 ) ) ;
#2787 = CARTESIAN_POINT ( 'NONE',  ( 0.000000000000000000, 85.00000000000000000, 0.000000000000000000 ) ) ;
#2788 = VERTEX_POINT ( 'NONE', #6971 ) ;
#2789 = FACE_OUTER_BOUND ( 'NONE', #2049, .T. ) ;
#2790 = AXIS2_PLACEMENT_3D ( 'NONE', #6915, #8350, #789 ) ;
#2791 = DIRECTION ( 'NONE',  ( 0.000000000000000000, 0.000000000000000000, 1.000000000000000000 ) ) ;
#2792 = DIRECTION ( 'NONE',  ( -0.000000000000000000, 1.000000000000000000, 0.000000000000000000 ) ) ;
#2793 = EDGE_LOOP ( 'NONE', ( #7282, #2600 ) ) ;
#2794 = DIRECTION ( 'NONE',  ( -1.000000000000000000, 0.000000000000000000, 0.000000000000000000 ) ) ;
#2795 = ORIENTED_EDGE ( 'NONE', *, *, #703, .F. ) ;
#2796 = EDGE_LOOP ( 'NONE', ( #4258, #9079, #5047, #9637 ) ) ;
#2797 = DIRECTION ( 'NONE',  ( 0.000000000000000000, 0.000000000000000000, 1.000000000000000000 ) ) ;
#2798 = EDGE_CURVE ( 'NONE', #357, #281, #346, .T. ) ;
#2799 = ORIENTED_EDGE ( 'NONE', *, *, #6840, .T. ) ;
#2800 = AXIS2_PLACEMENT_3D ( 'NONE', #3109, #5380, #8989 ) ;
#2801 = DIRECTION ( 'NONE',  ( -0.2840153447039201473, -0.9588197348681938292, -1.339080484642727785E-14 ) ) ;
#2802 = CARTESIAN_POINT ( 'NONE',  ( 35.92084013154260447, 2.742645516830544583, -9.186626416936267248 ) ) ;
#2803 = DIRECTION ( 'NONE',  ( -2.584927402981196428E-16, 1.000000000000000000, 0.000000000000000000 ) ) ;
#2804 = AXIS2_PLACEMENT_3D ( 'NONE', #6421, #7109, #3315 ) ;
#2805 = CARTESIAN_POINT ( 'NONE',  ( -21.60225689339739219, 20.69674836034713650, -31.26276268097574018 ) ) ;
#2806 = EDGE_LOOP ( 'NONE', ( #1831, #9735, #7396, #1245, #9526, #3407, #5653, #8379, #5007, #8527 ) ) ;
#2807 = VERTEX_POINT ( 'NONE', #3362 ) ;
#2808 = PRODUCT_DEFINITION_SHAPE ( 'NONE', 'NONE',  #9776 ) ;
#2809 = CARTESIAN_POINT ( 'NONE',  ( 8.000000000000000000, 146.1386137946185215, 4.699999999999999289 ) ) ;
#2810 = EDGE_CURVE ( 'NONE', #7634, #2890, #297, .T. ) ;
#2811 = EDGE_CURVE ( 'NONE', #6176, #2441, #6141, .T. ) ;
#2812 = CARTESIAN_POINT ( 'NONE',  ( 42.49999999999998579, 43.60000000000001563, -1.340988245066351766E-14 ) ) ;
#2813 = ORIENTED_EDGE ( 'NONE', *, *, #278, .T. ) ;
#2814 = FACE_OUTER_BOUND ( 'NONE', #4195, .T. ) ;
#2815 = CIRCLE ( 'NONE', #7549, 3.000000000000002665 ) ;
#2816 = CARTESIAN_POINT ( 'NONE',  ( 0.000000000000000000, 44.00000000000000000, 10.49999999999999467 ) ) ;
#2817 = APPLICATION_CONTEXT ( 'automotive_design' ) ;
#2818 = CARTESIAN_POINT ( 'NONE',  ( -19.00000000000000000, 44.00000000000000000, 45.50000000000000000 ) ) ;
#2819 = CIRCLE ( 'NONE', #6442, 36.00000000000000000 ) ;
#2820 = CARTESIAN_POINT ( 'NONE',  ( -16.53687776098878004, 185.9428156621834205, -9.000000000000000000 ) ) ;
#2821 = DIRECTION ( 'NONE',  ( 0.000000000000000000, 1.396592535537253342E-14, -1.000000000000000000 ) ) ;
#2822 = EDGE_CURVE ( 'NONE', #1195, #1976, #4889, .T. ) ;
#2823 = LINE ( 'NONE', #2869, #2032 ) ;
#2824 = EDGE_CURVE ( 'NONE', #3024, #336, #4720, .T. ) ;
#2825 = CONTEXT_DEPENDENT_SHAPE_REPRESENTATION ( #8360, #5173 ) ;
#2826 = CARTESIAN_POINT ( 'NONE',  ( 0.000000000000000000, 27.00000000000000000, 19.00000000000000000 ) ) ;
#2827 = CIRCLE ( 'NONE', #289, 4.499999999999998224 ) ;
#2828 = ORIENTED_EDGE ( 'NONE', *, *, #4376, .F. ) ;
#2829 = DIRECTION ( 'NONE',  ( 0.000000000000000000, 0.000000000000000000, 1.000000000000000000 ) ) ;
#2830 = CIRCLE ( 'NONE', #1560, 6.999999999999999112 ) ;
#2831 = ORIENTED_EDGE ( 'NONE', *, *, #96, .T. ) ;
#2832 = EDGE_CURVE ( 'NONE', #2708, #6370, #7914, .T. ) ;
#2833 = CARTESIAN_POINT ( 'NONE',  ( -28.61817604250836666, 0.000000000000000000, -25.00000000000000000 ) ) ;
#2834 = VECTOR ( 'NONE', #9702, 1000.000000000000000 ) ;
#2835 = CARTESIAN_POINT ( 'NONE',  ( -1.959604053420685432E-14, 264.1319541335545296, 433.0000000000000000 ) ) ;
#2836 = CARTESIAN_POINT ( 'NONE',  ( -44.36405582980306406, 42.10875533616140842, 6.537503357773386981 ) ) ;
#2837 = DIRECTION ( 'NONE',  ( -0.000000000000000000, 1.000000000000000000, -0.000000000000000000 ) ) ;
#2838 = ORIENTED_EDGE ( 'NONE', *, *, #6866, .F. ) ;
#2839 = CARTESIAN_POINT ( 'NONE',  ( 0.000000000000000000, 82.00000000000000000, 0.000000000000000000 ) ) ;
#2840 = CIRCLE ( 'NONE', #7728, 26.99999999999999645 ) ;
#2841 = DIRECTION ( 'NONE',  ( 0.000000000000000000, 0.000000000000000000, 1.000000000000000000 ) ) ;
#2842 = CARTESIAN_POINT ( 'NONE',  ( 20.91567205257127071, 32.91708769908554899, 9.000000000000000000 ) ) ;
#2843 = DIRECTION ( 'NONE',  ( -0.9588197348681938292, 0.2840153447039201473, 1.983268551957674146E-15 ) ) ;
#2844 = DIRECTION ( 'NONE',  ( 0.000000000000000000, 0.000000000000000000, 1.000000000000000000 ) ) ;
#2845 = ORIENTED_EDGE ( 'NONE', *, *, #251, .T. ) ;
#2846 = VERTEX_POINT ( 'NONE', #485 ) ;
#2847 = CARTESIAN_POINT ( 'NONE',  ( 0.000000000000000000, 44.00000000000129319, -331.5000000000000568 ) ) ;
#2848 = CARTESIAN_POINT ( 'NONE',  ( -35.07692307692307310, 8.099967126823520047, 12.00000000000000000 ) ) ;
#2849 = VERTEX_POINT ( 'NONE', #8781 ) ;
#2850 = FACE_OUTER_BOUND ( 'NONE', #4101, .T. ) ;
#2851 = CARTESIAN_POINT ( 'NONE',  ( 3.490243377569956456E-15, -26.99999999999733191, -392.5000000000010800 ) ) ;
#2852 = CARTESIAN_POINT ( 'NONE',  ( 36.00000000000000000, 5.563698590738137465E-15, -11.95826074310141429 ) ) ;
#2853 = CARTESIAN_POINT ( 'NONE',  ( 31.42808655499915105, 14.50640951630060194, 21.37304537930137727 ) ) ;
#2854 = ORIENTED_EDGE ( 'NONE', *, *, #5081, .F. ) ;
#2855 = CARTESIAN_POINT ( 'NONE',  ( -36.00000000000000711, 0.000000000000000000, -19.00000000000000000 ) ) ;
#2856 = ORIENTED_EDGE ( 'NONE', *, *, #6703, .F. ) ;
#2857 = VERTEX_POINT ( 'NONE', #9342 ) ;
#2858 = CARTESIAN_POINT ( 'NONE',  ( -36.00000000000000000, 1.360878165056196298, 11.95826074310523346 ) ) ;
#2859 = CARTESIAN_POINT ( 'NONE',  ( 42.49999999999998579, 43.60000000000000853, 8.999999999999982236 ) ) ;
#2860 = VERTEX_POINT ( 'NONE', #2021 ) ;
#2861 = CYLINDRICAL_SURFACE ( 'NONE', #2495, 4.999999999996165734 ) ;
#2862 = B_SPLINE_CURVE_WITH_KNOTS ( 'NONE', 3,
 ( #2842, #5006, #8804, #2043, #6597, #8857 ),
 .UNSPECIFIED., .F., .F.,
 ( 4, 2, 4 ),
 ( 0.000000000000000000, 0.001668364605102621093, 0.003336729210205251293 ),
 .UNSPECIFIED. ) ;
#2863 = PLANE ( 'NONE',  #1814 ) ;
#2864 = CARTESIAN_POINT ( 'NONE',  ( 0.000000000000000000, 2.709389518942276229E-12, -395.5000000000006821 ) ) ;
#2865 = ADVANCED_FACE ( 'NONE', ( #5031, #2770 ), #542, .T. ) ;
#2866 = ADVANCED_FACE ( 'NONE', ( #4198 ), #6428, .F. ) ;
#2867 = CARTESIAN_POINT ( 'NONE',  ( -12.05395565952740888, 38.27989367142114929, -40.75666075285008816 ) ) ;
#2868 = FACE_OUTER_BOUND ( 'NONE', #5684, .T. ) ;
#2869 = CARTESIAN_POINT ( 'NONE',  ( 16.00000000000000000, 44.00000000000000000, 125.5000000000000000 ) ) ;
#2870 = CYLINDRICAL_SURFACE ( 'NONE', #3532, 22.50000000000000355 ) ;
#2871 = VERTEX_POINT ( 'NONE', #4845 ) ;
#2872 = ADVANCED_FACE ( 'NONE', ( #2671 ), #7260, .F. ) ;
#2873 = DIRECTION ( 'NONE',  ( 0.000000000000000000, -1.000000000000000000, -1.110223024625174053E-14 ) ) ;
#2874 = CARTESIAN_POINT ( 'NONE',  ( -34.51751045525497119, -10.22455240934112553, -53.50000000000000000 ) ) ;
#2875 = EDGE_LOOP ( 'NONE', ( #9709, #3048, #9348, #4972 ) ) ;
#2876 = DIRECTION ( 'NONE',  ( 0.000000000000000000, -1.000000000000000000, -1.110223024625260355E-14 ) ) ;
#2877 = DIRECTION ( 'NONE',  ( -0.9890953164138939213, -0.1472767973853968959, -6.046798990103458071E-16 ) ) ;
#2878 = CARTESIAN_POINT ( 'NONE',  ( 22.87790625487054186, 30.00000000000000000, 9.269897892228865288 ) ) ;
#2879 = CARTESIAN_POINT ( 'NONE',  ( -42.53257082007866785, 40.94075435349707703, -7.864077496538418366 ) ) ;
#2880 = VECTOR ( 'NONE', #5664, 1000.000000000000000 ) ;
#2881 = CARTESIAN_POINT ( 'NONE',  ( 0.000000000000000000, 44.00000000000365930, -463.5000000000000568 ) ) ;
#2882 = VERTEX_POINT ( 'NONE', #5782 ) ;
#2883 = EDGE_CURVE ( 'NONE', #9149, #1062, #4247, .T. ) ;
#2884 = PRODUCT_DEFINITION_SHAPE ( 'NONE', 'NONE',  #9785 ) ;
#2885 = DIRECTION ( 'NONE',  ( -0.000000000000000000, 1.000000000000000000, -0.000000000000000000 ) ) ;
#2886 = EDGE_CURVE ( 'NONE', #4853, #3942, #5028, .T. ) ;
#2887 = CARTESIAN_POINT ( 'NONE',  ( 0.000000000000000000, 0.000000000000000000, 0.000000000000000000 ) ) ;
#2888 = VECTOR ( 'NONE', #2390, 1000.000000000000000 ) ;
#2889 = FACE_OUTER_BOUND ( 'NONE', #1463, .T. ) ;
#2890 = VERTEX_POINT ( 'NONE', #643 ) ;
#2891 = ORIENTED_EDGE ( 'NONE', *, *, #7637, .F. ) ;
#2892 = CARTESIAN_POINT ( 'NONE',  ( 7.380265715259259451, 48.25843156393741396, 37.27814074525812771 ) ) ;
#2893 = VERTEX_POINT ( 'NONE', #1378 ) ;
#2894 = DIRECTION ( 'NONE',  ( -0.000000000000000000, 6.982962677686266711E-15, -1.000000000000000000 ) ) ;
#2895 = AXIS2_PLACEMENT_3D ( 'NONE', #4267, #5048, #1052 ) ;
#2896 = FACE_OUTER_BOUND ( 'NONE', #80, .T. ) ;
#2897 = CIRCLE ( 'NONE', #5422, 3.000000000000001332 ) ;
#2898 = EDGE_CURVE ( 'NONE', #42, #7980, #2823, .T. ) ;
#2899 = CARTESIAN_POINT ( 'NONE',  ( -35.61613899620186174, 5.416339294269258531, -11.98693117703044564 ) ) ;
#2900 = LINE ( 'NONE', #5918, #5295 ) ;
#2901 = ORIENTED_EDGE ( 'NONE', *, *, #4389, .F. ) ;
#2902 = CARTESIAN_POINT ( 'NONE',  ( -14.87923384988748943, 10.10674899152974682, -34.97100784699819798 ) ) ;
#2903 = ORIENTED_EDGE ( 'NONE', *, *, #6087, .F. ) ;
#2904 = VERTEX_POINT ( 'NONE', #7359 ) ;
#2905 = TOROIDAL_SURFACE ( 'NONE', #3383, 30.00000000000000000, 3.000000000000000000 ) ;
#2906 = DIRECTION ( 'NONE',  ( -0.000000000000000000, -6.982962677686266711E-15, 1.000000000000000000 ) ) ;
#2907 = CIRCLE ( 'NONE', #3218, 14.89999999999994884 ) ;
#2908 = CYLINDRICAL_SURFACE ( 'NONE', #7895, 4.499999999999997335 ) ;
#2909 = ORIENTED_EDGE ( 'NONE', *, *, #4302, .T. ) ;
#2910 = CARTESIAN_POINT ( 'NONE',  ( 29.46327251676850167, 11.19057916209782633, -24.00514173334029877 ) ) ;
#2911 = PLANE ( 'NONE',  #8264 ) ;
#2912 = VECTOR ( 'NONE', #8769, 1000.000000000000000 ) ;
#2913 = DIRECTION ( 'NONE',  ( 0.000000000000000000, 1.396592535537253342E-14, -1.000000000000000000 ) ) ;
#2914 = AXIS2_PLACEMENT_3D ( 'NONE', #3207, #6319, #4001 ) ;
#2915 = FACE_OUTER_BOUND ( 'NONE', #3264, .T. ) ;
#2916 = FACE_BOUND ( 'NONE', #1304, .T. ) ;
#2917 = DIRECTION ( 'NONE',  ( 0.000000000000000000, 1.000000000000000000, 0.000000000000000000 ) ) ;
#2918 = VECTOR ( 'NONE', #2452, 1000.000000000000000 ) ;
#2919 = DIRECTION ( 'NONE',  ( -1.000000000000000000, 0.000000000000000000, 0.000000000000000000 ) ) ;
#2920 = EDGE_CURVE ( 'NONE', #4192, #1312, #8815, .T. ) ;
#2921 = EDGE_CURVE ( 'NONE', #769, #814, #5881, .T. ) ;
#2922 = ORIENTED_EDGE ( 'NONE', *, *, #2143, .T. ) ;
#2923 = AXIS2_PLACEMENT_3D ( 'NONE', #9055, #7672, #9258 ) ;
#2924 = LINE ( 'NONE', #5236, #4518 ) ;
#2925 = CARTESIAN_POINT ( 'NONE',  ( -21.71510097346945756, 32.93838333494716153, 31.18535540669446959 ) ) ;
#2926 = ORIENTED_EDGE ( 'NONE', *, *, #1676, .T. ) ;
#2927 = DIRECTION ( 'NONE',  ( 0.000000000000000000, 0.000000000000000000, 1.000000000000000000 ) ) ;
#2928 =( NAMED_UNIT ( * ) SI_UNIT ( $, .STERADIAN. ) SOLID_ANGLE_UNIT ( ) );
#2929 = DIRECTION ( 'NONE',  ( 0.000000000000000000, -6.982962677686266711E-15, 1.000000000000000000 ) ) ;
#2930 = PRESENTATION_LAYER_ASSIGNMENT (  '', '', ( #392 ) ) ;
#2931 = ADVANCED_FACE ( 'NONE', ( #1328 ), #5835, .F. ) ;
#2932 = AXIS2_PLACEMENT_3D ( 'NONE', #6464, #4280, #4915 ) ;
#2933 = CARTESIAN_POINT ( 'NONE',  ( 0.000000000000000000, 118.0000000000001421, -167.4999999999994884 ) ) ;
#2934 = ORIENTED_EDGE ( 'NONE', *, *, #5715, .F. ) ;
#2935 = LINE ( 'NONE', #1293, #4623 ) ;
#2936 = CYLINDRICAL_SURFACE ( 'NONE', #5462, 22.50000000000000355 ) ;
#2937 = CIRCLE ( 'NONE', #7987, 3.000000000000002665 ) ;
#2938 = AXIS2_PLACEMENT_3D ( 'NONE', #9008, #5099, #1345 ) ;
#2939 = CARTESIAN_POINT ( 'NONE',  ( 39.87408514266326165, 45.70073188586939494, 5.999999999999985789 ) ) ;
#2940 = CARTESIAN_POINT ( 'NONE',  ( 34.46221800625678355, 8.581455290019430748, 24.87359058957516211 ) ) ;
#2941 = ORIENTED_EDGE ( 'NONE', *, *, #9573, .T. ) ;
#2942 = ORIENTED_EDGE ( 'NONE', *, *, #2082, .F. ) ;
#2943 = FACE_OUTER_BOUND ( 'NONE', #7746, .T. ) ;
#2944 = PLANE ( 'NONE',  #830 ) ;
#2945 = ADVANCED_FACE ( 'NONE', ( #8150 ), #8837, .T. ) ;
#2946 = EDGE_LOOP ( 'NONE', ( #8822, #6312, #4458, #9510 ) ) ;
#2947 = AXIS2_PLACEMENT_3D ( 'NONE', #5001, #7973, #1050 ) ;
#2948 = DIRECTION ( 'NONE',  ( 0.000000000000000000, 0.000000000000000000, 1.000000000000000000 ) ) ;
#2949 = AXIS2_PLACEMENT_3D ( 'NONE', #4351, #4443, #4298 ) ;
#2950 = CARTESIAN_POINT ( 'NONE',  ( 0.000000000000000000, 87.99999999999982947, -121.4999999999997158 ) ) ;
#2951 = CARTESIAN_POINT ( 'NONE',  ( 34.51751045525497119, -10.22455240933905962, -349.5000000000007958 ) ) ;
#2952 = CARTESIAN_POINT ( 'NONE',  ( -6.123233995737287522E-15, -6.000000000000630607, -448.5000000000007958 ) ) ;
#2953 = VERTEX_POINT ( 'NONE', #5935 ) ;
#2954 = CARTESIAN_POINT ( 'NONE',  ( 0.000000000000000000, 44.00000000000297007, -413.5000000000001137 ) ) ;
#2955 = EDGE_LOOP ( 'NONE', ( #9253, #3982, #1535, #3770 ) ) ;
#2956 = AXIS2_PLACEMENT_3D ( 'NONE', #3747, #6754, #9771 ) ;
#2957 = ORIENTED_EDGE ( 'NONE', *, *, #4085, .T. ) ;
#2958 = CARTESIAN_POINT ( 'NONE',  ( 33.49999999999998579, 50.79999999999999716, -1.396097351027982582E-14 ) ) ;
#2959 = ADVANCED_FACE ( 'NONE', ( #9690 ), #7506, .F. ) ;
#2960 = DIRECTION ( 'NONE',  ( 0.000000000000000000, 0.000000000000000000, 1.000000000000000000 ) ) ;
#2961 = ORIENTED_EDGE ( 'NONE', *, *, #6301, .T. ) ;
#2962 = EDGE_CURVE ( 'NONE', #7210, #3010, #5078, .T. ) ;
#2963 = CARTESIAN_POINT ( 'NONE',  ( 64.56989347527186851, 91.23059238028164941, -410.4999999999994316 ) ) ;
#2964 = CARTESIAN_POINT ( 'NONE',  ( 13.99755458909670303, 35.75252847037270243, -40.13001924703636547 ) ) ;
#2965 = VECTOR ( 'NONE', #6722, 1000.000000000000000 ) ;
#2966 = CARTESIAN_POINT ( 'NONE',  ( -2.967619499665524536E-19, 10.49999999999999645, -42.49999999999999289 ) ) ;
#2967 = CARTESIAN_POINT ( 'NONE',  ( 7.379603803197233525, 48.30731799218278866, -37.30311778809474532 ) ) ;
#2968 = CARTESIAN_POINT ( 'NONE',  ( -8.302510319292263574, 41.29948640841205076, -41.69118770598608847 ) ) ;
#2969 = CARTESIAN_POINT ( 'NONE',  ( 38.00050041491886077, 20.77548540217367901, -0.8864188835099243713 ) ) ;
#2970 = CARTESIAN_POINT ( 'NONE',  ( -20.91567205257127071, 32.91708769908554899, -9.000000000000000000 ) ) ;
#2971 = AXIS2_PLACEMENT_3D ( 'NONE', #8190, #4433, #7497 ) ;
#2972 = CARTESIAN_POINT ( 'NONE',  ( 0.000000000000000000, 88.00000000000051159, -220.4999999999997442 ) ) ;
#2973 = ORIENTED_EDGE ( 'NONE', *, *, #3744, .T. ) ;
#2974 = DIRECTION ( 'NONE',  ( -1.000000000000000000, 0.000000000000000000, 0.000000000000000000 ) ) ;
#2975 = CARTESIAN_POINT ( 'NONE',  ( -21.27253470776616595, 34.36812554369407025, 31.48890708228387680 ) ) ;
#2976 = ORIENTED_EDGE ( 'NONE', *, *, #8381, .T. ) ;
#2977 = DIRECTION ( 'NONE',  ( -0.000000000000000000, 0.000000000000000000, 1.000000000000000000 ) ) ;
#2978 = CARTESIAN_POINT ( 'NONE',  ( 0.000000000000000000, 0.000000000000000000, 0.000000000000000000 ) ) ;
#2979 = CYLINDRICAL_SURFACE ( 'NONE', #8259, 10.00000000000000000 ) ;
#2980 = CARTESIAN_POINT ( 'NONE',  ( -38.89087296526010817, 82.89087296526378168, -463.4999999999995453 ) ) ;
#2981 = VERTEX_POINT ( 'NONE', #2173 ) ;
#2982 = DIRECTION ( 'NONE',  ( -0.000000000000000000, -0.000000000000000000, -1.000000000000000000 ) ) ;
#2983 = CIRCLE ( 'NONE', #4244, 22.50000000000000000 ) ;
#2984 = CARTESIAN_POINT ( 'NONE',  ( 0.000000000000000000, 44.00000000000000000, 122.5000000000000000 ) ) ;
#2985 = EDGE_CURVE ( 'NONE', #5451, #6743, #8101, .T. ) ;
#2986 = ADVANCED_FACE ( 'NONE', ( #4440, #5185 ), #8201, .F. ) ;
#2987 = DIRECTION ( 'NONE',  ( 0.000000000000000000, 6.982962677686266711E-15, -1.000000000000000000 ) ) ;
#2988 = AXIS2_PLACEMENT_3D ( 'NONE', #43, #1337, #792 ) ;
#2989 = CARTESIAN_POINT ( 'NONE',  ( 35.07143880316127138, 11.12454452648511172, 24.00602875074606857 ) ) ;
#2990 = EDGE_LOOP ( 'NONE', ( #5449, #3432, #8075, #6060 ) ) ;
#2991 = EDGE_LOOP ( 'NONE', ( #9315, #9563, #318, #6758, #3020, #7229, #2976, #7138 ) ) ;
#2992 = LINE ( 'NONE', #7480, #6626 ) ;
#2993 = AXIS2_PLACEMENT_3D ( 'NONE', #8746, #1388, #8018 ) ;
#2994 = DIRECTION ( 'NONE',  ( -1.000000000000000000, 0.000000000000000000, -0.000000000000000000 ) ) ;
#2995 = EDGE_LOOP ( 'NONE', ( #3472, #7666, #7781, #6618 ) ) ;
#2996 = CARTESIAN_POINT ( 'NONE',  ( 38.68759559582434804, 2.941038293923113667, 8.974564642706436501 ) ) ;
#2997 = VECTOR ( 'NONE', #9387, 1000.000000000000000 ) ;
#2998 = CARTESIAN_POINT ( 'NONE',  ( -28.61817604250835956, 6.755772121541169462, 25.00000000000000000 ) ) ;
#2999 = AXIS2_PLACEMENT_3D ( 'NONE', #5893, #4548, #5343 ) ;
#3000 = EDGE_CURVE ( 'NONE', #7634, #1107, #2220, .T. ) ;
#3001 = CARTESIAN_POINT ( 'NONE',  ( -37.99999999999999289, 43.35812545754029657, 5.999999999999999112 ) ) ;
#3002 = EDGE_LOOP ( 'NONE', ( #6729, #3552, #6600, #555, #6454 ) ) ;
#3003 = EDGE_CURVE ( 'NONE', #2399, #6346, #9462, .T. ) ;
#3004 = DIRECTION ( 'NONE',  ( -0.000000000000000000, -0.000000000000000000, 1.000000000000000000 ) ) ;
#3005 = ORIENTED_EDGE ( 'NONE', *, *, #8901, .F. ) ;
#3006 = B_SPLINE_CURVE_WITH_KNOTS ( 'NONE', 3,
 ( #7169, #6537, #9549, #400, #7967, #8061, #1283, #7317, #6437, #1186, #7919, #4208 ),
 .UNSPECIFIED., .F., .F.,
 ( 4, 2, 2, 2, 2, 4 ),
 ( 3.469446951953613804E-18, 0.002788532341232680817, 0.005577064682465358164, 0.008365597023698035511, 0.009759863194314370716, 0.01115412936493070592 ),
 .UNSPECIFIED. ) ;
#3007 = VERTEX_POINT ( 'NONE', #8244 ) ;
#3008 = DIRECTION ( 'NONE',  ( 0.7808688094430302762, 0.6246950475544246206, 0.000000000000000000 ) ) ;
#3009 = DIRECTION ( 'NONE',  ( 0.000000000000000000, 0.000000000000000000, -1.000000000000000000 ) ) ;
#3010 = VERTEX_POINT ( 'NONE', #6629 ) ;
#3011 = DIRECTION ( 'NONE',  ( 0.000000000000000000, 1.396592535537253342E-14, -1.000000000000000000 ) ) ;
#3012 = CARTESIAN_POINT ( 'NONE',  ( -16.47287204737352440, 25.90651870721236349, -39.17777408851474519 ) ) ;
#3013 = EDGE_CURVE ( 'NONE', #1117, #5373, #8660, .T. ) ;
#3014 = EDGE_CURVE ( 'NONE', #228, #814, #4489, .T. ) ;
#3015 = DIRECTION ( 'NONE',  ( -0.6246950475544246206, -0.7808688094430300541, 0.000000000000000000 ) ) ;
#3016 = CARTESIAN_POINT ( 'NONE',  ( -13.41128092647132952, 36.62701338461864964, -40.32974503462565963 ) ) ;
#3017 = DIRECTION ( 'NONE',  ( 0.6246950475544243986, -0.7808688094430301652, 0.000000000000000000 ) ) ;
#3018 = DIRECTION ( 'NONE',  ( 0.000000000000000000, 1.396592535537253342E-14, -1.000000000000000000 ) ) ;
#3019 = DIRECTION ( 'NONE',  ( -0.000000000000000000, -1.000000000000000000, -0.000000000000000000 ) ) ;
#3020 = ORIENTED_EDGE ( 'NONE', *, *, #6133, .F. ) ;
#3021 = EDGE_CURVE ( 'NONE', #7730, #2669, #5196, .T. ) ;
#3022 = CARTESIAN_POINT ( 'NONE',  ( -27.00000000000000000, 1.373088835407637272E-16, -19.00000000000000000 ) ) ;
#3023 = CARTESIAN_POINT ( 'NONE',  ( -5.935036504427066539, 48.71617666475629704, 37.54076589544155951 ) ) ;
#3024 = VERTEX_POINT ( 'NONE', #2970 ) ;
#3025 = FACE_OUTER_BOUND ( 'NONE', #5254, .T. ) ;
#3026 = ITEM_DEFINED_TRANSFORMATION ( 'NONE', 'NONE', #1403,  #3150 ) ;
#3027 = CARTESIAN_POINT ( 'NONE',  ( 24.50244656709700308, 30.00000000000000355, 9.000000000000003553 ) ) ;
#3028 = DIRECTION ( 'NONE',  ( -0.000000000000000000, 6.982962677686266711E-15, -1.000000000000000000 ) ) ;
#3029 = ORIENTED_EDGE ( 'NONE', *, *, #229, .F. ) ;
#3030 = DIRECTION ( 'NONE',  ( -0.000000000000000000, -1.396592535537253342E-14, 1.000000000000000000 ) ) ;
#3031 = DIRECTION ( 'NONE',  ( 1.000000000000000000, 0.000000000000000000, -2.478176394252581634E-16 ) ) ;
#3032 = CARTESIAN_POINT ( 'NONE',  ( -55.00000000000000000, 44.00000000000365930, -463.5000000000000568 ) ) ;
#3033 = CARTESIAN_POINT ( 'NONE',  ( -8.000000000000000000, 56.13861379461851442, 9.000000000000000000 ) ) ;
#3034 = ORIENTED_EDGE ( 'NONE', *, *, #8932, .F. ) ;
#3035 = ORIENTED_EDGE ( 'NONE', *, *, #2623, .T. ) ;
#3036 = DIRECTION ( 'NONE',  ( 1.000000000000000000, 0.000000000000000000, -0.000000000000000000 ) ) ;
#3037 = CLOSED_SHELL ( 'NONE', ( #9170, #1167, #8834, #6422, #9029, #1439, #1552, #5777, #5288, #472, #5704, #6271, #1280, #705, #2865, #776, #5417, #9343, #3900, #5242, #1848, #2083, #2309, #7422, #4507, #8123, #4058, #1225, #4333, #342, #7962, #6445, #2391, #4996, #4098, #2017, #9594, #5278, #815, #2872, #2522, #7262, #4736, #4681, #106, #1767 ) ) ;
#3038 = ORIENTED_EDGE ( 'NONE', *, *, #9628, .T. ) ;
#3039 = EDGE_CURVE ( 'NONE', #1976, #2953, #9309, .T. ) ;
#3040 = EDGE_CURVE ( 'NONE', #7093, #428, #2472, .T. ) ;
#3041 = CARTESIAN_POINT ( 'NONE',  ( -42.50000000000000000, 43.59999999999999432, -8.999999999999994671 ) ) ;
#3042 = CARTESIAN_POINT ( 'NONE',  ( -35.92308074463208811, 2.716313340183642122, -11.96609650565749661 ) ) ;
#3043 = AXIS2_PLACEMENT_3D ( 'NONE', #2686, #7971, #4119 ) ;
#3044 = FACE_OUTER_BOUND ( 'NONE', #7543, .T. ) ;
#3045 = ORIENTED_EDGE ( 'NONE', *, *, #5303, .F. ) ;
#3046 = DIRECTION ( 'NONE',  ( -0.000000000000000000, -0.000000000000000000, -1.000000000000000000 ) ) ;
#3047 = ORIENTED_EDGE ( 'NONE', *, *, #7007, .F. ) ;
#3048 = ORIENTED_EDGE ( 'NONE', *, *, #130, .F. ) ;
#3049 = DIRECTION ( 'NONE',  ( -0.000000000000000000, 1.000000000000000000, -0.000000000000000000 ) ) ;
#3050 = CARTESIAN_POINT ( 'NONE',  ( 34.51751045525497119, -10.22455240934112553, -7.500000000000000000 ) ) ;
#3051 = ORIENTED_EDGE ( 'NONE', *, *, #7272, .T. ) ;
#3052 = TOROIDAL_SURFACE ( 'NONE', #8566, 39.00000000000000000, 3.000000000000000000 ) ;
#3053 = CIRCLE ( 'NONE', #3850, 26.99999999999999645 ) ;
#3054 = EDGE_CURVE ( 'NONE', #321, #2807, #8948, .T. ) ;
#3055 =( REPRESENTATION_RELATIONSHIP ('NONE','NONE', #7863, #5885 ) REPRESENTATION_RELATIONSHIP_WITH_TRANSFORMATION ( #4797 )SHAPE_REPRESENTATION_RELATIONSHIP( ) );
#3056 = CARTESIAN_POINT ( 'NONE',  ( 0.000000000000000000, 43.50000000000000711, -42.49999999999999289 ) ) ;
#3057 = CARTESIAN_POINT ( 'NONE',  ( -10.60459098999964134, 169.5080723089007790, -9.000000000000000000 ) ) ;
#3058 = VECTOR ( 'NONE', #2642, 1000.000000000000000 ) ;
#3059 = AXIS2_PLACEMENT_3D ( 'NONE', #9759, #3134, #104 ) ;
#3060 = AXIS2_PLACEMENT_3D ( 'NONE', #2121, #1429, #688 ) ;
#3061 = CARTESIAN_POINT ( 'NONE',  ( -39.26646291270544253, 17.32113956773167018, 16.28229584021920928 ) ) ;
#3062 = DIRECTION ( 'NONE',  ( -0.000000000000000000, -1.000000000000000000, -0.000000000000000000 ) ) ;
#3063 = CARTESIAN_POINT ( 'NONE',  ( -34.51751045525497119, -10.22455240933820697, -410.5000000000007958 ) ) ;
#3064 = CARTESIAN_POINT ( 'NONE',  ( 38.00000000000000000, 8.774964387392142129, -9.000000000000012434 ) ) ;
#3065 = EDGE_CURVE ( 'NONE', #1920, #1905, #7569, .T. ) ;
#3066 = VECTOR ( 'NONE', #1590, 1000.000000000000000 ) ;
#3067 = EDGE_CURVE ( 'NONE', #7457, #6365, #1084, .T. ) ;
#3068 = AXIS2_PLACEMENT_3D ( 'NONE', #1322, #5724, #8727 ) ;
#3069 = ORIENTED_EDGE ( 'NONE', *, *, #322, .F. ) ;
#3070 = PLANE ( 'NONE',  #1520 ) ;
#3071 = CIRCLE ( 'NONE', #4024, 3.000000000000002665 ) ;
#3072 = DIRECTION ( 'NONE',  ( -2.584927402981196428E-16, 1.000000000000000000, 0.000000000000000000 ) ) ;
#3073 = ORIENTED_EDGE ( 'NONE', *, *, #1020, .T. ) ;
#3074 = LINE ( 'NONE', #6088, #1719 ) ;
#3075 = PRODUCT_CONTEXT ( 'NONE', #787, 'mechanical' ) ;
#3076 = CARTESIAN_POINT ( 'NONE',  ( -28.84508341260873365, 9.073146825426645634, -24.73839438735294038 ) ) ;
#3077 = EDGE_CURVE ( 'NONE', #4673, #4237, #5674, .T. ) ;
#3078 = ADVANCED_FACE ( 'NONE', ( #5482 ), #4404, .T. ) ;
#3079 = DIRECTION ( 'NONE',  ( -0.000000000000000000, -0.000000000000000000, 1.000000000000000000 ) ) ;
#3080 = ORIENTED_EDGE ( 'NONE', *, *, #717, .T. ) ;
#3081 = CARTESIAN_POINT ( 'NONE',  ( -34.51751045525497119, 98.22455240934164067, -220.4999999999996589 ) ) ;
#3082 = LINE ( 'NONE', #6879, #3418 ) ;
#3083 = LINE ( 'NONE', #6098, #3225 ) ;
#3084 = DIRECTION ( 'NONE',  ( 0.000000000000000000, 1.000000000000000000, 1.396592535537253342E-14 ) ) ;
#3085 = ORIENTED_EDGE ( 'NONE', *, *, #6573, .T. ) ;
#3086 = VECTOR ( 'NONE', #700, 1000.000000000000000 ) ;
#3087 = ORIENTED_EDGE ( 'NONE', *, *, #9596, .T. ) ;
#3088 =( NAMED_UNIT ( * ) SI_UNIT ( $, .STERADIAN. ) SOLID_ANGLE_UNIT ( ) );
#3089 = FACE_OUTER_BOUND ( 'NONE', #9760, .T. ) ;
#3090 = ORIENTED_EDGE ( 'NONE', *, *, #6281, .T. ) ;
#3091 = CARTESIAN_POINT ( 'NONE',  ( 8.000000000000000000, 56.13861379461851442, -4.699999999999999289 ) ) ;
#3092 = ORIENTED_EDGE ( 'NONE', *, *, #3990, .T. ) ;
#3093 = CARTESIAN_POINT ( 'NONE',  ( 27.00000000000000000, 0.000000000000000000, -53.50000000000000000 ) ) ;
#3094 = STYLED_ITEM ( 'NONE', ( #4277 ), #5622 ) ;
#3095 = CIRCLE ( 'NONE', #7184, 4.499999999999998224 ) ;
#3096 = DIRECTION ( 'NONE',  ( -8.881784197001252323E-16, 1.000000000000000000, 1.439177994884462065E-14 ) ) ;
#3097 = CARTESIAN_POINT ( 'NONE',  ( 21.70390168761807104, 21.05605425215113513, 31.19220218644344911 ) ) ;
#3098 = EDGE_LOOP ( 'NONE', ( #7344, #7096, #8000, #4179 ) ) ;
#3099 = DIRECTION ( 'NONE',  ( -0.2840153447039201473, 0.9588197348681938292, 1.339080484642727785E-14 ) ) ;
#3100 = ORIENTED_EDGE ( 'NONE', *, *, #3170, .T. ) ;
#3101 = EDGE_CURVE ( 'NONE', #6755, #5911, #460, .T. ) ;
#3102 = EDGE_LOOP ( 'NONE', ( #6405, #3329, #4044, #6041, #5454 ) ) ;
#3103 = LINE ( 'NONE', #8333, #7866 ) ;
#3104 = AXIS2_PLACEMENT_3D ( 'NONE', #5406, #3241, #5312 ) ;
#3105 = CIRCLE ( 'NONE', #2782, 38.99999999999999289 ) ;
#3106 = FACE_OUTER_BOUND ( 'NONE', #5519, .T. ) ;
#3107 = EDGE_LOOP ( 'NONE', ( #5503, #4559, #6263, #4226, #2702 ) ) ;
#3108 = CARTESIAN_POINT ( 'NONE',  ( 0.000000000000000000, 44.00000000000063238, -235.5000000000000568 ) ) ;
#3109 = CARTESIAN_POINT ( 'NONE',  ( 0.000000000000000000, 88.00000000000011369, -164.4999999999997158 ) ) ;
#3110 = AXIS2_PLACEMENT_3D ( 'NONE', #5016, #6280, #7341 ) ;
#3111 = CARTESIAN_POINT ( 'NONE',  ( 3.490243377569956456E-15, 27.00000000000211031, -352.5000000000003411 ) ) ;
#3112 = EDGE_CURVE ( 'NONE', #3830, #8604, #882, .T. ) ;
#3113 = VERTEX_POINT ( 'NONE', #4587 ) ;
#3114 = CARTESIAN_POINT ( 'NONE',  ( 35.92308074463203127, 2.716313340184230984, 11.96609650565748417 ) ) ;
#3115 = CARTESIAN_POINT ( 'NONE',  ( 0.000000000000000000, 4.299999999999999822, 0.000000000000000000 ) ) ;
#3116 = DIRECTION ( 'NONE',  ( -0.000000000000000000, -1.396592535537253342E-14, 1.000000000000000000 ) ) ;
#3117 = CARTESIAN_POINT ( 'NONE',  ( -34.51751045525497119, -10.22455240933905962, -349.5000000000007958 ) ) ;
#3118 = VECTOR ( 'NONE', #8835, 1000.000000000000000 ) ;
#3119 = ORIENTED_EDGE ( 'NONE', *, *, #9231, .T. ) ;
#3120 = CARTESIAN_POINT ( 'NONE',  ( -38.00000000000000000, -95.70788891204318816, 0.000000000000000000 ) ) ;
#3121 = EDGE_CURVE ( 'NONE', #2279, #6293, #4786, .T. ) ;
#3122 = AXIS2_PLACEMENT_3D ( 'NONE', #7016, #5483, #6277 ) ;
#3123 = CARTESIAN_POINT ( 'NONE',  ( -13.76115553658253354, 44.80485839832993378, 35.42213635312368325 ) ) ;
#3124 = ORIENTED_EDGE ( 'NONE', *, *, #7022, .T. ) ;
#3125 = CARTESIAN_POINT ( 'NONE',  ( 1.085127196421525886, 10.52667319615670571, -42.48962258624804633 ) ) ;
#3126 = APPLICATION_PROTOCOL_DEFINITION ( 'draft international standard', 'automotive_design', 1998, #6083 ) ;
#3127 = DIRECTION ( 'NONE',  ( 0.000000000000000000, 6.982962677686266711E-15, -1.000000000000000000 ) ) ;
#3128 = CARTESIAN_POINT ( 'NONE',  ( -36.73243031067843845, 14.46713570837795082, -21.38052015231711778 ) ) ;
#3129 = CIRCLE ( 'NONE', #2504, 26.99999999999999645 ) ;
#3130 = ORIENTED_EDGE ( 'NONE', *, *, #6748, .F. ) ;
#3131 = DIRECTION ( 'NONE',  ( 1.000000000000000000, 0.000000000000000000, -0.000000000000000000 ) ) ;
#3132 = EDGE_CURVE ( 'NONE', #2176, #5809, #3267, .T. ) ;
#3133 = DIRECTION ( 'NONE',  ( 0.000000000000000000, 0.000000000000000000, 1.000000000000000000 ) ) ;
#3134 = DIRECTION ( 'NONE',  ( 0.000000000000000000, 0.000000000000000000, -1.000000000000000000 ) ) ;
#3135 = ORIENTED_EDGE ( 'NONE', *, *, #3968, .T. ) ;
#3136 = ORIENTED_EDGE ( 'NONE', *, *, #2215, .F. ) ;
#3137 = AXIS2_PLACEMENT_3D ( 'NONE', #3155, #3049, #1564 ) ;
#3138 = DIRECTION ( 'NONE',  ( -0.000000000000000000, -1.396592535537253342E-14, 1.000000000000000000 ) ) ;
#3139 = VERTEX_POINT ( 'NONE', #6910 ) ;
#3140 = CARTESIAN_POINT ( 'NONE',  ( 0.000000000000000000, 44.00000000000000000, -106.5000000000000000 ) ) ;
#3141 = VECTOR ( 'NONE', #1524, 1000.000000000000000 ) ;
#3142 = DIRECTION ( 'NONE',  ( -0.000000000000000000, 0.000000000000000000, 1.000000000000000000 ) ) ;
#3143 = ORIENTED_EDGE ( 'NONE', *, *, #1740, .T. ) ;
#3144 = DIRECTION ( 'NONE',  ( 0.000000000000000000, 0.000000000000000000, 1.000000000000000000 ) ) ;
#3145 = AXIS2_PLACEMENT_3D ( 'NONE', #5635, #4112, #5686 ) ;
#3146 = CARTESIAN_POINT ( 'NONE',  ( -22.48353060487813693, 30.00000000000000000, 9.407652717443331980 ) ) ;
#3147 = PRODUCT_DEFINITION_CONTEXT ( 'detailed design', #9115, 'design' ) ;
#3148 = CARTESIAN_POINT ( 'NONE',  ( 38.00000000000000000, 30.00000000000000000, -9.000000000000012434 ) ) ;
#3149 = ORIENTED_EDGE ( 'NONE', *, *, #703, .T. ) ;
#3150 = AXIS2_PLACEMENT_3D ( 'NONE', #5309, #9213, #9013 ) ;
#3151 = CARTESIAN_POINT ( 'NONE',  ( -35.50655110142717774, 12.26272373800646953, 23.35820586102441254 ) ) ;
#3152 = EDGE_LOOP ( 'NONE', ( #8109, #2207, #3831, #8059, #2358, #3716 ) ) ;
#3153 = ORIENTED_EDGE ( 'NONE', *, *, #5106, .F. ) ;
#3154 = VERTEX_POINT ( 'NONE', #7709 ) ;
#3155 = CARTESIAN_POINT ( 'NONE',  ( 38.00000000000000000, 0.000000000000000000, -1.396097351027982582E-14 ) ) ;
#3156 = DIRECTION ( 'NONE',  ( 0.000000000000000000, -6.982962677686266711E-15, 1.000000000000000000 ) ) ;
#3157 = VERTEX_POINT ( 'NONE', #934 ) ;
#3158 = AXIS2_PLACEMENT_3D ( 'NONE', #5332, #9144, #6229 ) ;
#3159 = DIRECTION ( 'NONE',  ( 1.000000000000000000, 0.000000000000000000, -1.826024711554533913E-16 ) ) ;
#3160 = CARTESIAN_POINT ( 'NONE',  ( 37.34964526556842657, 20.15761149942743558, -7.232035312406673633 ) ) ;
#3161 = DIRECTION ( 'NONE',  ( 1.000000000000000000, 0.000000000000000000, 0.000000000000000000 ) ) ;
#3162 = CIRCLE ( 'NONE', #946, 39.50000000000000000 ) ;
#3163 = CARTESIAN_POINT ( 'NONE',  ( 46.76575408810697354, 38.68305661054938582, 2.355730963839493430 ) ) ;
#3164 = ORIENTED_EDGE ( 'NONE', *, *, #2653, .T. ) ;
#3165 = CARTESIAN_POINT ( 'NONE',  ( -34.51751045525497119, 98.22455240934127119, -167.4999999999996589 ) ) ;
#3166 = EDGE_CURVE ( 'NONE', #92, #6062, #7401, .T. ) ;
#3167 = DIRECTION ( 'NONE',  ( 0.000000000000000000, 1.000000000000000000, 0.000000000000000000 ) ) ;
#3168 = DIRECTION ( 'NONE',  ( -1.000000000000000000, 0.000000000000000000, 0.000000000000000000 ) ) ;
#3169 = CARTESIAN_POINT ( 'NONE',  ( 0.000000000000000000, 88.00000000000105160, -296.4999999999997726 ) ) ;
#3170 = EDGE_CURVE ( 'NONE', #382, #3024, #9148, .T. ) ;
#3171 = VERTEX_POINT ( 'NONE', #8492 ) ;
#3172 = DIRECTION ( 'NONE',  ( 0.000000000000000000, -6.982962677686266711E-15, 1.000000000000000000 ) ) ;
#3173 = CARTESIAN_POINT ( 'NONE',  ( -22.50000000000000355, 201.1999999999999886, 19.00000000000000000 ) ) ;
#3174 = VERTEX_POINT ( 'NONE', #4008 ) ;
#3175 = CARTESIAN_POINT ( 'NONE',  ( 16.50000000000000000, 26.45635265709943340, -39.16631205513226632 ) ) ;
#3176 = ITEM_DEFINED_TRANSFORMATION ( 'NONE', 'NONE', #625,  #3150 ) ;
#3177 = CARTESIAN_POINT ( 'NONE',  ( 35.07692307692307310, 8.099967126823511165, 11.99999999999998579 ) ) ;
#3178 =( BOUNDED_SURFACE ( )  B_SPLINE_SURFACE ( 3, 2, ( 
 ( #1256, #4370, #6602 ),
 ( #9666, #616, #1997 ),
 ( #4227, #1205, #468 ),
 ( #9617, #7283, #7381 ),
 ( #8966, #5909, #2194 ),
 ( #5958, #1353, #4274 ) ),
 .UNSPECIFIED., .F., .F., .T. ) 
 B_SPLINE_SURFACE_WITH_KNOTS ( ( 4, 2, 4 ),
 ( 3, 3 ),
 ( 0.000000000000000000, 0.004411853782887472167, 0.008823707565774944334 ),
 ( 0.000000000000000000, 1.000000000000000000 ),
 .UNSPECIFIED. ) 
 GEOMETRIC_REPRESENTATION_ITEM ( )  RATIONAL_B_SPLINE_SURFACE ( (
 ( 1.000000000000000000, 0.7071067811865476838, 1.000000000000000000),
 ( 1.000000000000000000, 0.7167217121882974995, 1.000000000000000000),
 ( 1.000000000000000000, 0.7239293624834131080, 1.000000000000000000),
 ( 1.000000000000000000, 0.7335575311262185760, 1.000000000000000000),
 ( 1.000000000000000000, 0.7359783963882950975, 1.000000000000000000),
 ( 1.000000000000000000, 0.7359800721939872004, 1.000000000000000000) ) ) 
 REPRESENTATION_ITEM ( '' )  SURFACE ( )  );
#3179 = DIRECTION ( 'NONE',  ( -2.584927402981196428E-16, 1.000000000000000000, 0.000000000000000000 ) ) ;
#3180 = ADVANCED_FACE ( 'NONE', ( #2315 ), #5432, .T. ) ;
#3181 = ORIENTED_EDGE ( 'NONE', *, *, #3728, .T. ) ;
#3182 = DIRECTION ( 'NONE',  ( -1.000000000000000000, 0.000000000000000000, 0.000000000000000000 ) ) ;
#3183 = PLANE ( 'NONE',  #5738 ) ;
#3184 = DIRECTION ( 'NONE',  ( 0.000000000000000000, 0.000000000000000000, 1.000000000000000000 ) ) ;
#3185 = ORIENTED_EDGE ( 'NONE', *, *, #3803, .F. ) ;
#3186 = ORIENTED_EDGE ( 'NONE', *, *, #3811, .T. ) ;
#3187 = DIRECTION ( 'NONE',  ( -1.000000000000000000, 0.000000000000000000, 0.000000000000000000 ) ) ;
#3188 = CYLINDRICAL_SURFACE ( 'NONE', #8401, 39.50000000000000000 ) ;
#3189 = EDGE_LOOP ( 'NONE', ( #701, #9579, #58, #9696 ) ) ;
#3190 = CARTESIAN_POINT ( 'NONE',  ( -33.07375552197755297, 170.6856313243669092, 19.00000000000000000 ) ) ;
#3191 = DIRECTION ( 'NONE',  ( 1.000000000000000000, 1.224646799147353207E-16, 1.710332578358783443E-30 ) ) ;
#3192 = EDGE_CURVE ( 'NONE', #8791, #8349, #2840, .T. ) ;
#3193 = EDGE_CURVE ( 'NONE', #214, #9468, #8441, .T. ) ;
#3194 = ORIENTED_EDGE ( 'NONE', *, *, #8621, .T. ) ;
#3195 = CARTESIAN_POINT ( 'NONE',  ( -35.99999999999998579, 1.367562764689250310, 11.95826074310139475 ) ) ;
#3196 = DIRECTION ( 'NONE',  ( -0.000000000000000000, -1.000000000000000000, -0.000000000000000000 ) ) ;
#3197 = ORIENTED_EDGE ( 'NONE', *, *, #7411, .F. ) ;
#3198 = DIRECTION ( 'NONE',  ( -0.000000000000000000, -0.000000000000000000, 1.000000000000000000 ) ) ;
#3199 = ORIENTED_EDGE ( 'NONE', *, *, #6242, .T. ) ;
#3200 = VERTEX_POINT ( 'NONE', #238 ) ;
#3201 = DIRECTION ( 'NONE',  ( 0.000000000000000000, 0.000000000000000000, -1.000000000000000000 ) ) ;
#3202 = CARTESIAN_POINT ( 'NONE',  ( 16.89999999999999858, 201.1999999999999886, 19.00000000000000000 ) ) ;
#3203 = DIRECTION ( 'NONE',  ( 1.000000000000000000, 0.000000000000000000, 0.000000000000000000 ) ) ;
#3204 = ORIENTED_EDGE ( 'NONE', *, *, #9054, .T. ) ;
#3205 = EDGE_CURVE ( 'NONE', #9566, #382, #8824, .T. ) ;
#3206 = ADVANCED_FACE ( 'NONE', ( #1027 ), #3406, .T. ) ;
#3207 = CARTESIAN_POINT ( 'NONE',  ( 0.000000000000000000, 82.00000000000000000, 0.000000000000000000 ) ) ;
#3208 = DIRECTION ( 'NONE',  ( -0.000000000000000000, 1.396592535537253342E-14, -1.000000000000000000 ) ) ;
#3209 = DIRECTION ( 'NONE',  ( 0.000000000000000000, 1.396592535537253342E-14, -1.000000000000000000 ) ) ;
#3210 = EDGE_LOOP ( 'NONE', ( #9065, #6947 ) ) ;
#3211 = VECTOR ( 'NONE', #9123, 1000.000000000000000 ) ;
#3212 = FACE_OUTER_BOUND ( 'NONE', #1763, .T. ) ;
#3213 = CARTESIAN_POINT ( 'NONE',  ( 4.837354856632045452E-15, 78.50000000000000000, -39.50000000000000000 ) ) ;
#3214 = CARTESIAN_POINT ( 'NONE',  ( 0.000000000000000000, 44.00000000000345324, -448.5000000000000568 ) ) ;
#3215 = CARTESIAN_POINT ( 'NONE',  ( 27.00000000000000000, 87.99999999999998579, -124.4999999999997158 ) ) ;
#3216 = AXIS2_PLACEMENT_3D ( 'NONE', #6260, #7690, #914 ) ;
#3217 = EDGE_LOOP ( 'NONE', ( #3355, #2142, #8041, #8980 ) ) ;
#3218 = AXIS2_PLACEMENT_3D ( 'NONE', #3784, #9010, #6792 ) ;
#3219 = CIRCLE ( 'NONE', #7798, 80.00000000000000000 ) ;
#3220 = DIRECTION ( 'NONE',  ( 0.000000000000000000, -1.000000000000000000, -6.982962677686265922E-15 ) ) ;
#3221 = CARTESIAN_POINT ( 'NONE',  ( -35.61613899620193280, 5.416339294268711413, -11.98693117703044564 ) ) ;
#3222 = ORIENTED_EDGE ( 'NONE', *, *, #6930, .F. ) ;
#3223 = ADVANCED_FACE ( 'NONE', ( #7107, #9532 ), #2609, .T. ) ;
#3224 = CARTESIAN_POINT ( 'NONE',  ( 0.000000000000000000, 44.00000000000000000, 45.50000000000000000 ) ) ;
#3225 = VECTOR ( 'NONE', #9112, 1000.000000000000000 ) ;
#3226 = AXIS2_PLACEMENT_3D ( 'NONE', #2816, #5829, #8094 ) ;
#3227 = DIRECTION ( 'NONE',  ( -0.000000000000000000, 1.000000000000000000, -0.000000000000000000 ) ) ;
#3228 = CARTESIAN_POINT ( 'NONE',  ( 0.000000000000000000, 27.00000000000000000, -42.49999999999999289 ) ) ;
#3229 = ORIENTED_EDGE ( 'NONE', *, *, #7718, .F. ) ;
#3230 = AXIS2_PLACEMENT_3D ( 'NONE', #7266, #9548, #2723 ) ;
#3231 = FACE_OUTER_BOUND ( 'NONE', #4607, .T. ) ;
#3232 = CARTESIAN_POINT ( 'NONE',  ( 27.00000000000000000, 1.373088835407637272E-16, 19.00000000000000000 ) ) ;
#3233 = CARTESIAN_POINT ( 'NONE',  ( -11.38853128999452835, 7.581297789118966790, 36.25948030745816908 ) ) ;
#3234 = VERTEX_POINT ( 'NONE', #8588 ) ;
#3235 = ADVANCED_FACE ( 'NONE', ( #4059 ), #332, .T. ) ;
#3236 = ORIENTED_EDGE ( 'NONE', *, *, #9183, .T. ) ;
#3237 = CARTESIAN_POINT ( 'NONE',  ( 30.00000000000000000, 3.673940397442059178E-15, -50.49999999999999289 ) ) ;
#3238 = CARTESIAN_POINT ( 'NONE',  ( 0.000000000000000000, 0.000000000000000000, 19.00000000000000000 ) ) ;
#3239 = CIRCLE ( 'NONE', #8740, 2.999999999999999112 ) ;
#3240 = DIRECTION ( 'NONE',  ( -1.000000000000000000, 0.000000000000000000, 0.000000000000000000 ) ) ;
#3241 = DIRECTION ( 'NONE',  ( -0.000000000000000000, -0.000000000000000000, 1.000000000000000000 ) ) ;
#3242 = B_SPLINE_CURVE_WITH_KNOTS ( 'NONE', 3,
 ( #8429, #2599, #1061, #5617, #4677, #7893 ),
 .UNSPECIFIED., .F., .F.,
 ( 4, 2, 4 ),
 ( 0.000000000000000000, 0.001235105069189790846, 0.002470210138379581692 ),
 .UNSPECIFIED. ) ;
#3243 = ORIENTED_EDGE ( 'NONE', *, *, #7141, .T. ) ;
#3244 = DIRECTION ( 'NONE',  ( 1.000000000000000000, -0.000000000000000000, -0.000000000000000000 ) ) ;
#3245 = CARTESIAN_POINT ( 'NONE',  ( 0.000000000000000000, 82.69999999999998863, 0.000000000000000000 ) ) ;
#3246 = VECTOR ( 'NONE', #1685, 1000.000000000000000 ) ;
#3247 = FACE_OUTER_BOUND ( 'NONE', #401, .T. ) ;
#3248 = EDGE_LOOP ( 'NONE', ( #6167, #9325, #9224, #1643 ) ) ;
#3249 = CARTESIAN_POINT ( 'NONE',  ( -55.00000000000000000, 44.00000000000365930, -463.5000000000000568 ) ) ;
#3250 = VERTEX_POINT ( 'NONE', #5721 ) ;
#3251 = EDGE_CURVE ( 'NONE', #5911, #6755, #9634, .T. ) ;
#3252 = ORIENTED_EDGE ( 'NONE', *, *, #1072, .T. ) ;
#3253 = ADVANCED_FACE ( 'NONE', ( #5677 ), #3501, .T. ) ;
#3254 = CARTESIAN_POINT ( 'NONE',  ( 3.673940397442059178E-15, 118.0000000000006395, -238.4999999999995453 ) ) ;
#3255 = DIRECTION ( 'NONE',  ( -1.000000000000000000, -2.584927402981196428E-16, 8.881784197001250351E-16 ) ) ;
#3256 = ORIENTED_EDGE ( 'NONE', *, *, #2565, .F. ) ;
#3257 = TOROIDAL_SURFACE ( 'NONE', #7501, 30.00000000000000000, 3.000000000000000000 ) ;
#3258 = VECTOR ( 'NONE', #7089, 1000.000000000000000 ) ;
#3259 = DIRECTION ( 'NONE',  ( -1.000000000000000000, 0.000000000000000000, 0.000000000000000000 ) ) ;
#3260 = CIRCLE ( 'NONE', #725, 36.00000000000000000 ) ;
#3261 = CARTESIAN_POINT ( 'NONE',  ( 45.87408514266326165, 40.90073188586939068, 0.7853981597613273191 ) ) ;
#3262 = AXIS2_PLACEMENT_3D ( 'NONE', #8119, #8855, #704 ) ;
#3263 = EDGE_CURVE ( 'NONE', #4369, #6898, #2760, .T. ) ;
#3264 = EDGE_LOOP ( 'NONE', ( #6710, #1400, #4451, #8770 ) ) ;
#3265 = DIRECTION ( 'NONE',  ( 1.000000000000000000, 0.000000000000000000, 0.000000000000000000 ) ) ;
#3266 = EDGE_CURVE ( 'NONE', #1150, #1155, #8724, .T. ) ;
#3267 = LINE ( 'NONE', #977, #8196 ) ;
#3268 = DIRECTION ( 'NONE',  ( 0.000000000000000000, 1.000000000000000000, 1.110223024625676400E-14 ) ) ;
#3269 = CIRCLE ( 'NONE', #2790, 38.00000000000000000 ) ;
#3270 = CARTESIAN_POINT ( 'NONE',  ( 30.00037002404991071, 12.31263411384539808, 23.32506966874161591 ) ) ;
#3271 = PRODUCT_RELATED_PRODUCT_CATEGORY ( 'part', '', ( #5560 ) ) ;
#3272 = DIRECTION ( 'NONE',  ( -0.000000000000000000, -0.000000000000000000, -1.000000000000000000 ) ) ;
#3273 = ORIENTED_EDGE ( 'NONE', *, *, #7580, .T. ) ;
#3274 = CARTESIAN_POINT ( 'NONE',  ( 4.849550541871448850, 5.025647632944603593, -37.69109304162176954 ) ) ;
#3275 = CARTESIAN_POINT ( 'NONE',  ( -16.47334425251990453, 28.08472129558539976, 39.17757437964865375 ) ) ;
#3276 = CARTESIAN_POINT ( 'NONE',  ( -38.25142132890804447, 7.323256995510632805, -9.000000000000001776 ) ) ;
#3277 = ORIENTED_EDGE ( 'NONE', *, *, #8840, .T. ) ;
#3278 = AXIS2_PLACEMENT_3D ( 'NONE', #3853, #2913, #7448 ) ;
#3279 = DIRECTION ( 'NONE',  ( -0.000000000000000000, -0.000000000000000000, 1.000000000000000000 ) ) ;
#3280 = DIRECTION ( 'NONE',  ( -0.000000000000000000, 1.000000000000000000, -0.000000000000000000 ) ) ;
#3281 = FACE_OUTER_BOUND ( 'NONE', #333, .T. ) ;
#3282 = VERTEX_POINT ( 'NONE', #1960 ) ;
#3283 = CARTESIAN_POINT ( 'NONE',  ( 21.97319628634863520, 31.85474263040692122, 31.00301655737877127 ) ) ;
#3284 = ORIENTED_EDGE ( 'NONE', *, *, #3826, .F. ) ;
#3285 = AXIS2_PLACEMENT_3D ( 'NONE', #5723, #7155, #1076 ) ;
#3286 = FACE_OUTER_BOUND ( 'NONE', #1867, .T. ) ;
#3287 = AXIS2_PLACEMENT_3D ( 'NONE', #8839, #5079, #8102 ) ;
#3288 = DIRECTION ( 'NONE',  ( -0.000000000000000000, -0.000000000000000000, -1.000000000000000000 ) ) ;
#3289 = ORIENTED_EDGE ( 'NONE', *, *, #812, .F. ) ;
#3290 = CARTESIAN_POINT ( 'NONE',  ( 22.50000000000000355, 201.1999999999999886, 19.00000000000000000 ) ) ;
#3291 = ADVANCED_FACE ( 'NONE', ( #8631 ), #4838, .T. ) ;
#3292 = ADVANCED_FACE ( 'NONE', ( #479 ), #5838, .F. ) ;
#3293 = PLANE ( 'NONE',  #3891 ) ;
#3294 = FACE_BOUND ( 'NONE', #4856, .T. ) ;
#3295 = ORIENTED_EDGE ( 'NONE', *, *, #719, .F. ) ;
#3296 = AXIS2_PLACEMENT_3D ( 'NONE', #2560, #7202, #1025 ) ;
#3297 = CARTESIAN_POINT ( 'NONE',  ( -34.36931771216880094, 7.687535800667407493, 25.00000000000000000 ) ) ;
#3298 = EDGE_LOOP ( 'NONE', ( #804, #4569 ) ) ;
#3299 = ORIENTED_EDGE ( 'NONE', *, *, #5854, .F. ) ;
#3300 = DIRECTION ( 'NONE',  ( -0.000000000000000000, 6.982962677686266711E-15, -1.000000000000000000 ) ) ;
#3301 = DIRECTION ( 'NONE',  ( 0.2840153447039201473, -0.9588197348681938292, 0.000000000000000000 ) ) ;
#3302 = ORIENTED_EDGE ( 'NONE', *, *, #4627, .T. ) ;
#3303 = AXIS2_PLACEMENT_3D ( 'NONE', #3519, #4161, #403 ) ;
#3304 = CARTESIAN_POINT ( 'NONE',  ( 0.000000000000000000, 0.000000000000000000, 19.00000000000000000 ) ) ;
#3305 = EDGE_CURVE ( 'NONE', #3426, #61, #6624, .T. ) ;
#3306 = DIRECTION ( 'NONE',  ( 0.000000000000000000, -1.000000000000000000, -1.387778780781445676E-14 ) ) ;
#3307 = EDGE_CURVE ( 'NONE', #4650, #2606, #2199, .T. ) ;
#3308 = CIRCLE ( 'NONE', #767, 36.00000000000000000 ) ;
#3309 = DIRECTION ( 'NONE',  ( -1.000000000000000000, 0.000000000000000000, 0.000000000000000000 ) ) ;
#3310 = EDGE_LOOP ( 'NONE', ( #5627, #9228, #1660, #9668 ) ) ;
#3311 = AXIS2_PLACEMENT_3D ( 'NONE', #1436, #4446, #9002 ) ;
#3312 = DIRECTION ( 'NONE',  ( 0.000000000000000000, 1.000000000000000000, 1.110223024626062942E-14 ) ) ;
#3313 = DIRECTION ( 'NONE',  ( 0.000000000000000000, -1.000000000000000000, -7.195889974422311904E-15 ) ) ;
#3314 = ORIENTED_EDGE ( 'NONE', *, *, #4278, .F. ) ;
#3315 = DIRECTION ( 'NONE',  ( 0.000000000000000000, 0.000000000000000000, 1.000000000000000000 ) ) ;
#3316 = ADVANCED_FACE ( 'NONE', ( #4191 ), #7203, .T. ) ;
#3317 = EDGE_CURVE ( 'NONE', #4848, #5208, #4882, .T. ) ;
#3318 = CARTESIAN_POINT ( 'NONE',  ( -13.09000509159211134, 37.05919035386240523, -40.43548150560509669 ) ) ;
#3319 = CARTESIAN_POINT ( 'NONE',  ( 36.00000000000000000, 4.408728476930470856E-15, 19.00000000000000000 ) ) ;
#3320 = CARTESIAN_POINT ( 'NONE',  ( 10.08680395283658981, 13.89846214273910441, -41.29568375916453959 ) ) ;
#3321 = CONTEXT_DEPENDENT_SHAPE_REPRESENTATION ( #6532, #2009 ) ;
#3322 = CARTESIAN_POINT ( 'NONE',  ( 0.000000000000000000, 2.918878399272864281E-12, -410.5000000000006821 ) ) ;
#3323 = LINE ( 'NONE', #9347, #7803 ) ;
#3324 = EDGE_CURVE ( 'NONE', #1647, #5569, #7906, .T. ) ;
#3325 = ORIENTED_EDGE ( 'NONE', *, *, #1279, .F. ) ;
#3326 = DIRECTION ( 'NONE',  ( 1.000000000000000000, 0.000000000000000000, -1.826024711554533667E-16 ) ) ;
#3327 = CARTESIAN_POINT ( 'NONE',  ( -37.54294426386832839, 20.34105912425785334, -5.893556794726674042 ) ) ;
#3328 = FACE_OUTER_BOUND ( 'NONE', #4402, .T. ) ;
#3329 = ORIENTED_EDGE ( 'NONE', *, *, #8621, .F. ) ;
#3330 = DIRECTION ( 'NONE',  ( 0.000000000000000000, -1.000000000000000000, -7.195889974422311904E-15 ) ) ;
#3331 = DIRECTION ( 'NONE',  ( 1.000000000000000000, 0.000000000000000000, -0.000000000000000000 ) ) ;
#3332 = CARTESIAN_POINT ( 'NONE',  ( 38.89087296526010817, 0.1091270347471631486, -448.5000000000006821 ) ) ;
#3333 = DIRECTION ( 'NONE',  ( 0.000000000000000000, 1.000000000000000000, 1.110223024625155594E-14 ) ) ;
#3334 = VERTEX_POINT ( 'NONE', #3456 ) ;
#3335 = CARTESIAN_POINT ( 'NONE',  ( 0.000000000000000000, 0.000000000000000000, 11.99999999999999289 ) ) ;
#3336 = CARTESIAN_POINT ( 'NONE',  ( 0.000000000000000000, 0.000000000000000000, 19.00000000000000000 ) ) ;
#3337 = FACE_BOUND ( 'NONE', #7643, .T. ) ;
#3338 = VERTEX_POINT ( 'NONE', #6472 ) ;
#3339 = CARTESIAN_POINT ( 'NONE',  ( 5.204748896376249319E-15, 4.299999999999999822, 42.49999999999999289 ) ) ;
#3340 = ORIENTED_EDGE ( 'NONE', *, *, #6677, .T. ) ;
#3341 = EDGE_LOOP ( 'NONE', ( #7165, #3871, #8214, #3461 ) ) ;
#3342 = DIRECTION ( 'NONE',  ( -0.000000000000000000, -0.000000000000000000, -1.000000000000000000 ) ) ;
#3343 = EDGE_CURVE ( 'NONE', #7429, #4531, #7251, .T. ) ;
#3344 = EDGE_CURVE ( 'NONE', #2006, #2092, #3795, .T. ) ;
#3345 = EDGE_LOOP ( 'NONE', ( #7712, #4372 ) ) ;
#3346 = CARTESIAN_POINT ( 'NONE',  ( 38.89087296526010817, 10.10912703473970531, -463.5000000000005684 ) ) ;
#3347 = CARTESIAN_POINT ( 'NONE',  ( -36.00000000000000000, -2.189125779142312269E-15, -19.00000000000000000 ) ) ;
#3348 = CARTESIAN_POINT ( 'NONE',  ( -16.92616592613831727, 41.84164341672723708, -34.02601517009529175 ) ) ;
#3349 = ORIENTED_EDGE ( 'NONE', *, *, #6703, .T. ) ;
#3350 = ORIENTED_EDGE ( 'NONE', *, *, #3344, .F. ) ;
#3351 = PRODUCT ( 'piston ring', 'piston ring', '', ( #9003 ) ) ;
#3352 = CARTESIAN_POINT ( 'NONE',  ( -6.735557395310464703E-15, -10.99999999999654854, -448.5000000000008527 ) ) ;
#3353 = EDGE_CURVE ( 'NONE', #6104, #3949, #6158, .T. ) ;
#3354 = CARTESIAN_POINT ( 'NONE',  ( 0.000000000000000000, 4.299999999999999822, 0.000000000000000000 ) ) ;
#3355 = ORIENTED_EDGE ( 'NONE', *, *, #1584, .F. ) ;
#3356 = CARTESIAN_POINT ( 'NONE',  ( 0.000000000000000000, 0.000000000000000000, 12.00000000000000000 ) ) ;
#3357 = VECTOR ( 'NONE', #1847, 1000.000000000000000 ) ;
#3358 = ORIENTED_EDGE ( 'NONE', *, *, #619, .F. ) ;
#3359 = AXIS2_PLACEMENT_3D ( 'NONE', #7334, #8862, #3395 ) ;
#3360 = DIRECTION ( 'NONE',  ( 1.000000000000000000, -4.309547341991544302E-49, -1.826024711554533667E-16 ) ) ;
#3361 = EDGE_CURVE ( 'NONE', #6386, #9610, #2253, .T. ) ;
#3362 = CARTESIAN_POINT ( 'NONE',  ( -36.00000000000000711, 0.000000000000000000, 11.95826074310139475 ) ) ;
#3363 = EDGE_CURVE ( 'NONE', #2193, #7963, #532, .T. ) ;
#3364 = ITEM_DEFINED_TRANSFORMATION ( 'NONE', 'NONE', #6777,  #3150 ) ;
#3365 = CARTESIAN_POINT ( 'NONE',  ( -15.02192956584671357, 33.84712354155394820, 39.75727785687519145 ) ) ;
#3366 = VECTOR ( 'NONE', #2655, 1000.000000000000000 ) ;
#3367 = CIRCLE ( 'NONE', #4011, 16.89999999999999858 ) ;
#3368 = ORIENTED_EDGE ( 'NONE', *, *, #8714, .F. ) ;
#3369 = CARTESIAN_POINT ( 'NONE',  ( 0.000000000000000000, 44.00000000000000000, 125.5000000000000000 ) ) ;
#3370 = DIRECTION ( 'NONE',  ( 1.000000000000000000, 0.000000000000000000, 0.000000000000000000 ) ) ;
#3371 = AXIS2_PLACEMENT_3D ( 'NONE', #3580, #5950, #6686 ) ;
#3372 = TOROIDAL_SURFACE ( 'NONE', #6691, 7.000000000000000000, 3.000000000000000000 ) ;
#3373 = CARTESIAN_POINT ( 'NONE',  ( -21.01480479510652799, 18.95233756692406146, 31.66072012244130462 ) ) ;
#3374 = ORIENTED_EDGE ( 'NONE', *, *, #7754, .F. ) ;
#3375 = EDGE_CURVE ( 'NONE', #3696, #3535, #4886, .T. ) ;
#3376 = DIRECTION ( 'NONE',  ( -0.000000000000000000, 1.000000000000000000, -0.000000000000000000 ) ) ;
#3377 = EDGE_CURVE ( 'NONE', #243, #2231, #8971, .T. ) ;
#3378 =( NAMED_UNIT ( * ) PLANE_ANGLE_UNIT ( ) SI_UNIT ( $, .RADIAN. ) );
#3379 = CARTESIAN_POINT ( 'NONE',  ( 36.00000000000001421, 1.367562764689260302, -11.95826074310141074 ) ) ;
#3380 = CARTESIAN_POINT ( 'NONE',  ( 0.000000000000000000, 4.299999999999999822, -42.49999999999999289 ) ) ;
#3381 = PLANE ( 'NONE',  #8797 ) ;
#3382 = CARTESIAN_POINT ( 'NONE',  ( 0.000000000000000000, 88.00000000000065370, -238.4999999999997726 ) ) ;
#3383 = AXIS2_PLACEMENT_3D ( 'NONE', #8168, #3781, #4601 ) ;
#3384 = ORIENTED_EDGE ( 'NONE', *, *, #6259, .T. ) ;
#3385 = VECTOR ( 'NONE', #2801, 1000.000000000000000 ) ;
#3386 = DIRECTION ( 'NONE',  ( -0.000000000000000000, -6.982962677686266711E-15, 1.000000000000000000 ) ) ;
#3387 = CARTESIAN_POINT ( 'NONE',  ( -38.89087296526010817, 87.89087296526369641, -463.4999999999994884 ) ) ;
#3388 = DIRECTION ( 'NONE',  ( -1.224646799147353207E-16, 1.000000000000000000, 0.000000000000000000 ) ) ;
#3389 = VERTEX_POINT ( 'NONE', #8826 ) ;
#3390 = CARTESIAN_POINT ( 'NONE',  ( 0.000000000000000000, 0.000000000000000000, -50.49999999999999289 ) ) ;
#3391 = ORIENTED_EDGE ( 'NONE', *, *, #5943, .F. ) ;
#3392 = VERTEX_POINT ( 'NONE', #6665 ) ;
#3393 = VECTOR ( 'NONE', #8039, 1000.000000000000000 ) ;
#3394 = LINE ( 'NONE', #7657, #7880 ) ;
#3395 = DIRECTION ( 'NONE',  ( -1.000000000000000000, 0.000000000000000000, 0.000000000000000000 ) ) ;
#3396 = ORIENTED_EDGE ( 'NONE', *, *, #3786, .T. ) ;
#3397 = LINE ( 'NONE', #1949, #9095 ) ;
#3398 = CYLINDRICAL_SURFACE ( 'NONE', #1162, 36.00000000000000000 ) ;
#3399 = CIRCLE ( 'NONE', #6239, 39.50000000000000000 ) ;
#3400 = PLANE ( 'NONE',  #2932 ) ;
#3401 = CARTESIAN_POINT ( 'NONE',  ( 46.99999999999999289, 38.55812545754029941, -1.178097239642039273 ) ) ;
#3402 = VERTEX_POINT ( 'NONE', #1269 ) ;
#3403 = ORIENTED_EDGE ( 'NONE', *, *, #2171, .F. ) ;
#3404 = CARTESIAN_POINT ( 'NONE',  ( 4.837354856632045452E-15, 71.09999999999999432, -39.50000000000000000 ) ) ;
#3405 = VECTOR ( 'NONE', #5368, 1000.000000000000000 ) ;
#3406 = PLANE ( 'NONE',  #5034 ) ;
#3407 = ORIENTED_EDGE ( 'NONE', *, *, #28, .F. ) ;
#3408 = CARTESIAN_POINT ( 'NONE',  ( 55.00000000000000000, 49.00000000000130740, -463.5000000000000000 ) ) ;
#3409 = CARTESIAN_POINT ( 'NONE',  ( 0.000000000000000000, 83.00000000000108002, -299.4999999999998295 ) ) ;
#3410 = AXIS2_PLACEMENT_3D ( 'NONE', #5713, #8814, #1063 ) ;
#3411 = EDGE_CURVE ( 'NONE', #8251, #2743, #2209, .T. ) ;
#3412 = VECTOR ( 'NONE', #7375, 1000.000000000000000 ) ;
#3413 = EDGE_LOOP ( 'NONE', ( #4283, #5558, #4332, #4118, #8573 ) ) ;
#3414 = SPHERICAL_SURFACE ( 'NONE', #3459, 183.1249999999998295 ) ;
#3415 = DIRECTION ( 'NONE',  ( 0.000000000000000000, -0.000000000000000000, 1.000000000000000000 ) ) ;
#3416 = CARTESIAN_POINT ( 'NONE',  ( -21.93588259989741474, 30.94682878293377470, -9.185314602748587021 ) ) ;
#3417 = AXIS2_PLACEMENT_3D ( 'NONE', #1698, #9217, #4717 ) ;
#3418 = VECTOR ( 'NONE', #3279, 1000.000000000000000 ) ;
#3419 = ORIENTED_EDGE ( 'NONE', *, *, #1422, .F. ) ;
#3420 = ADVANCED_FACE ( 'NONE', ( #8044 ), #2908, .F. ) ;
#3421 = DIRECTION ( 'NONE',  ( 0.000000000000000000, -1.000000000000000000, 0.000000000000000000 ) ) ;
#3422 = EDGE_CURVE ( 'NONE', #1117, #3392, #5682, .T. ) ;
#3423 = AXIS2_PLACEMENT_3D ( 'NONE', #4400, #2224, #2873 ) ;
#3424 = CARTESIAN_POINT ( 'NONE',  ( 36.00000000000000000, 4.408728476930470856E-15, -11.95826074310141252 ) ) ;
#3425 = SURFACE_STYLE_FILL_AREA ( #3620 ) ;
#3426 = VERTEX_POINT ( 'NONE', #674 ) ;
#3427 = DIRECTION ( 'NONE',  ( 0.000000000000000000, 0.000000000000000000, -1.000000000000000000 ) ) ;
#3428 = CARTESIAN_POINT ( 'NONE',  ( 0.000000000000000000, 0.000000000000000000, 0.000000000000000000 ) ) ;
#3429 = DIRECTION ( 'NONE',  ( -1.000000000000000000, 0.000000000000000000, 0.000000000000000000 ) ) ;
#3430 = CARTESIAN_POINT ( 'NONE',  ( -45.86407749709617576, 39.16395079242001742, 4.532570818732132523 ) ) ;
#3431 = CARTESIAN_POINT ( 'NONE',  ( -55.00000000000000000, 44.00000000000365930, -463.5000000000000568 ) ) ;
#3432 = ORIENTED_EDGE ( 'NONE', *, *, #5915, .T. ) ;
#3433 = CARTESIAN_POINT ( 'NONE',  ( 0.000000000000000000, 0.000000000000000000, -53.50000000000000000 ) ) ;
#3434 = ADVANCED_FACE ( 'NONE', ( #2109 ), #631, .F. ) ;
#3435 = PRODUCT_DEFINITION_SHAPE ( 'NONE', 'NONE',  #9792 ) ;
#3436 = DIRECTION ( 'NONE',  ( -0.000000000000000000, 1.396592535537253342E-14, -1.000000000000000000 ) ) ;
#3437 = EDGE_CURVE ( 'NONE', #669, #5810, #3960, .T. ) ;
#3438 = FACE_OUTER_BOUND ( 'NONE', #2806, .T. ) ;
#3439 = ORIENTED_EDGE ( 'NONE', *, *, #9585, .F. ) ;
#3440 = DIRECTION ( 'NONE',  ( -1.000000000000000000, 0.000000000000000000, 0.000000000000000000 ) ) ;
#3441 = ORIENTED_EDGE ( 'NONE', *, *, #692, .T. ) ;
#3442 = ORIENTED_EDGE ( 'NONE', *, *, #2371, .T. ) ;
#3443 = AXIS2_PLACEMENT_3D ( 'NONE', #786, #239, #7711 ) ;
#3444 = CARTESIAN_POINT ( 'NONE',  ( 0.000000000000000000, 66.90000000000000568, 0.000000000000000000 ) ) ;
#3445 = CARTESIAN_POINT ( 'NONE',  ( -38.00000000000000000, 30.00000000000000000, 0.000000000000000000 ) ) ;
#3446 = ORIENTED_EDGE ( 'NONE', *, *, #8504, .F. ) ;
#3447 = DIRECTION ( 'NONE',  ( 1.000000000000000000, 0.000000000000000000, 0.000000000000000000 ) ) ;
#3448 = PRODUCT_DEFINITION ( 'UNKNOWN', '', #2046, #6306 ) ;
#3449 = AXIS2_PLACEMENT_3D ( 'NONE', #7757, #1670, #7706 ) ;
#3450 = DIRECTION ( 'NONE',  ( -0.000000000000000000, -1.396592535537253342E-14, 1.000000000000000000 ) ) ;
#3451 = LINE ( 'NONE', #8716, #5447 ) ;
#3452 = CARTESIAN_POINT ( 'NONE',  ( 39.87408514266326165, 45.70073188586938784, -9.000000000000008882 ) ) ;
#3453 = ORIENTED_EDGE ( 'NONE', *, *, #1247, .F. ) ;
#3454 = ORIENTED_EDGE ( 'NONE', *, *, #8555, .F. ) ;
#3455 = DIRECTION ( 'NONE',  ( -0.000000000000000000, -0.000000000000000000, 1.000000000000000000 ) ) ;
#3456 = CARTESIAN_POINT ( 'NONE',  ( -36.00000000000000000, 44.00000000000118661, -299.5000000000001137 ) ) ;
#3457 = EDGE_LOOP ( 'NONE', ( #181, #1405 ) ) ;
#3458 = CARTESIAN_POINT ( 'NONE',  ( -27.00000000000000000, 2.063650406237442070E-12, -349.5000000000006821 ) ) ;
#3459 = AXIS2_PLACEMENT_3D ( 'NONE', #4197, #1969, #3507 ) ;
#3460 = CIRCLE ( 'NONE', #2988, 80.00000000000000000 ) ;
#3461 = ORIENTED_EDGE ( 'NONE', *, *, #4745, .T. ) ;
#3462 =( GEOMETRIC_REPRESENTATION_CONTEXT ( 3 ) GLOBAL_UNCERTAINTY_ASSIGNED_CONTEXT ( ( #7183 ) ) GLOBAL_UNIT_ASSIGNED_CONTEXT ( ( #4514, #6196, #805 ) ) REPRESENTATION_CONTEXT ( 'NONE', 'WORKASPACE' ) );
#3463 = DIRECTION ( 'NONE',  ( -1.000000000000000000, 0.000000000000000000, 0.000000000000000000 ) ) ;
#3464 = CARTESIAN_POINT ( 'NONE',  ( 9.432861401720080252, 6.559513766411035895, -36.81721293740434220 ) ) ;
#3465 = DIRECTION ( 'NONE',  ( 0.000000000000000000, -1.000000000000000000, 0.000000000000000000 ) ) ;
#3466 = EDGE_CURVE ( 'NONE', #6613, #4078, #635, .T. ) ;
#3467 = ORIENTED_EDGE ( 'NONE', *, *, #6906, .T. ) ;
#3468 = EDGE_CURVE ( 'NONE', #6049, #8791, #2992, .T. ) ;
#3469 = DIRECTION ( 'NONE',  ( -0.000000000000000000, -0.000000000000000000, -1.000000000000000000 ) ) ;
#3470 = CARTESIAN_POINT ( 'NONE',  ( -40.69420296662805470, 18.85096335803781997, -12.28680423883747430 ) ) ;
#3471 = CARTESIAN_POINT ( 'NONE',  ( 35.92084013153765909, 2.742645516829498753, -9.186626416931215289 ) ) ;
#3472 = ORIENTED_EDGE ( 'NONE', *, *, #7548, .T. ) ;
#3473 = CARTESIAN_POINT ( 'NONE',  ( -42.49999999999999289, 6.755772121541173014, -15.00000000000000178 ) ) ;
#3474 = CARTESIAN_POINT ( 'NONE',  ( -29.63209163394804690, -32.52597647107772616, 319.0000000000000000 ) ) ;
#3475 = CARTESIAN_POINT ( 'NONE',  ( -23.27861538330040503, 30.00000000000000000, 9.169995171090720376 ) ) ;
#3476 = EDGE_CURVE ( 'NONE', #5809, #7631, #9474, .T. ) ;
#3477 = CARTESIAN_POINT ( 'NONE',  ( 0.000000000000000000, 27.00000000000000000, -42.50099999999999767 ) ) ;
#3478 = CARTESIAN_POINT ( 'NONE',  ( -45.11680347406103664, 41.50655722075119769, 3.021713879154013682 ) ) ;
#3479 = DIRECTION ( 'NONE',  ( 1.826024711554533667E-16, 4.720141315418149384E-32, 1.000000000000000000 ) ) ;
#3480 = ORIENTED_EDGE ( 'NONE', *, *, #5597, .F. ) ;
#3481 = CARTESIAN_POINT ( 'NONE',  ( 12.41735934017155429, 37.87880267092562292, 40.64710294296850179 ) ) ;
#3482 = DIRECTION ( 'NONE',  ( -0.000000000000000000, -0.000000000000000000, -1.000000000000000000 ) ) ;
#3483 = CARTESIAN_POINT ( 'NONE',  ( -28.61817604250836666, 85.00000000000000000, -25.00000000000000000 ) ) ;
#3484 = ORIENTED_EDGE ( 'NONE', *, *, #4109, .T. ) ;
#3485 = FACE_OUTER_BOUND ( 'NONE', #6901, .T. ) ;
#3486 = ORIENTED_EDGE ( 'NONE', *, *, #253, .T. ) ;
#3487 = ORIENTED_EDGE ( 'NONE', *, *, #4196, .T. ) ;
#3488 = DIRECTION ( 'NONE',  ( 0.000000000000000000, 1.000000000000000000, 1.110223024626007879E-14 ) ) ;
#3489 = CARTESIAN_POINT ( 'NONE',  ( -8.000000000000000000, 56.13861379461851442, -9.000000000000000000 ) ) ;
#3490 = ADVANCED_FACE ( 'NONE', ( #1419 ), #1318, .T. ) ;
#3491 = ORIENTED_EDGE ( 'NONE', *, *, #9147, .F. ) ;
#3492 = EDGE_CURVE ( 'NONE', #3967, #9678, #3162, .T. ) ;
#3493 = CARTESIAN_POINT ( 'NONE',  ( -35.61464024155680619, 5.426187063174173986, -11.98701582130419929 ) ) ;
#3494 = DIRECTION ( 'NONE',  ( -1.000000000000000000, 0.000000000000000000, 0.000000000000000000 ) ) ;
#3495 = DIRECTION ( 'NONE',  ( 0.000000000000000000, 0.000000000000000000, -1.000000000000000000 ) ) ;
#3496 = CARTESIAN_POINT ( 'NONE',  ( -20.45058203821459486, 17.58939700331778866, -32.02949739939421647 ) ) ;
#3497 = ORIENTED_EDGE ( 'NONE', *, *, #9483, .T. ) ;
#3498 = ORIENTED_EDGE ( 'NONE', *, *, #2832, .T. ) ;
#3499 = CARTESIAN_POINT ( 'NONE',  ( -35.99999999993861621, 1.369582187388484140, 9.198662110057540531 ) ) ;
#3500 = EDGE_CURVE ( 'NONE', #2857, #6226, #8983, .T. ) ;
#3501 = CYLINDRICAL_SURFACE ( 'NONE', #3955, 27.00000000000000000 ) ;
#3502 = ORIENTED_EDGE ( 'NONE', *, *, #6690, .F. ) ;
#3503 = EDGE_CURVE ( 'NONE', #2254, #8690, #3754, .T. ) ;
#3504 = CYLINDRICAL_SURFACE ( 'NONE', #8011, 36.00000000000000000 ) ;
#3505 = LINE ( 'NONE', #9535, #2589 ) ;
#3506 = CARTESIAN_POINT ( 'NONE',  ( 0.000000000000000000, 2.667491742876158377E-12, -392.5000000000006821 ) ) ;
#3507 = DIRECTION ( 'NONE',  ( 1.000000000000000000, 0.000000000000000000, 0.000000000000000000 ) ) ;
#3508 = VECTOR ( 'NONE', #8710, 1000.000000000000000 ) ;
#3509 = DIRECTION ( 'NONE',  ( -0.000000000000000000, 1.000000000000000000, 0.000000000000000000 ) ) ;
#3510 = CARTESIAN_POINT ( 'NONE',  ( -14.27632069282960003, 35.29025087619631762, 40.03137188269004554 ) ) ;
#3511 = PRODUCT_DEFINITION_SHAPE ( 'NONE', 'NONE',  #9777 ) ;
#3512 = EDGE_LOOP ( 'NONE', ( #7774, #3518, #7691, #3486, #3950 ) ) ;
#3513 = VECTOR ( 'NONE', #9453, 1000.000000000000000 ) ;
#3514 = LINE ( 'NONE', #6483, #1038 ) ;
#3515 = EDGE_CURVE ( 'NONE', #2301, #6165, #8949, .T. ) ;
#3516 = CARTESIAN_POINT ( 'NONE',  ( 39.00000000000000000, 44.00000000000000000, 10.49999999999999467 ) ) ;
#3517 =( NAMED_UNIT ( * ) SI_UNIT ( $, .STERADIAN. ) SOLID_ANGLE_UNIT ( ) );
#3518 = ORIENTED_EDGE ( 'NONE', *, *, #1334, .T. ) ;
#3519 = CARTESIAN_POINT ( 'NONE',  ( 0.000000000000000000, 44.00000000000000000, -71.50000000000001421 ) ) ;
#3520 = TOROIDAL_SURFACE ( 'NONE', #9041, 39.00000000000000000, 3.000000000000000000 ) ;
#3521 = DIRECTION ( 'NONE',  ( 0.6589683176850037460, -1.542221379027926534E-16, -0.7521706962434763222 ) ) ;
#3522 = LINE ( 'NONE', #6541, #3513 ) ;
#3523 = CIRCLE ( 'NONE', #1308, 2.999999999999999112 ) ;
#3524 = CARTESIAN_POINT ( 'NONE',  ( -44.67208619510553547, 41.86233104391559579, -3.687280321797230975 ) ) ;
#3525 = LINE ( 'NONE', #606, #1026 ) ;
#3526 = ORIENTED_EDGE ( 'NONE', *, *, #8681, .F. ) ;
#3527 = CARTESIAN_POINT ( 'NONE',  ( 0.000000000000000000, 44.00000000000365930, -463.5000000000000568 ) ) ;
#3528 = AXIS2_PLACEMENT_3D ( 'NONE', #4361, #556, #2232 ) ;
#3529 = DIRECTION ( 'NONE',  ( 0.000000000000000000, -1.396592535537253342E-14, 1.000000000000000000 ) ) ;
#3530 = MECHANICAL_DESIGN_GEOMETRIC_PRESENTATION_REPRESENTATION (  '', ( #4791 ), #9693 ) ;
#3531 = ADVANCED_FACE ( 'NONE', ( #4730 ), #7598, .T. ) ;
#3532 = AXIS2_PLACEMENT_3D ( 'NONE', #8889, #9691, #2919 ) ;
#3533 = ADVANCED_FACE ( 'NONE', ( #8483 ), #6808, .T. ) ;
#3534 = CARTESIAN_POINT ( 'NONE',  ( 64.56989347527186851, -3.230592380279007081, -106.5000000000003411 ) ) ;
#3535 = VERTEX_POINT ( 'NONE', #921 ) ;
#3536 = B_SPLINE_CURVE_WITH_KNOTS ( 'NONE', 3,
 ( #1423, #7447, #5929, #9084, #6810, #8191, #679, #6022, #3704, #6717, #2964, #4480, #8987, #2214, #2257, #5226, #7499, #6766, #8238, #729, #9030, #8287, #1518, #4532, #3806, #3056 ),
 .UNSPECIFIED., .F., .F.,
 ( 4, 2, 2, 2, 2, 2, 2, 2, 2, 2, 2, 2, 4 ),
 ( 0.07814217580750100478, 0.08139921505768160648, 0.08302773468277191427, 0.08465625430786220817, 0.08628477393295251596, 0.08791329355804280987, 0.09117033280822341157, 0.09279885243331370548, 0.09442737205840398551, 0.09768441130858457333, 0.09931293093367485336, 0.1009414505587651473, 0.1041984898089457212 ),
 .UNSPECIFIED. ) ;
#3537 = FACE_OUTER_BOUND ( 'NONE', #6980, .T. ) ;
#3538 = ORIENTED_EDGE ( 'NONE', *, *, #8485, .T. ) ;
#3539 = ORIENTED_EDGE ( 'NONE', *, *, #335, .T. ) ;
#3540 = CARTESIAN_POINT ( 'NONE',  ( 0.000000000000000000, 88.00000000000014211, -167.4999999999997158 ) ) ;
#3541 = DIRECTION ( 'NONE',  ( -0.000000000000000000, -1.000000000000000000, -0.000000000000000000 ) ) ;
#3542 = ORIENTED_EDGE ( 'NONE', *, *, #5763, .T. ) ;
#3543 = CIRCLE ( 'NONE', #1946, 14.89999999999994884 ) ;
#3544 = VECTOR ( 'NONE', #3159, 1000.000000000000000 ) ;
#3545 =( LENGTH_UNIT ( ) NAMED_UNIT ( * ) SI_UNIT ( .MILLI., .METRE. ) );
#3546 = CARTESIAN_POINT ( 'NONE',  ( 0.000000000000000000, 82.00000000000000000, -16.89999999999999858 ) ) ;
#3547 = DIRECTION ( 'NONE',  ( 1.000000000000000000, 0.000000000000000000, 0.000000000000000000 ) ) ;
#3548 = EDGE_CURVE ( 'NONE', #9615, #9678, #6951, .T. ) ;
#3549 = CARTESIAN_POINT ( 'NONE',  ( 28.61817604250837022, 7.228669348221286484, 25.00000000000000355 ) ) ;
#3550 = AXIS2_PLACEMENT_3D ( 'NONE', #1364, #2005, #7343 ) ;
#3551 = CARTESIAN_POINT ( 'NONE',  ( 34.51751045525497119, 98.22455240934127119, -167.4999999999996589 ) ) ;
#3552 = ORIENTED_EDGE ( 'NONE', *, *, #7063, .F. ) ;
#3553 = ORIENTED_EDGE ( 'NONE', *, *, #575, .T. ) ;
#3554 = DIRECTION ( 'NONE',  ( 0.000000000000000000, 0.000000000000000000, 1.000000000000000000 ) ) ;
#3555 = DIRECTION ( 'NONE',  ( 0.000000000000000000, 6.982962677686266711E-15, -1.000000000000000000 ) ) ;
#3556 = VERTEX_POINT ( 'NONE', #3050 ) ;
#3557 = DIRECTION ( 'NONE',  ( 0.000000000000000000, 1.396592535537253342E-14, -1.000000000000000000 ) ) ;
#3558 = CARTESIAN_POINT ( 'NONE',  ( -38.75000000000000711, 0.000000000000000000, -8.968695557326046952 ) ) ;
#3559 = DIRECTION ( 'NONE',  ( 1.000000000000000000, 0.000000000000000000, 0.000000000000000000 ) ) ;
#3560 = ADVANCED_FACE ( 'NONE', ( #3106 ), #9081, .F. ) ;
#3561 = AXIS2_PLACEMENT_3D ( 'NONE', #1538, #3179, #4753 ) ;
#3562 = CARTESIAN_POINT ( 'NONE',  ( 0.000000000000000000, 82.69999999999998863, -42.49999999999999289 ) ) ;
#3563 = DIRECTION ( 'NONE',  ( 0.000000000000000000, -6.982962677686266711E-15, 1.000000000000000000 ) ) ;
#3564 = CARTESIAN_POINT ( 'NONE',  ( 21.89679716251412600, 21.77163283793133886, -31.05742650485359846 ) ) ;
#3565 = FACE_OUTER_BOUND ( 'NONE', #2955, .T. ) ;
#3566 = VECTOR ( 'NONE', #6610, 1000.000000000000000 ) ;
#3567 = CIRCLE ( 'NONE', #4656, 27.00000000000000000 ) ;
#3568 = ORIENTED_EDGE ( 'NONE', *, *, #1317, .F. ) ;
#3569 = DIRECTION ( 'NONE',  ( 0.000000000000000000, 1.000000000000000000, -0.000000000000000000 ) ) ;
#3570 = COLOUR_RGB ( '',0.7921568627450980005, 0.8196078431372548767, 0.9333333333333333481 ) ;
#3571 = DIRECTION ( 'NONE',  ( 1.000000000000000000, 0.000000000000000000, 0.000000000000000000 ) ) ;
#3572 = ORIENTED_EDGE ( 'NONE', *, *, #2319, .F. ) ;
#3573 = CARTESIAN_POINT ( 'NONE',  ( 0.000000000000000000, 85.00000000000000000, 0.000000000000000000 ) ) ;
#3574 = DIRECTION ( 'NONE',  ( -0.4591533221562327793, 3.368729201418691949E-17, 0.8883570378811072032 ) ) ;
#3575 = FACE_OUTER_BOUND ( 'NONE', #3107, .T. ) ;
#3576 = CARTESIAN_POINT ( 'NONE',  ( -43.53092048269584780, 40.40830120010440396, -7.197001578662016286 ) ) ;
#3577 = FACE_OUTER_BOUND ( 'NONE', #4574, .T. ) ;
#3578 = B_SPLINE_CURVE_WITH_KNOTS ( 'NONE', 3,
 ( #1301, #2050, #4321, #566, #3587, #8861, #2093, #2145, #5158, #4418, #7431, #3884, #4658, #9117, #10, #5358 ),
 .UNSPECIFIED., .F., .F.,
 ( 4, 2, 2, 2, 2, 2, 2, 4 ),
 ( 4.906538933386797396E-18, 0.002744704184498282691, 0.004117056276747424470, 0.005489408368996565382, 0.006861760461245705427, 0.007547936507370275015, 0.008234112553494847206, 0.01097881673799312729 ),
 .UNSPECIFIED. ) ;
#3579 = VERTEX_POINT ( 'NONE', #1565 ) ;
#3580 = CARTESIAN_POINT ( 'NONE',  ( 0.000000000000000000, 0.000000000000000000, 0.000000000000000000 ) ) ;
#3581 = TOROIDAL_SURFACE ( 'NONE', #9102, 39.00000000000000000, 3.000000000000000000 ) ;
#3582 = CARTESIAN_POINT ( 'NONE',  ( -18.49218940641788578, 50.00000000000000000, 8.999999999999996447 ) ) ;
#3583 = DIRECTION ( 'NONE',  ( -0.2840153447039201473, 0.9588197348681938292, 6.695402423213638926E-15 ) ) ;
#3584 = CYLINDRICAL_SURFACE ( 'NONE', #3712, 8.000000000000000000 ) ;
#3585 = VERTEX_POINT ( 'NONE', #2357 ) ;
#3586 = ORIENTED_EDGE ( 'NONE', *, *, #3363, .T. ) ;
#3587 = CARTESIAN_POINT ( 'NONE',  ( 36.00586460578344372, 13.29063381526359322, -22.58157404334720653 ) ) ;
#3588 = CYLINDRICAL_SURFACE ( 'NONE', #7619, 16.89999999999999858 ) ;
#3589 = ORIENTED_EDGE ( 'NONE', *, *, #4700, .T. ) ;
#3590 = AXIS2_PLACEMENT_3D ( 'NONE', #9685, #9085, #5327 ) ;
#3591 = DIRECTION ( 'NONE',  ( 1.000000000000000000, 0.000000000000000000, 0.000000000000000000 ) ) ;
#3592 = EDGE_CURVE ( 'NONE', #8693, #7631, #1516, .T. ) ;
#3593 = FACE_OUTER_BOUND ( 'NONE', #766, .T. ) ;
#3594 = CARTESIAN_POINT ( 'NONE',  ( 35.38612840771855161, 6.760952852633393739, -11.99999999927688421 ) ) ;
#3595 = DIRECTION ( 'NONE',  ( 0.000000000000000000, -6.982962677686266711E-15, 1.000000000000000000 ) ) ;
#3596 = VECTOR ( 'NONE', #5433, 1000.000000000000000 ) ;
#3597 = CARTESIAN_POINT ( 'NONE',  ( -20.13507433638707056, 16.93224981590363853, -32.22954783913762355 ) ) ;
#3598 = EDGE_LOOP ( 'NONE', ( #6852, #3124, #8322, #866, #2223 ) ) ;
#3599 = ORIENTED_EDGE ( 'NONE', *, *, #3676, .F. ) ;
#3600 = PRODUCT_DEFINITION_SHAPE ( 'NONE', 'NONE',  #3448 ) ;
#3601 = CARTESIAN_POINT ( 'NONE',  ( -36.00000000000000000, -4.037601721303507114E-15, 11.95826074310139830 ) ) ;
#3602 = CARTESIAN_POINT ( 'NONE',  ( -42.49999999999999289, 15.41602615938556653, -20.00000000000000711 ) ) ;
#3603 = EDGE_CURVE ( 'NONE', #879, #8693, #8782, .T. ) ;
#3604 = ORIENTED_EDGE ( 'NONE', *, *, #5676, .F. ) ;
#3605 = DIRECTION ( 'NONE',  ( -0.000000000000000000, -6.982962677686266711E-15, 1.000000000000000000 ) ) ;
#3606 = EDGE_CURVE ( 'NONE', #2743, #4128, #426, .T. ) ;
#3607 = AXIS2_PLACEMENT_3D ( 'NONE', #32, #9240, #5281 ) ;
#3608 = DIRECTION ( 'NONE',  ( -2.584927402981196428E-16, 1.000000000000000000, 0.000000000000000000 ) ) ;
#3609 = SURFACE_STYLE_USAGE ( .BOTH. , #7353 ) ;
#3610 = AXIS2_PLACEMENT_3D ( 'NONE', #4728, #9132, #2302 ) ;
#3611 = FACE_OUTER_BOUND ( 'NONE', #5413, .T. ) ;
#3612 = DIRECTION ( 'NONE',  ( -1.000000000000000000, 0.000000000000000000, 0.000000000000000000 ) ) ;
#3613 = LINE ( 'NONE', #9646, #1786 ) ;
#3614 = EDGE_CURVE ( 'NONE', #1999, #8431, #1372, .T. ) ;
#3615 = EDGE_CURVE ( 'NONE', #7093, #8364, #4530, .T. ) ;
#3616 = VECTOR ( 'NONE', #9603, 1000.000000000000000 ) ;
#3617 = ORIENTED_EDGE ( 'NONE', *, *, #5584, .F. ) ;
#3618 = CARTESIAN_POINT ( 'NONE',  ( 0.000000000000000000, 71.09999999999999432, 0.000000000000000000 ) ) ;
#3619 = VECTOR ( 'NONE', #6526, 1000.000000000000000 ) ;
#3620 = FILL_AREA_STYLE ('',( #4300 ) ) ;
#3621 = EDGE_LOOP ( 'NONE', ( #8917, #3538, #3748, #9513 ) ) ;
#3622 = CARTESIAN_POINT ( 'NONE',  ( 18.49218940641787157, 60.00000000000001421, 0.000000000000000000 ) ) ;
#3623 = AXIS2_PLACEMENT_3D ( 'NONE', #831, #4742, #2369 ) ;
#3624 = DIRECTION ( 'NONE',  ( -3.449877742562086878E-15, 9.738210264057528234E-16, -0.9999999999999998890 ) ) ;
#3625 = CARTESIAN_POINT ( 'NONE',  ( -29.18878273068382967, 10.37557696029271526, -24.33246394046443584 ) ) ;
#3626 = EDGE_CURVE ( 'NONE', #386, #8893, #6170, .T. ) ;
#3627 = CARTESIAN_POINT ( 'NONE',  ( -43.53092048269408565, 40.40830120010439686, 7.197001578663771326 ) ) ;
#3628 = CARTESIAN_POINT ( 'NONE',  ( 0.000000000000000000, 82.69999999999998863, 0.000000000000000000 ) ) ;
#3629 = ORIENTED_EDGE ( 'NONE', *, *, #3263, .T. ) ;
#3630 = CARTESIAN_POINT ( 'NONE',  ( 0.000000000000000000, 4.299999999999999822, -39.50000000000000000 ) ) ;
#3631 = VECTOR ( 'NONE', #9680, 1000.000000000000000 ) ;
#3632 = DIRECTION ( 'NONE',  ( 0.000000000000000000, 0.000000000000000000, 1.000000000000000000 ) ) ;
#3633 = DIRECTION ( 'NONE',  ( 0.000000000000000000, 0.000000000000000000, 1.000000000000000000 ) ) ;
#3634 = CARTESIAN_POINT ( 'NONE',  ( -42.50123759763269504, 20.77632495553353209, 1.772773385880288766 ) ) ;
#3635 = DIRECTION ( 'NONE',  ( 1.000000000000000000, 0.000000000000000000, 0.000000000000000000 ) ) ;
#3636 = ORIENTED_EDGE ( 'NONE', *, *, #3979, .F. ) ;
#3637 = ORIENTED_EDGE ( 'NONE', *, *, #3990, .F. ) ;
#3638 = CARTESIAN_POINT ( 'NONE',  ( 38.89087296526010817, 5.109127034743539575, -463.5000000000006253 ) ) ;
#3639 = CARTESIAN_POINT ( 'NONE',  ( 0.3786736946810327353, 49.50000000000000000, 37.99999999999998579 ) ) ;
#3640 = ORIENTED_EDGE ( 'NONE', *, *, #2265, .T. ) ;
#3641 = LINE ( 'NONE', #6656, #1185 ) ;
#3642 = DIRECTION ( 'NONE',  ( 0.000000000000000000, 1.000000000000000000, 1.110223024626062942E-14 ) ) ;
#3643 = CARTESIAN_POINT ( 'NONE',  ( -14.00631098804096908, 18.26154504999716721, 40.12695610267450519 ) ) ;
#3644 = CARTESIAN_POINT ( 'NONE',  ( 38.00000000000000000, 8.774964387392142129, 8.999999999999985789 ) ) ;
#3645 = ORIENTED_EDGE ( 'NONE', *, *, #2767, .T. ) ;
#3646 = CARTESIAN_POINT ( 'NONE',  ( -16.94172369887436247, 12.12391262480886489, -34.03279380908907115 ) ) ;
#3647 = EDGE_LOOP ( 'NONE', ( #1909, #3442, #3740, #1686 ) ) ;
#3648 = EDGE_CURVE ( 'NONE', #219, #9610, #4216, .T. ) ;
#3649 = ADVANCED_FACE ( 'NONE', ( #6267 ), #773, .T. ) ;
#3650 = ORIENTED_EDGE ( 'NONE', *, *, #5667, .T. ) ;
#3651 = DIRECTION ( 'NONE',  ( 1.000000000000000000, 1.224646799147353207E-16, 8.551662891793917213E-31 ) ) ;
#3652 = CARTESIAN_POINT ( 'NONE',  ( -34.51751045525497119, -10.22455240933820697, -410.5000000000007958 ) ) ;
#3653 = ORIENTED_EDGE ( 'NONE', *, *, #8469, .T. ) ;
#3654 = CARTESIAN_POINT ( 'NONE',  ( 29.16285176210240948, 10.38167718183462007, -24.36467701155948262 ) ) ;
#3655 = CARTESIAN_POINT ( 'NONE',  ( 0.000000000000000000, 201.1999999999999886, -19.00000000000000000 ) ) ;
#3656 = DIRECTION ( 'NONE',  ( 0.000000000000000000, 0.000000000000000000, 1.000000000000000000 ) ) ;
#3657 = EDGE_CURVE ( 'NONE', #1343, #8269, #2486, .T. ) ;
#3658 = FACE_OUTER_BOUND ( 'NONE', #4584, .T. ) ;
#3659 = CARTESIAN_POINT ( 'NONE',  ( 36.71129967538723804, 19.55274977210658705, 9.851531076019190536 ) ) ;
#3660 = CARTESIAN_POINT ( 'NONE',  ( 27.00000000000000000, 2.066956952595139995E-12, -349.5000000000006821 ) ) ;
#3661 = CARTESIAN_POINT ( 'NONE',  ( 27.00000000000000000, 87.99999999999998579, -164.4999999999997158 ) ) ;
#3662 = EDGE_LOOP ( 'NONE', ( #2076, #4956, #4960, #5285, #7522, #3396, #3153, #9421, #2663, #8027, #8088, #1812, #9119, #1416, #7892, #1573 ) ) ;
#3663 = FACE_OUTER_BOUND ( 'NONE', #3298, .T. ) ;
#3664 = EDGE_CURVE ( 'NONE', #8557, #5329, #7699, .T. ) ;
#3665 = DIRECTION ( 'NONE',  ( -0.000000000000000000, 1.000000000000000000, 0.000000000000000000 ) ) ;
#3666 = VERTEX_POINT ( 'NONE', #5272 ) ;
#3667 = DIRECTION ( 'NONE',  ( 1.000000000000000000, 0.000000000000000000, 0.000000000000000000 ) ) ;
#3668 = CARTESIAN_POINT ( 'NONE',  ( -1.933403519648971280E-12, 210.6800011913959452, 319.0000000000000000 ) ) ;
#3669 = CARTESIAN_POINT ( 'NONE',  ( -38.89087296526011528, 5.109127034743343287, -448.5000000000006253 ) ) ;
#3670 = AXIS2_PLACEMENT_3D ( 'NONE', #8517, #1790, #3429 ) ;
#3671 = FACE_OUTER_BOUND ( 'NONE', #3217, .T. ) ;
#3672 = VERTEX_POINT ( 'NONE', #3804 ) ;
#3673 = DIRECTION ( 'NONE',  ( 0.000000000000000000, 1.396592535537253342E-14, -1.000000000000000000 ) ) ;
#3674 = PRODUCT_DEFINITION_SHAPE ( 'NONE', 'NONE',  #2417 ) ;
#3675 = DIRECTION ( 'NONE',  ( 0.000000000000000000, 0.000000000000000000, 1.000000000000000000 ) ) ;
#3676 = EDGE_CURVE ( 'NONE', #3139, #721, #2578, .T. ) ;
#3677 = DIRECTION ( 'NONE',  ( 0.000000000000000000, 1.000000000000000000, -0.000000000000000000 ) ) ;
#3678 = AXIS2_PLACEMENT_3D ( 'NONE', #6990, #4610, #1008 ) ;
#3679 = ADVANCED_FACE ( 'NONE', ( #5523 ), #8529, .T. ) ;
#3680 = AXIS2_PLACEMENT_3D ( 'NONE', #6796, #2339, #806 ) ;
#3681 = PLANE ( 'NONE',  #1936 ) ;
#3682 = ORIENTED_EDGE ( 'NONE', *, *, #4019, .T. ) ;
#3683 = B_SPLINE_CURVE_WITH_KNOTS ( 'NONE', 3,
 ( #6720, #7220, #9739, #7966, #447, #3470, #6484, #5980, #8992, #5228, #8240, #4486, #2411, #1667, #9088, #3634, #1521, #7552, #3961, #8291, #6958, #6025, #2311, #9033, #8339, #3061, #6175, #180, #1615, #2262 ),
 .UNSPECIFIED., .F., .F.,
 ( 4, 2, 2, 2, 2, 2, 2, 2, 2, 2, 2, 2, 2, 2, 4 ),
 ( 0.006800335373509409399, 0.01220366941806611157, 0.01490533644034446395, 0.01760700346262281807, 0.02301033750717951937, 0.02436117101831869469, 0.02571200452945786655, 0.02841367155173621720, 0.03381700559629292197, 0.03516783910743209035, 0.03651867261857126568, 0.03922033964084962326, 0.04462367368540632456, 0.04732534070768468215, 0.05002700772996304668 ),
 .UNSPECIFIED. ) ;
#3684 = ORIENTED_EDGE ( 'NONE', *, *, #5543, .F. ) ;
#3685 = DIRECTION ( 'NONE',  ( 0.000000000000000000, 1.000000000000000000, 1.396592535537253184E-14 ) ) ;
#3686 = CARTESIAN_POINT ( 'NONE',  ( 19.48600391787890018, 38.34154323973282175, 32.63663186727602294 ) ) ;
#3687 = ORIENTED_EDGE ( 'NONE', *, *, #7219, .T. ) ;
#3688 = CARTESIAN_POINT ( 'NONE',  ( -55.00000000000000000, 49.00000000000208900, -448.5000000000000000 ) ) ;
#3689 = TOROIDAL_SURFACE ( 'NONE', #682, 30.00000000000000000, 3.000000000000000000 ) ;
#3690 = FACE_OUTER_BOUND ( 'NONE', #9278, .T. ) ;
#3691 = VECTOR ( 'NONE', #3019, 1000.000000000000000 ) ;
#3692 = DIRECTION ( 'NONE',  ( -0.000000000000000000, -1.396592535537253342E-14, 1.000000000000000000 ) ) ;
#3693 = CYLINDRICAL_SURFACE ( 'NONE', #1505, 39.50000000000000000 ) ;
#3694 = ORIENTED_EDGE ( 'NONE', *, *, #1948, .F. ) ;
#3695 = PLANE ( 'NONE',  #3550 ) ;
#3696 = VERTEX_POINT ( 'NONE', #7794 ) ;
#3697 = VERTEX_POINT ( 'NONE', #1017 ) ;
#3698 = CIRCLE ( 'NONE', #9218, 36.00000000000000000 ) ;
#3699 = CARTESIAN_POINT ( 'NONE',  ( -35.37782300511301514, 6.796919414597892839, 9.080507977798774277 ) ) ;
#3700 = VECTOR ( 'NONE', #9340, 1000.000000000000000 ) ;
#3701 = CARTESIAN_POINT ( 'NONE',  ( 33.49999999999999289, 50.80000000000001847, 8.999999999999982236 ) ) ;
#3702 = VERTEX_POINT ( 'NONE', #7054 ) ;
#3703 = CARTESIAN_POINT ( 'NONE',  ( 32.08864635371470797, 15.20863889184843742, -20.35920528421719311 ) ) ;
#3704 = CARTESIAN_POINT ( 'NONE',  ( 14.78966089248396010, 34.33537375018881477, -39.84457279818365549 ) ) ;
#3705 = AXIS2_PLACEMENT_3D ( 'NONE', #5328, #2466, #3015 ) ;
#3706 = CARTESIAN_POINT ( 'NONE',  ( 0.000000000000000000, 78.50000000000000000, 39.50000000000000000 ) ) ;
#3707 = VECTOR ( 'NONE', #4873, 1000.000000000000000 ) ;
#3708 = CARTESIAN_POINT ( 'NONE',  ( 1.530215702305311121, 49.46066488992973831, -37.97667206539377105 ) ) ;
#3709 = LINE ( 'NONE', #2218, #6750 ) ;
#3710 = CARTESIAN_POINT ( 'NONE',  ( 64.56989347527186851, 91.23059238027872198, -68.50000000000000000 ) ) ;
#3711 = DIRECTION ( 'NONE',  ( -1.826024711554533667E-16, -4.720141315418149384E-32, -1.000000000000000000 ) ) ;
#3712 = AXIS2_PLACEMENT_3D ( 'NONE', #508, #6452, #8910 ) ;
#3713 = CARTESIAN_POINT ( 'NONE',  ( 4.776122516674677878E-15, 5.000000000000254019, -182.5000000000003126 ) ) ;
#3714 = EDGE_CURVE ( 'NONE', #1550, #4114, #271, .T. ) ;
#3715 = EDGE_CURVE ( 'NONE', #568, #2485, #6429, .T. ) ;
#3716 = ORIENTED_EDGE ( 'NONE', *, *, #154, .T. ) ;
#3717 = CIRCLE ( 'NONE', #7338, 35.99999999999999289 ) ;
#3718 = PLANE ( 'NONE',  #6423 ) ;
#3719 = CARTESIAN_POINT ( 'NONE',  ( -37.99999999999997158, -95.70788891204318816, 0.000000000000000000 ) ) ;
#3720 = VERTEX_POINT ( 'NONE', #3562 ) ;
#3721 = CARTESIAN_POINT ( 'NONE',  ( 0.000000000000000000, 83.00000000000341061, -445.4999999999994884 ) ) ;
#3722 = DIRECTION ( 'NONE',  ( -1.000000000000000000, 2.775557561562891351E-16, -7.771561172376048451E-16 ) ) ;
#3723 = DIRECTION ( 'NONE',  ( 0.000000000000000000, 1.000000000000000000, 6.982962677686265922E-15 ) ) ;
#3724 = AXIS2_PLACEMENT_3D ( 'NONE', #3409, #6425, #5026 ) ;
#3725 = AXIS2_PLACEMENT_3D ( 'NONE', #8433, #4052, #128 ) ;
#3726 = DIRECTION ( 'NONE',  ( 0.000000000000000000, 6.982962677686266711E-15, -1.000000000000000000 ) ) ;
#3727 = ADVANCED_FACE ( 'NONE', ( #3658 ), #1213, .F. ) ;
#3728 = EDGE_CURVE ( 'NONE', #2882, #9557, #6625, .T. ) ;
#3729 = ORIENTED_EDGE ( 'NONE', *, *, #5956, .F. ) ;
#3730 = LINE ( 'NONE', #3630, #4790 ) ;
#3731 = FACE_OUTER_BOUND ( 'NONE', #2629, .T. ) ;
#3732 = AXIS2_PLACEMENT_3D ( 'NONE', #808, #3142, #3834 ) ;
#3733 = CIRCLE ( 'NONE', #1982, 26.99999999999999645 ) ;
#3734 = CARTESIAN_POINT ( 'NONE',  ( 16.00000000000000000, 44.00000000000000000, 48.50000000000000000 ) ) ;
#3735 = CARTESIAN_POINT ( 'NONE',  ( 37.30624711280323424, 15.20628250642433699, 20.36328666349393757 ) ) ;
#3736 = EDGE_LOOP ( 'NONE', ( #9234, #8425, #8524, #379 ) ) ;
#3737 = VERTEX_POINT ( 'NONE', #2820 ) ;
#3738 = CARTESIAN_POINT ( 'NONE',  ( -64.56989347527186851, -3.230592380278479503, -182.5000000000003695 ) ) ;
#3739 = CARTESIAN_POINT ( 'NONE',  ( 14.91181263207341878, 43.86438509253294882, 34.95707670965762048 ) ) ;
#3740 = ORIENTED_EDGE ( 'NONE', *, *, #4844, .F. ) ;
#3741 = CYLINDRICAL_SURFACE ( 'NONE', #1666, 80.00000000000000000 ) ;
#3742 = CIRCLE ( 'NONE', #4363, 3.000000000000002665 ) ;
#3743 = ADVANCED_FACE ( 'NONE', ( #5029 ), #3761, .T. ) ;
#3744 = EDGE_CURVE ( 'NONE', #3338, #9566, #3709, .T. ) ;
#3745 = DIRECTION ( 'NONE',  ( -1.826024711554533667E-16, -4.720141315418149384E-32, -1.000000000000000000 ) ) ;
#3746 = CARTESIAN_POINT ( 'NONE',  ( -35.61183127810998172, 5.447521708497828463, -9.128065913155841926 ) ) ;
#3747 = CARTESIAN_POINT ( 'NONE',  ( 38.89087296526010817, 5.109127034743329077, -448.5000000000006253 ) ) ;
#3748 = ORIENTED_EDGE ( 'NONE', *, *, #4145, .T. ) ;
#3749 = CARTESIAN_POINT ( 'NONE',  ( 4.592425496802575156E-15, 80.00000000000048317, -217.4999999999998010 ) ) ;
#3750 = VERTEX_POINT ( 'NONE', #7504 ) ;
#3751 = CIRCLE ( 'NONE', #6719, 39.00000000000000000 ) ;
#3752 = ORIENTED_EDGE ( 'NONE', *, *, #7995, .F. ) ;
#3753 = LINE ( 'NONE', #1513, #1230 ) ;
#3754 = LINE ( 'NONE', #6761, #899 ) ;
#3755 = ORIENTED_EDGE ( 'NONE', *, *, #6424, .F. ) ;
#3756 = DIRECTION ( 'NONE',  ( -0.000000000000000000, -1.396592535537253342E-14, 1.000000000000000000 ) ) ;
#3757 = CARTESIAN_POINT ( 'NONE',  ( -27.00000000000000000, 1.373088835407637272E-16, 19.00000000000000000 ) ) ;
#3758 = AXIS2_PLACEMENT_3D ( 'NONE', #9740, #2019, #8241 ) ;
#3759 = CARTESIAN_POINT ( 'NONE',  ( -16.28257379302051078, 24.27575950442604125, -39.25737078236809197 ) ) ;
#3760 = LINE ( 'NONE', #7654, #59 ) ;
#3761 = CYLINDRICAL_SURFACE ( 'NONE', #1527, 27.00000000000000000 ) ;
#3762 = CARTESIAN_POINT ( 'NONE',  ( 32.31098884280702066, 15.41602615938555942, 20.00000000000000355 ) ) ;
#3763 = DIRECTION ( 'NONE',  ( 0.000000000000000000, -1.396592535537253342E-14, 1.000000000000000000 ) ) ;
#3764 = AXIS2_PLACEMENT_3D ( 'NONE', #7759, #4636, #6230 ) ;
#3765 = DIRECTION ( 'NONE',  ( 0.000000000000000000, -1.000000000000000000, 0.000000000000000000 ) ) ;
#3766 = ORIENTED_EDGE ( 'NONE', *, *, #2898, .T. ) ;
#3767 = ADVANCED_BREP_SHAPE_REPRESENTATION ( '', ( #9044, #3150 ), #4106 ) ;
#3768 = CARTESIAN_POINT ( 'NONE',  ( -22.50000000000000355, 27.00000000000000000, 42.50099999999999767 ) ) ;
#3769 = CARTESIAN_POINT ( 'NONE',  ( -16.93750815351077676, 41.88042172874938274, 34.03477046245542681 ) ) ;
#3770 = ORIENTED_EDGE ( 'NONE', *, *, #5051, .F. ) ;
#3771 = EDGE_CURVE ( 'NONE', #9246, #2, #8480, .T. ) ;
#3772 = EDGE_CURVE ( 'NONE', #2893, #7222, #8052, .T. ) ;
#3773 = DIRECTION ( 'NONE',  ( 0.000000000000000000, 1.396592535537253342E-14, -1.000000000000000000 ) ) ;
#3774 = APPLICATION_PROTOCOL_DEFINITION ( 'draft international standard', 'automotive_design', 1998, #3825 ) ;
#3775 = CARTESIAN_POINT ( 'NONE',  ( -31.86628220507389031, 15.00123142162941292, -20.71844556050584174 ) ) ;
#3776 = CARTESIAN_POINT ( 'NONE',  ( 5.204748896376249319E-15, 0.000000000000000000, 42.49999999999999289 ) ) ;
#3777 = ORIENTED_EDGE ( 'NONE', *, *, #8856, .F. ) ;
#3778 = DIRECTION ( 'NONE',  ( -1.000000000000000000, 0.000000000000000000, 0.000000000000000000 ) ) ;
#3779 = AXIS2_PLACEMENT_3D ( 'NONE', #146, #6329, #293 ) ;
#3780 = CARTESIAN_POINT ( 'NONE',  ( -16.53687776098878004, 185.9428156621834205, 9.000000000000000000 ) ) ;
#3781 = DIRECTION ( 'NONE',  ( 0.000000000000000000, -1.396592535537253342E-14, 1.000000000000000000 ) ) ;
#3782 = AXIS2_PLACEMENT_3D ( 'NONE', #8054, #7308, #785 ) ;
#3783 = B_SPLINE_CURVE_WITH_KNOTS ( 'NONE', 3,
 ( #9752, #3775, #2131, #6783, #9051, #6090, #8953, #2277, #5198, #3625, #6039, #3076, #5294, #4406, #8306, #7571 ),
 .UNSPECIFIED., .F., .F.,
 ( 4, 2, 2, 2, 2, 2, 2, 4 ),
 ( 0.000000000000000000, 0.002786729081989911330, 0.004180093622984866995, 0.005573458163979822660, 0.006966822704974778326, 0.008360187245969733991, 0.009753551786964690523, 0.01114691632795964532 ),
 .UNSPECIFIED. ) ;
#3784 = CARTESIAN_POINT ( 'NONE',  ( 0.000000000000000000, 0.000000000000000000, 0.000000000000000000 ) ) ;
#3785 = EDGE_LOOP ( 'NONE', ( #8319, #8368, #3903, #4005, #3568 ) ) ;
#3786 = EDGE_CURVE ( 'NONE', #357, #7790, #2067, .T. ) ;
#3787 = ORIENTED_EDGE ( 'NONE', *, *, #3077, .F. ) ;
#3788 = VECTOR ( 'NONE', #758, 1000.000000000000000 ) ;
#3789 = CARTESIAN_POINT ( 'NONE',  ( -39.87408514266326875, 45.70073188586938784, -5.999999999999998224 ) ) ;
#3790 = VERTEX_POINT ( 'NONE', #5076 ) ;
#3791 = CARTESIAN_POINT ( 'NONE',  ( 0.000000000000000000, 44.00000000000000000, 48.50000000000000000 ) ) ;
#3792 = AXIS2_PLACEMENT_3D ( 'NONE', #4394, #1525, #1476 ) ;
#3793 = DIRECTION ( 'NONE',  ( -1.000000000000000000, 8.208661603793403104E-49, 1.826024711554533913E-16 ) ) ;
#3794 = CARTESIAN_POINT ( 'NONE',  ( -16.50000000000000355, 27.00000000000000355, 39.16631205513227343 ) ) ;
#3795 = CIRCLE ( 'NONE', #149, 39.50000000000000000 ) ;
#3796 = CARTESIAN_POINT ( 'NONE',  ( 20.44820645917506141, 17.58422541711736287, 32.03101669184349021 ) ) ;
#3797 = ORIENTED_EDGE ( 'NONE', *, *, #4151, .T. ) ;
#3798 = CARTESIAN_POINT ( 'NONE',  ( -3.759516986745828238, 4.803822882651732407, -37.82070528986688629 ) ) ;
#3799 = ORIENTED_EDGE ( 'NONE', *, *, #3193, .T. ) ;
#3800 = ADVANCED_FACE ( 'NONE', ( #2915 ), #5229, .T. ) ;
#3801 = ORIENTED_EDGE ( 'NONE', *, *, #5401, .F. ) ;
#3802 = PRESENTATION_STYLE_ASSIGNMENT (( #7545 ) ) ;
#3803 = EDGE_CURVE ( 'NONE', #904, #629, #5062, .T. ) ;
#3804 = CARTESIAN_POINT ( 'NONE',  ( -38.00000000000000000, 0.000000000000000000, -4.499999999999998224 ) ) ;
#3805 = EDGE_LOOP ( 'NONE', ( #846, #2698, #5770, #173 ) ) ;
#3806 = CARTESIAN_POINT ( 'NONE',  ( 1.102064926656754373, 43.50000000000002132, -42.50000000000000000 ) ) ;
#3807 = DIRECTION ( 'NONE',  ( -1.000000000000000000, 0.000000000000000000, 0.000000000000000000 ) ) ;
#3808 = CARTESIAN_POINT ( 'NONE',  ( 41.44457245099265208, 44.44434203920587123, 5.843836059109907666 ) ) ;
#3809 = EDGE_CURVE ( 'NONE', #629, #2192, #6355, .T. ) ;
#3810 = CARTESIAN_POINT ( 'NONE',  ( 0.000000000000000000, 44.00000000000000000, 125.5000000000000000 ) ) ;
#3811 = EDGE_CURVE ( 'NONE', #5567, #7222, #2004, .T. ) ;
#3812 = CARTESIAN_POINT ( 'NONE',  ( 36.96688160980075111, 19.79455021543953208, -8.976003120565678728 ) ) ;
#3813 = DIRECTION ( 'NONE',  ( -0.000000000000000000, -0.000000000000000000, 1.000000000000000000 ) ) ;
#3814 = DIRECTION ( 'NONE',  ( 0.000000000000000000, -1.000000000000000000, -6.938893903907228378E-15 ) ) ;
#3815 = EDGE_LOOP ( 'NONE', ( #9460, #3085, #480, #2246 ) ) ;
#3816 = DIRECTION ( 'NONE',  ( -0.000000000000000000, -1.000000000000000000, -0.000000000000000000 ) ) ;
#3817 = CARTESIAN_POINT ( 'NONE',  ( -5.207783158335347551, 48.90178664695218913, 37.64868776383052307 ) ) ;
#3818 = ORIENTED_EDGE ( 'NONE', *, *, #6630, .T. ) ;
#3819 = LINE ( 'NONE', #697, #5187 ) ;
#3820 = APPLICATION_PROTOCOL_DEFINITION ( 'draft international standard', 'automotive_design', 1998, #9115 ) ;
#3821 = FACE_OUTER_BOUND ( 'NONE', #3002, .T. ) ;
#3822 = CARTESIAN_POINT ( 'NONE',  ( -34.72809071374956602, 9.888260814319199454, -24.49934854543380780 ) ) ;
#3823 = EDGE_LOOP ( 'NONE', ( #8606, #5386 ) ) ;
#3824 = DIRECTION ( 'NONE',  ( 0.000000000000000000, -1.396592535537253342E-14, 1.000000000000000000 ) ) ;
#3825 = APPLICATION_CONTEXT ( 'automotive_design' ) ;
#3826 = EDGE_CURVE ( 'NONE', #7791, #3250, #4483, .T. ) ;
#3827 = DIRECTION ( 'NONE',  ( -0.000000000000000000, 0.000000000000000000, 1.000000000000000000 ) ) ;
#3828 = DIRECTION ( 'NONE',  ( -1.826024711554533667E-16, -4.720141315418149384E-32, -1.000000000000000000 ) ) ;
#3829 = CARTESIAN_POINT ( 'NONE',  ( 37.11354958857254616, 14.97467977947021289, 20.71189309187001015 ) ) ;
#3830 = VERTEX_POINT ( 'NONE', #8194 ) ;
#3831 = ORIENTED_EDGE ( 'NONE', *, *, #5401, .T. ) ;
#3832 = CARTESIAN_POINT ( 'NONE',  ( 21.70360051738857976, 32.94508323506839531, 31.19241244432413396 ) ) ;
#3833 = VERTEX_POINT ( 'NONE', #6767 ) ;
#3834 = DIRECTION ( 'NONE',  ( 1.000000000000000000, 0.000000000000000000, 0.000000000000000000 ) ) ;
#3835 = ORIENTED_EDGE ( 'NONE', *, *, #8025, .T. ) ;
#3836 = CARTESIAN_POINT ( 'NONE',  ( 0.000000000000000000, 59.50000000000000000, 39.50000000000000000 ) ) ;
#3837 = EDGE_CURVE ( 'NONE', #9022, #4848, #5002, .T. ) ;
#3838 = EDGE_CURVE ( 'NONE', #105, #3171, #8625, .T. ) ;
#3839 = CARTESIAN_POINT ( 'NONE',  ( -35.38612840771843793, 6.760952852633831611, -11.99999999927687000 ) ) ;
#3840 = AXIS2_PLACEMENT_3D ( 'NONE', #2785, #5698, #4212 ) ;
#3841 = UNCERTAINTY_MEASURE_WITH_UNIT (LENGTH_MEASURE( 1.000000000000000082E-05 ), #8558, 'distance_accuracy_value', 'NONE');
#3842 = CARTESIAN_POINT ( 'NONE',  ( 21.27041318281721871, 19.62600003662989678, 31.49033543365960242 ) ) ;
#3843 = VERTEX_POINT ( 'NONE', #3057 ) ;
#3844 = CARTESIAN_POINT ( 'NONE',  ( -13.18529994678513972, 8.753953953154651302, -35.64476687551680811 ) ) ;
#3845 = ORIENTED_EDGE ( 'NONE', *, *, #8015, .F. ) ;
#3846 = ORIENTED_EDGE ( 'NONE', *, *, #896, .T. ) ;
#3847 = CARTESIAN_POINT ( 'NONE',  ( 33.07375552197755297, 170.6856313243669092, 9.000000000000000000 ) ) ;
#3848 = ORIENTED_EDGE ( 'NONE', *, *, #2811, .T. ) ;
#3849 = VECTOR ( 'NONE', #6657, 1000.000000000000000 ) ;
#3850 = AXIS2_PLACEMENT_3D ( 'NONE', #391, #5731, #7164 ) ;
#3851 = FACE_BOUND ( 'NONE', #954, .T. ) ;
#3852 = EDGE_CURVE ( 'NONE', #1104, #2441, #5161, .T. ) ;
#3853 = CARTESIAN_POINT ( 'NONE',  ( -38.89087296526011528, 5.109127034743552898, -463.5000000000006253 ) ) ;
#3854 = ADVANCED_FACE ( 'NONE', ( #7602 ), #7532, .F. ) ;
#3855 = VECTOR ( 'NONE', #3946, 1000.000000000000000 ) ;
#3856 = CIRCLE ( 'NONE', #843, 36.00000000000000000 ) ;
#3857 = CARTESIAN_POINT ( 'NONE',  ( 45.86407749709616155, 39.16395079242285249, 4.532570818732118312 ) ) ;
#3858 = VERTEX_POINT ( 'NONE', #5227 ) ;
#3859 = CARTESIAN_POINT ( 'NONE',  ( -16.89999999999999858, 201.1999999999999886, 19.00000000000000000 ) ) ;
#3860 = CARTESIAN_POINT ( 'NONE',  ( 22.48353060487813693, 30.00000000000000000, -9.407652717443333756 ) ) ;
#3861 = DIRECTION ( 'NONE',  ( 8.881784197001254296E-16, 1.000000000000000000, 6.167905692361981744E-15 ) ) ;
#3862 = CARTESIAN_POINT ( 'NONE',  ( -38.89087296526010817, 87.89087296526348325, -448.4999999999994316 ) ) ;
#3863 = AXIS2_PLACEMENT_3D ( 'NONE', #52, #7475, #4414 ) ;
#3864 = AXIS2_PLACEMENT_3D ( 'NONE', #3655, #7601, #9684 ) ;
#3865 = EDGE_CURVE ( 'NONE', #6694, #3282, #9747, .T. ) ;
#3866 = EDGE_CURVE ( 'NONE', #4848, #6062, #7500, .T. ) ;
#3867 = EDGE_LOOP ( 'NONE', ( #756, #1355, #3848, #2401, #4836 ) ) ;
#3868 = DIRECTION ( 'NONE',  ( 0.000000000000000000, 0.000000000000000000, 1.000000000000000000 ) ) ;
#3869 = CIRCLE ( 'NONE', #9390, 4.999999999998637534 ) ;
#3870 = FACE_OUTER_BOUND ( 'NONE', #9665, .T. ) ;
#3871 = ORIENTED_EDGE ( 'NONE', *, *, #8028, .F. ) ;
#3872 = CARTESIAN_POINT ( 'NONE',  ( 13.11262432606374340, 16.92791383103782366, -40.43145666576286601 ) ) ;
#3873 = APPLICATION_PROTOCOL_DEFINITION ( 'draft international standard', 'automotive_design', 1998, #5528 ) ;
#3874 = CARTESIAN_POINT ( 'NONE',  ( 0.000000000000000000, 2.918878399272864281E-12, -410.5000000000006821 ) ) ;
#3875 = SHAPE_REPRESENTATION ( 'connecting rod cap', ( #3150 ), #7563 ) ;
#3876 = CARTESIAN_POINT ( 'NONE',  ( -34.83320650664426665, 10.31019330857832195, -24.34966300051285515 ) ) ;
#3877 = ORIENTED_EDGE ( 'NONE', *, *, #3422, .T. ) ;
#3878 = CARTESIAN_POINT ( 'NONE',  ( 15.43398607242491849, 21.14052018645319109, 39.59913776858823553 ) ) ;
#3879 = LINE ( 'NONE', #9009, #6535 ) ;
#3880 = CARTESIAN_POINT ( 'NONE',  ( 36.54387243975110522, 14.19071077861744890, 21.70066375831244443 ) ) ;
#3881 = ORIENTED_EDGE ( 'NONE', *, *, #1317, .T. ) ;
#3882 = CIRCLE ( 'NONE', #2124, 36.00000000000000711 ) ;
#3883 = ORIENTED_EDGE ( 'NONE', *, *, #5679, .T. ) ;
#3884 = CARTESIAN_POINT ( 'NONE',  ( 34.72977256839794791, 9.895578596590388187, -24.49696747395734775 ) ) ;
#3885 = CARTESIAN_POINT ( 'NONE',  ( 0.000000000000000000, 88.00000000000065370, -238.4999999999997726 ) ) ;
#3886 = VERTEX_POINT ( 'NONE', #1468 ) ;
#3887 = CARTESIAN_POINT ( 'NONE',  ( 0.000000000000000000, 0.000000000000000000, -53.50000000000000000 ) ) ;
#3888 = EDGE_LOOP ( 'NONE', ( #4708, #3682, #186, #4822 ) ) ;
#3889 = CARTESIAN_POINT ( 'NONE',  ( -24.91987158875423347, 30.00000000000000000, 9.000000000000005329 ) ) ;
#3890 = AXIS2_PLACEMENT_3D ( 'NONE', #6701, #7384, #3591 ) ;
#3891 = AXIS2_PLACEMENT_3D ( 'NONE', #6305, #9320, #1799 ) ;
#3892 = LINE ( 'NONE', #9222, #3405 ) ;
#3893 = CARTESIAN_POINT ( 'NONE',  ( 36.00000000000000000, 4.408728476930470856E-15, -11.95826074310141252 ) ) ;
#3894 = ORIENTED_EDGE ( 'NONE', *, *, #6628, .F. ) ;
#3895 = CARTESIAN_POINT ( 'NONE',  ( -36.18439834249960541, 13.60861493643323961, 22.29490734873242985 ) ) ;
#3896 = ORIENTED_EDGE ( 'NONE', *, *, #2097, .F. ) ;
#3897 = ORIENTED_EDGE ( 'NONE', *, *, #4613, .F. ) ;
#3898 = VERTEX_POINT ( 'NONE', #9138 ) ;
#3899 = AXIS2_PLACEMENT_3D ( 'NONE', #6105, #9121, #7738 ) ;
#3900 = ADVANCED_FACE ( 'NONE', ( #4390 ), #7402, .T. ) ;
#3901 = TOROIDAL_SURFACE ( 'NONE', #5780, 19.00000000000000000, 3.000000000000000000 ) ;
#3902 = DIRECTION ( 'NONE',  ( 1.000000000000000000, 0.000000000000000000, 0.000000000000000000 ) ) ;
#3903 = ORIENTED_EDGE ( 'NONE', *, *, #4566, .F. ) ;
#3904 = CARTESIAN_POINT ( 'NONE',  ( 0.000000000000000000, 44.00000000000051870, -220.5000000000000568 ) ) ;
#3905 = CARTESIAN_POINT ( 'NONE',  ( 0.000000000000000000, 44.00000000000129319, -331.5000000000000568 ) ) ;
#3906 = VECTOR ( 'NONE', #7562, 1000.000000000000114 ) ;
#3907 = CARTESIAN_POINT ( 'NONE',  ( 40.85852819082708720, 44.91317744733699158, 8.764354722066448389 ) ) ;
#3908 = ORIENTED_EDGE ( 'NONE', *, *, #6841, .T. ) ;
#3909 = CARTESIAN_POINT ( 'NONE',  ( 35.07692307692307310, 8.099967126823520047, 11.99999999999998579 ) ) ;
#3910 = CARTESIAN_POINT ( 'NONE',  ( -23.27861538330040858, 30.00000000000000355, -9.169995171090722152 ) ) ;
#3911 = EDGE_CURVE ( 'NONE', #4618, #3967, #8338, .T. ) ;
#3912 = CARTESIAN_POINT ( 'NONE',  ( -24.73913988196212799, 57.80868809443030898, -9.000000000000001776 ) ) ;
#3913 = LINE ( 'NONE', #9245, #7067 ) ;
#3914 = AXIS2_PLACEMENT_3D ( 'NONE', #3905, #2553, #3306 ) ;
#3915 = VERTEX_POINT ( 'NONE', #1614 ) ;
#3916 = DIRECTION ( 'NONE',  ( 1.000000000000000000, -0.000000000000000000, 0.000000000000000000 ) ) ;
#3917 = CIRCLE ( 'NONE', #908, 4.999999999995917932 ) ;
#3918 = LINE ( 'NONE', #2568, #129 ) ;
#3919 = ORIENTED_EDGE ( 'NONE', *, *, #8300, .F. ) ;
#3920 = EDGE_CURVE ( 'NONE', #8604, #2871, #4373, .T. ) ;
#3921 = CARTESIAN_POINT ( 'NONE',  ( 16.28258634942025651, 24.27587606746488902, -39.25736541015150038 ) ) ;
#3922 = EDGE_CURVE ( 'NONE', #4093, #1826, #6270, .T. ) ;
#3923 = FACE_OUTER_BOUND ( 'NONE', #4287, .T. ) ;
#3924 = FACE_OUTER_BOUND ( 'NONE', #9569, .T. ) ;
#3925 = VECTOR ( 'NONE', #4858, 1000.000000000000000 ) ;
#3926 = EDGE_LOOP ( 'NONE', ( #7888, #4225, #1382, #8679 ) ) ;
#3927 = CARTESIAN_POINT ( 'NONE',  ( 38.25142132890805158, 7.323256995510633693, -9.000000000000023093 ) ) ;
#3928 = PLANE ( 'NONE',  #7010 ) ;
#3929 = CARTESIAN_POINT ( 'NONE',  ( 0.000000000000000000, 88.00000000000014211, -167.4999999999997158 ) ) ;
#3930 = ORIENTED_EDGE ( 'NONE', *, *, #9040, .F. ) ;
#3931 = ADVANCED_FACE ( 'NONE', ( #6956 ), #875, .F. ) ;
#3932 =( BOUNDED_SURFACE ( )  B_SPLINE_SURFACE ( 3, 2, ( 
 ( #6961, #8342, #3909 ),
 ( #4585, #5383, #828 ),
 ( #6862, #8490, #7014 ),
 ( #81, #1720, #3114 ),
 ( #3963, #2367, #6127 ),
 ( #8438, #4687, #4006 ) ),
 .UNSPECIFIED., .F., .F., .T. ) 
 B_SPLINE_SURFACE_WITH_KNOTS ( ( 4, 2, 4 ),
 ( 3, 3 ),
 ( 0.000000000000000000, 0.004411853782887472167, 0.008823707565774944334 ),
 ( 0.000000000000000000, 1.000000000000000000 ),
 .UNSPECIFIED. ) 
 GEOMETRIC_REPRESENTATION_ITEM ( )  RATIONAL_B_SPLINE_SURFACE ( (
 ( 1.000000000000000000, 0.7071067811865476838, 1.000000000000000000),
 ( 1.000000000000000000, 0.7167217121882974995, 1.000000000000000000),
 ( 1.000000000000000000, 0.7239293624834131080, 1.000000000000000000),
 ( 1.000000000000000000, 0.7335575311262185760, 1.000000000000000000),
 ( 1.000000000000000000, 0.7359783963882950975, 1.000000000000000000),
 ( 1.000000000000000000, 0.7359800721939872004, 1.000000000000000000) ) ) 
 REPRESENTATION_ITEM ( '' )  SURFACE ( )  );
#3933 = EDGE_LOOP ( 'NONE', ( #7586, #3136, #2549, #7599 ) ) ;
#3934 = AXIS2_PLACEMENT_3D ( 'NONE', #4675, #919, #3201 ) ;
#3935 = EDGE_CURVE ( 'NONE', #7028, #2981, #8155, .T. ) ;
#3936 = LINE ( 'NONE', #9764, #3788 ) ;
#3937 = CARTESIAN_POINT ( 'NONE',  ( 22.34622667088837744, 30.02229222736757919, 30.73728037256082857 ) ) ;
#3938 = ORIENTED_EDGE ( 'NONE', *, *, #2810, .T. ) ;
#3939 = DIRECTION ( 'NONE',  ( -0.000000000000000000, -0.000000000000000000, 1.000000000000000000 ) ) ;
#3940 = AXIS2_PLACEMENT_3D ( 'NONE', #8491, #6455, #8390 ) ;
#3941 = CARTESIAN_POINT ( 'NONE',  ( 0.000000000000000000, 88.00000000000105160, -296.4999999999997726 ) ) ;
#3942 = VERTEX_POINT ( 'NONE', #4096 ) ;
#3943 = PLANE ( 'NONE',  #7940 ) ;
#3944 = AXIS2_PLACEMENT_3D ( 'NONE', #3473, #1983, #3427 ) ;
#3945 = CARTESIAN_POINT ( 'NONE',  ( -21.16049240559657107, 32.41254911885545198, 9.000000000000001776 ) ) ;
#3946 = DIRECTION ( 'NONE',  ( -0.2840153447039201473, 0.9588197348681938292, 1.339080484642727785E-14 ) ) ;
#3947 = VERTEX_POINT ( 'NONE', #1022 ) ;
#3948 = CYLINDRICAL_SURFACE ( 'NONE', #5275, 22.50000000000000355 ) ;
#3949 = VERTEX_POINT ( 'NONE', #3347 ) ;
#3950 = ORIENTED_EDGE ( 'NONE', *, *, #2478, .T. ) ;
#3951 = FILL_AREA_STYLE ('',( #7596 ) ) ;
#3952 = CARTESIAN_POINT ( 'NONE',  ( 42.04246384666693359, 20.28854475724027040, -6.235652389971031440 ) ) ;
#3953 = CARTESIAN_POINT ( 'NONE',  ( 35.61464024155680619, 5.426187063174173986, 11.98701582130418686 ) ) ;
#3954 = ORIENTED_EDGE ( 'NONE', *, *, #9539, .T. ) ;
#3955 = AXIS2_PLACEMENT_3D ( 'NONE', #1815, #6369, #381 ) ;
#3956 = CARTESIAN_POINT ( 'NONE',  ( 18.49218940641787157, 50.00000000000000711, -6.000000000000008882 ) ) ;
#3957 = CARTESIAN_POINT ( 'NONE',  ( -15.96179403722242718, 22.68190857845459618, -39.38939719507317250 ) ) ;
#3958 = CARTESIAN_POINT ( 'NONE',  ( 0.000000000000000000, 2.108854728661257444E-12, -352.5000000000006821 ) ) ;
#3959 = ADVANCED_FACE ( 'NONE', ( #7009 ), #187, .F. ) ;
#3960 = CIRCLE ( 'NONE', #2679, 4.999999999998637534 ) ;
#3961 = CARTESIAN_POINT ( 'NONE',  ( -42.04246384666693359, 20.28854475724026329, 6.235652389971034104 ) ) ;
#3962 = ORIENTED_EDGE ( 'NONE', *, *, #6604, .T. ) ;
#3963 = CARTESIAN_POINT ( 'NONE',  ( 38.74999999995905142, 1.474284678808437166, 8.968695557329459334 ) ) ;
#3964 = CARTESIAN_POINT ( 'NONE',  ( 10.60459098999964489, 169.5080723089007506, 9.000000000000000000 ) ) ;
#3965 = DIRECTION ( 'NONE',  ( -0.000000000000000000, -0.000000000000000000, -1.000000000000000000 ) ) ;
#3966 = DIRECTION ( 'NONE',  ( 0.000000000000000000, 0.000000000000000000, 1.000000000000000000 ) ) ;
#3967 = VERTEX_POINT ( 'NONE', #4683 ) ;
#3968 = EDGE_CURVE ( 'NONE', #8269, #5451, #9561, .T. ) ;
#3969 = LINE ( 'NONE', #2374, #4841 ) ;
#3970 = CARTESIAN_POINT ( 'NONE',  ( 0.000000000000000000, 27.00000000000000000, -42.50099999999999767 ) ) ;
#3971 = ORIENTED_EDGE ( 'NONE', *, *, #212, .T. ) ;
#3972 = CARTESIAN_POINT ( 'NONE',  ( 16.47320238607356657, 25.91086637153857097, -39.17763522991609904 ) ) ;
#3973 = CONTEXT_DEPENDENT_SHAPE_REPRESENTATION ( #4504, #3511 ) ;
#3974 = DIRECTION ( 'NONE',  ( -0.000000000000000000, -1.396592535537253342E-14, 1.000000000000000000 ) ) ;
#3975 = DIRECTION ( 'NONE',  ( -1.000000000000000000, -2.584927402981196921E-16, 0.000000000000000000 ) ) ;
#3976 = EDGE_LOOP ( 'NONE', ( #5641, #7179 ) ) ;
#3977 = ADVANCED_FACE ( 'NONE', ( #326 ), #9090, .T. ) ;
#3978 = CARTESIAN_POINT ( 'NONE',  ( 13.40451043491672500, 17.36371931073523456, 40.33198589645373744 ) ) ;
#3979 = EDGE_CURVE ( 'NONE', #8328, #8739, #393, .T. ) ;
#3980 = CARTESIAN_POINT ( 'NONE',  ( -32.31098884280702066, 15.41602615938556475, -20.00000000000000711 ) ) ;
#3981 = CARTESIAN_POINT ( 'NONE',  ( 37.50000000000000000, 15.41602615938556120, -20.00000000000000000 ) ) ;
#3982 = ORIENTED_EDGE ( 'NONE', *, *, #7049, .T. ) ;
#3983 = ORIENTED_EDGE ( 'NONE', *, *, #6736, .T. ) ;
#3984 = LINE ( 'NONE', #9166, #2888 ) ;
#3985 = DIRECTION ( 'NONE',  ( 0.000000000000000000, -1.000000000000000000, -1.387778780781445676E-14 ) ) ;
#3986 = DIRECTION ( 'NONE',  ( 0.000000000000000000, -1.000000000000000000, 0.000000000000000000 ) ) ;
#3987 = LINE ( 'NONE', #4608, #8764 ) ;
#3988 = EDGE_LOOP ( 'NONE', ( #3787, #6738, #2973, #5374, #6838, #6545 ) ) ;
#3989 = DIRECTION ( 'NONE',  ( 0.000000000000000000, 1.000000000000000000, 1.110223024625831648E-14 ) ) ;
#3990 = EDGE_CURVE ( 'NONE', #4739, #2328, #1975, .T. ) ;
#3991 = CARTESIAN_POINT ( 'NONE',  ( 38.00000000000000000, 30.00000000000000000, -1.396097351027982582E-14 ) ) ;
#3992 = FACE_BOUND ( 'NONE', #6274, .T. ) ;
#3993 = ORIENTED_EDGE ( 'NONE', *, *, #8569, .F. ) ;
#3994 = CARTESIAN_POINT ( 'NONE',  ( -34.68085474984253835, 9.678230334258225653, 24.56611411406794332 ) ) ;
#3995 = ORIENTED_EDGE ( 'NONE', *, *, #5093, .F. ) ;
#3996 = ORIENTED_EDGE ( 'NONE', *, *, #8792, .T. ) ;
#3997 = FACE_OUTER_BOUND ( 'NONE', #1132, .T. ) ;
#3998 = CARTESIAN_POINT ( 'NONE',  ( 42.50123759763269504, 20.77632495553354275, -1.772773385880288544 ) ) ;
#3999 = DIRECTION ( 'NONE',  ( 1.000000000000000000, 0.000000000000000000, 0.000000000000000000 ) ) ;
#4000 = EDGE_LOOP ( 'NONE', ( #8984, #8182, #5356, #6894 ) ) ;
#4001 = DIRECTION ( 'NONE',  ( 0.000000000000000000, 0.000000000000000000, 1.000000000000000000 ) ) ;
#4002 = PRODUCT_RELATED_PRODUCT_CATEGORY ( 'part', '', ( #8629 ) ) ;
#4003 = CARTESIAN_POINT ( 'NONE',  ( 35.92308074463215917, 2.716313340183027503, 11.96609650565748595 ) ) ;
#4004 = CARTESIAN_POINT ( 'NONE',  ( 44.36405582980320617, 42.10875533615486432, -6.537503357772814105 ) ) ;
#4005 = ORIENTED_EDGE ( 'NONE', *, *, #5524, .F. ) ;
#4006 = CARTESIAN_POINT ( 'NONE',  ( 36.00000000000000711, 2.566756699247257608E-15, 11.95826074310138409 ) ) ;
#4007 = AXIS2_PLACEMENT_3D ( 'NONE', #6103, #5255, #8967 ) ;
#4008 = CARTESIAN_POINT ( 'NONE',  ( 5.204749076441192260E-15, 43.50000000000000711, 42.49999999999999289 ) ) ;
#4009 = CARTESIAN_POINT ( 'NONE',  ( 38.00000000000000000, 0.000000000000000000, -1.396097351027982582E-14 ) ) ;
#4010 = AXIS2_PLACEMENT_3D ( 'NONE', #459, #3386, #7926 ) ;
#4011 = AXIS2_PLACEMENT_3D ( 'NONE', #7309, #1083, #7961 ) ;
#4012 = CARTESIAN_POINT ( 'NONE',  ( 0.000000000000000000, 66.90000000000000568, 39.50000000000000000 ) ) ;
#4014 = DIRECTION ( 'NONE',  ( 0.000000000000000000, -6.982962677686266711E-15, 1.000000000000000000 ) ) ;
#4013 =( REPRESENTATION_RELATIONSHIP ('NONE','NONE', #7863, #7910 ) REPRESENTATION_RELATIONSHIP_WITH_TRANSFORMATION ( #3026 )SHAPE_REPRESENTATION_RELATIONSHIP( ) );
#4015 = ORIENTED_EDGE ( 'NONE', *, *, #3803, .T. ) ;
#4016 = DIRECTION ( 'NONE',  ( 0.000000000000000000, 0.000000000000000000, -1.000000000000000000 ) ) ;
#4017 = VECTOR ( 'NONE', #3583, 1000.000000000000000 ) ;
#4018 = CIRCLE ( 'NONE', #1479, 39.00000000000000000 ) ;
#4019 = EDGE_CURVE ( 'NONE', #9615, #4618, #2139, .T. ) ;
#4020 = CYLINDRICAL_SURFACE ( 'NONE', #8723, 36.00000000000000000 ) ;
#4021 = EDGE_CURVE ( 'NONE', #1252, #7378, #1819, .T. ) ;
#4022 = CARTESIAN_POINT ( 'NONE',  ( 27.00000000000000000, 0.000000000000000000, -50.49999999999999289 ) ) ;
#4023 = EDGE_LOOP ( 'NONE', ( #774, #7100, #5219, #671, #7904, #7079, #5256, #4820, #4823, #627, #2439, #2838, #966, #423, #851, #6907 ) ) ;
#4024 = AXIS2_PLACEMENT_3D ( 'NONE', #7932, #7187, #1843 ) ;
#4025 = DIRECTION ( 'NONE',  ( 0.9743589743589743390, 0.2249990868562085078, 0.000000000000000000 ) ) ;
#4026 = AXIS2_PLACEMENT_3D ( 'NONE', #7435, #6702, #8970 ) ;
#4027 = DIRECTION ( 'NONE',  ( 0.000000000000000000, -1.000000000000000000, 0.000000000000000000 ) ) ;
#4028 = CARTESIAN_POINT ( 'NONE',  ( 64.56989347527186851, 91.23059238028058360, -334.4999999999994316 ) ) ;
#4029 = ORIENTED_EDGE ( 'NONE', *, *, #7272, .F. ) ;
#4030 = DIRECTION ( 'NONE',  ( 0.000000000000000000, 1.396592535537253342E-14, -1.000000000000000000 ) ) ;
#4031 = EDGE_CURVE ( 'NONE', #2328, #9517, #7753, .T. ) ;
#4032 = ORIENTED_EDGE ( 'NONE', *, *, #6803, .T. ) ;
#4033 = CARTESIAN_POINT ( 'NONE',  ( 0.000000000000000000, 80.00000000000000000, 0.000000000000000000 ) ) ;
#4034 = EDGE_CURVE ( 'NONE', #8471, #6015, #878, .T. ) ;
#4035 = CARTESIAN_POINT ( 'NONE',  ( -38.00000000000001421, 60.00000000000000000, -5.999999999999999112 ) ) ;
#4036 = ORIENTED_EDGE ( 'NONE', *, *, #5843, .T. ) ;
#4037 = CARTESIAN_POINT ( 'NONE',  ( 6.852373530966649362, 42.01949804977503078, 41.94696538980576150 ) ) ;
#4038 = CARTESIAN_POINT ( 'NONE',  ( -22.20545528505506283, 30.46964945632733546, 9.285893317973698657 ) ) ;
#4039 = VECTOR ( 'NONE', #5095, 1000.000000000000000 ) ;
#4040 = DIRECTION ( 'NONE',  ( 0.000000000000000000, -6.982962677686266711E-15, 1.000000000000000000 ) ) ;
#4041 = ORIENTED_EDGE ( 'NONE', *, *, #7385, .T. ) ;
#4042 = FACE_OUTER_BOUND ( 'NONE', #5657, .T. ) ;
#4043 = EDGE_LOOP ( 'NONE', ( #6100, #8340, #5235, #2646 ) ) ;
#4044 = ORIENTED_EDGE ( 'NONE', *, *, #7006, .T. ) ;
#4045 = DIRECTION ( 'NONE',  ( 1.000000000000000000, 1.224646799147353207E-16, 1.710332578358783443E-30 ) ) ;
#4046 = EDGE_CURVE ( 'NONE', #5498, #6114, #1854, .T. ) ;
#4047 = DIRECTION ( 'NONE',  ( -0.9588197348681938292, -0.2840153447039201473, 0.000000000000000000 ) ) ;
#4048 = ORIENTED_EDGE ( 'NONE', *, *, #6433, .T. ) ;
#4049 = EDGE_CURVE ( 'NONE', #3790, #868, #6399, .T. ) ;
#4050 = AXIS2_PLACEMENT_3D ( 'NONE', #3245, #6258, #7044 ) ;
#4051 = FACE_OUTER_BOUND ( 'NONE', #3341, .T. ) ;
#4052 = DIRECTION ( 'NONE',  ( -1.826024711554533667E-16, -4.720141315418149384E-32, -1.000000000000000000 ) ) ;
#4053 = AXIS2_PLACEMENT_3D ( 'NONE', #959, #112, #6939 ) ;
#4054 = CARTESIAN_POINT ( 'NONE',  ( 41.83809966381804202, 44.12952026894625135, -8.355948907049551622 ) ) ;
#4055 = CIRCLE ( 'NONE', #7511, 3.000000000000001332 ) ;
#4056 = ORIENTED_EDGE ( 'NONE', *, *, #7854, .F. ) ;
#4057 = DIRECTION ( 'NONE',  ( 1.000000000000000000, -0.000000000000000000, 0.000000000000000000 ) ) ;
#4058 = ADVANCED_FACE ( 'NONE', ( #4874 ), #3400, .F. ) ;
#4059 = FACE_OUTER_BOUND ( 'NONE', #2776, .T. ) ;
#4060 = VERTEX_POINT ( 'NONE', #8675 ) ;
#4061 = DIRECTION ( 'NONE',  ( 0.000000000000000000, 0.000000000000000000, 1.000000000000000000 ) ) ;
#4062 = CARTESIAN_POINT ( 'NONE',  ( 37.99999999999999289, 43.35812545754032499, 8.999999999999985789 ) ) ;
#4063 = FACE_BOUND ( 'NONE', #4284, .T. ) ;
#4064 = CARTESIAN_POINT ( 'NONE',  ( 64.56989347527186851, -3.230592380278214382, -220.5000000000003979 ) ) ;
#4065 = AXIS2_PLACEMENT_3D ( 'NONE', #1757, #4047, #3301 ) ;
#4066 = CONTEXT_DEPENDENT_SHAPE_REPRESENTATION ( #6849, #5082 ) ;
#4067 = CARTESIAN_POINT ( 'NONE',  ( -30.00000000000000000, 3.673940397442059178E-15, -10.50000000000000178 ) ) ;
#4068 = CARTESIAN_POINT ( 'NONE',  ( 28.61817604250836666, 6.755772121541173014, -25.00000000000000000 ) ) ;
#4069 = ORIENTED_EDGE ( 'NONE', *, *, #7152, .F. ) ;
#4070 = TOROIDAL_SURFACE ( 'NONE', #5489, 39.00000000000000000, 3.000000000000000000 ) ;
#4071 = DIRECTION ( 'NONE',  ( 0.000000000000000000, 1.000000000000000000, 0.000000000000000000 ) ) ;
#4072 = ADVANCED_FACE ( 'NONE', ( #1111 ), #6410, .F. ) ;
#4073 = CARTESIAN_POINT ( 'NONE',  ( -33.17726692718950687, 16.22403656522747184, 18.60048492403744902 ) ) ;
#4074 = DIRECTION ( 'NONE',  ( 0.2840153447039201473, 0.9588197348681938292, 1.339080484642727785E-14 ) ) ;
#4075 = ORIENTED_EDGE ( 'NONE', *, *, #4031, .F. ) ;
#4076 =( NAMED_UNIT ( * ) SI_UNIT ( $, .STERADIAN. ) SOLID_ANGLE_UNIT ( ) );
#4077 = FACE_OUTER_BOUND ( 'NONE', #6051, .T. ) ;
#4078 = VERTEX_POINT ( 'NONE', #574 ) ;
#4079 = AXIS2_PLACEMENT_3D ( 'NONE', #6227, #7606, #4740 ) ;
#4080 = CARTESIAN_POINT ( 'NONE',  ( 0.000000000000000000, 27.00000000000000000, -19.00000000000000000 ) ) ;
#4081 = DIRECTION ( 'NONE',  ( 0.000000000000000000, 1.000000000000000000, 0.000000000000000000 ) ) ;
#4082 = ORIENTED_EDGE ( 'NONE', *, *, #9570, .T. ) ;
#4083 = DIRECTION ( 'NONE',  ( -0.000000000000000000, -1.396592535537253342E-14, 1.000000000000000000 ) ) ;
#4084 = DIRECTION ( 'NONE',  ( -1.000000000000000000, 0.000000000000000000, 0.000000000000000000 ) ) ;
#4085 = EDGE_CURVE ( 'NONE', #7980, #7222, #9248, .T. ) ;
#4086 = CARTESIAN_POINT ( 'NONE',  ( 39.00000000000000000, 44.00000000000000000, 7.499999999999998224 ) ) ;
#4087 = EDGE_LOOP ( 'NONE', ( #2388, #6802 ) ) ;
#4088 = TOROIDAL_SURFACE ( 'NONE', #1075, 39.00000000000000000, 3.000000000000000000 ) ;
#4089 = CARTESIAN_POINT ( 'NONE',  ( -34.89292859012117276, 10.52749002328275552, 24.26406658245679182 ) ) ;
#4090 = ORIENTED_EDGE ( 'NONE', *, *, #681, .T. ) ;
#4091 = VERTEX_POINT ( 'NONE', #6562 ) ;
#4092 = CARTESIAN_POINT ( 'NONE',  ( 39.26646291270543543, 17.32113956773167729, -16.28229584021919507 ) ) ;
#4093 = VERTEX_POINT ( 'NONE', #2705 ) ;
#4094 = CIRCLE ( 'NONE', #6769, 4.499999999999998224 ) ;
#4095 = DIRECTION ( 'NONE',  ( 1.000000000000000000, 0.000000000000000000, 0.000000000000000000 ) ) ;
#4096 = CARTESIAN_POINT ( 'NONE',  ( -35.07692307692307310, 8.099967126823484520, -12.00000000000000000 ) ) ;
#4097 = AXIS2_PLACEMENT_3D ( 'NONE', #3444, #6653, #8760 ) ;
#4098 = ADVANCED_FACE ( 'NONE', ( #7991 ), #2657, .F. ) ;
#4099 = CARTESIAN_POINT ( 'NONE',  ( 45.63820559004900446, 41.08943552796324639, -4.922906327653118197 ) ) ;
#4100 = ORIENTED_EDGE ( 'NONE', *, *, #1019, .T. ) ;
#4101 = EDGE_LOOP ( 'NONE', ( #7021, #8526, #6941, #9418 ) ) ;
#4102 = CARTESIAN_POINT ( 'NONE',  ( 36.00000000000000000, 44.00000000000000711, 45.50000000000000000 ) ) ;
#4103 = DIRECTION ( 'NONE',  ( 0.9588197348681938292, -0.2840153447039201473, -3.966537103915348291E-15 ) ) ;
#4104 = EDGE_LOOP ( 'NONE', ( #3284, #4323, #3629, #3846 ) ) ;
#4105 = LINE ( 'NONE', #7255, #6592 ) ;
#4106 =( GEOMETRIC_REPRESENTATION_CONTEXT ( 3 ) GLOBAL_UNCERTAINTY_ASSIGNED_CONTEXT ( ( #5610 ) ) GLOBAL_UNIT_ASSIGNED_CONTEXT ( ( #7124, #4162, #4076 ) ) REPRESENTATION_CONTEXT ( 'NONE', 'WORKASPACE' ) );
#4107 = AXIS2_PLACEMENT_3D ( 'NONE', #3354, #1116, #7153 ) ;
#4108 = ADVANCED_FACE ( 'NONE', ( #7290 ), #1199, .F. ) ;
#4109 = EDGE_CURVE ( 'NONE', #2399, #4124, #8624, .T. ) ;
#4110 = ORIENTED_EDGE ( 'NONE', *, *, #6364, .T. ) ;
#4111 = CARTESIAN_POINT ( 'NONE',  ( -6.123233995737287522E-15, -6.000000000000420997, -463.5000000000007958 ) ) ;
#4112 = DIRECTION ( 'NONE',  ( -0.000000000000000000, -1.396592535537253342E-14, 1.000000000000000000 ) ) ;
#4113 = CARTESIAN_POINT ( 'NONE',  ( 0.000000000000000000, 0.000000000000000000, -12.00000000000000000 ) ) ;
#4114 = VERTEX_POINT ( 'NONE', #6609 ) ;
#4115 = DIRECTION ( 'NONE',  ( 0.000000000000000000, 0.000000000000000000, 1.000000000000000000 ) ) ;
#4116 = CARTESIAN_POINT ( 'NONE',  ( -37.21871564217248363, 20.03353598779737510, -7.679067262416124251 ) ) ;
#4117 = CARTESIAN_POINT ( 'NONE',  ( 38.25123110766364931, 7.324355332767257032, -9.000000000000014211 ) ) ;
#4118 = ORIENTED_EDGE ( 'NONE', *, *, #8593, .F. ) ;
#4119 = DIRECTION ( 'NONE',  ( 0.000000000000000000, -1.000000000000000000, -6.982962677686266711E-15 ) ) ;
#4120 = CARTESIAN_POINT ( 'NONE',  ( 0.000000000000000000, 44.00000000000049738, -217.5000000000000568 ) ) ;
#4121 = LINE ( 'NONE', #7083, #8636 ) ;
#4122 = CARTESIAN_POINT ( 'NONE',  ( 64.56989347527186851, -3.230592380279007081, -106.5000000000003411 ) ) ;
#4123 = EDGE_CURVE ( 'NONE', #8117, #1147, #4190, .T. ) ;
#4124 = VERTEX_POINT ( 'NONE', #6508 ) ;
#4125 = DIRECTION ( 'NONE',  ( 0.000000000000000000, 1.000000000000000000, 1.387778780781445676E-14 ) ) ;
#4126 = DIRECTION ( 'NONE',  ( 0.000000000000000000, 0.000000000000000000, 1.000000000000000000 ) ) ;
#4127 = DIRECTION ( 'NONE',  ( 1.000000000000000000, 0.000000000000000000, 0.000000000000000000 ) ) ;
#4128 = VERTEX_POINT ( 'NONE', #7197 ) ;
#4129 = DIRECTION ( 'NONE',  ( -0.2840153447039201473, -0.9588197348681938292, -0.000000000000000000 ) ) ;
#4130 = ORIENTED_EDGE ( 'NONE', *, *, #4964, .F. ) ;
#4131 = ORIENTED_EDGE ( 'NONE', *, *, #9198, .T. ) ;
#4132 = FACE_BOUND ( 'NONE', #7424, .T. ) ;
#4133 = DIRECTION ( 'NONE',  ( -1.224646799147353454E-16, 1.000000000000000000, 0.000000000000000000 ) ) ;
#4134 = ORIENTED_EDGE ( 'NONE', *, *, #1058, .T. ) ;
#4135 = ADVANCED_FACE ( 'NONE', ( #9522 ), #2752, .T. ) ;
#4136 = ADVANCED_FACE ( 'NONE', ( #8868 ), #8276, .F. ) ;
#4137 = CARTESIAN_POINT ( 'NONE',  ( -64.56989347527186851, -3.230592380278102027, -235.5000000000003979 ) ) ;
#4138 = CARTESIAN_POINT ( 'NONE',  ( -1.788814910032575099E-16, 49.50000000000000000, -38.00000000000000000 ) ) ;
#4139 = ORIENTED_EDGE ( 'NONE', *, *, #6513, .T. ) ;
#4140 = EDGE_LOOP ( 'NONE', ( #3896, #4825, #206, #171 ) ) ;
#4141 = CARTESIAN_POINT ( 'NONE',  ( -34.51751045525497119, -10.22455240933841480, -395.5000000000008527 ) ) ;
#4142 = ORIENTED_EDGE ( 'NONE', *, *, #8638, .F. ) ;
#4143 = DIRECTION ( 'NONE',  ( -0.000000000000000000, 0.000000000000000000, 1.000000000000000000 ) ) ;
#4144 = CLOSED_SHELL ( 'NONE', ( #9472, #5199, #6670, #3235, #8867, #5037 ) ) ;
#4145 = EDGE_CURVE ( 'NONE', #7934, #760, #5164, .T. ) ;
#4146 = ORIENTED_EDGE ( 'NONE', *, *, #9761, .F. ) ;
#4147 = AXIS2_PLACEMENT_3D ( 'NONE', #8019, #4261, #6491 ) ;
#4148 = CARTESIAN_POINT ( 'NONE',  ( -42.50000000000000000, 43.60000000000000142, 0.000000000000000000 ) ) ;
#4149 = DIRECTION ( 'NONE',  ( 0.000000000000000000, 0.000000000000000000, 1.000000000000000000 ) ) ;
#4150 = DIRECTION ( 'NONE',  ( 0.000000000000000000, 6.982962677686266711E-15, -1.000000000000000000 ) ) ;
#4151 = EDGE_CURVE ( 'NONE', #1699, #4172, #2338, .T. ) ;
#4152 = CIRCLE ( 'NONE', #4628, 8.000000000000000000 ) ;
#4153 = EDGE_CURVE ( 'NONE', #9042, #4542, #5917, .T. ) ;
#4154 = VECTOR ( 'NONE', #3465, 1000.000000000000000 ) ;
#4155 = VERTEX_POINT ( 'NONE', #6799 ) ;
#4156 = FACE_OUTER_BOUND ( 'NONE', #9727, .T. ) ;
#4157 = DIRECTION ( 'NONE',  ( 0.000000000000000000, -6.982962677686266711E-15, 1.000000000000000000 ) ) ;
#4158 = CIRCLE ( 'NONE', #5902, 39.00000000000000711 ) ;
#4159 = CARTESIAN_POINT ( 'NONE',  ( 36.00000000000000000, 2.583210267832175496E-15, -9.198662110078013043 ) ) ;
#4160 = VERTEX_POINT ( 'NONE', #17 ) ;
#4161 = DIRECTION ( 'NONE',  ( 0.000000000000000000, 0.000000000000000000, -1.000000000000000000 ) ) ;
#4162 =( NAMED_UNIT ( * ) PLANE_ANGLE_UNIT ( ) SI_UNIT ( $, .RADIAN. ) );
#4163 = DIRECTION ( 'NONE',  ( 1.000000000000000000, 0.000000000000000000, 0.000000000000000000 ) ) ;
#4164 = FACE_OUTER_BOUND ( 'NONE', #8507, .T. ) ;
#4165 = CARTESIAN_POINT ( 'NONE',  ( 0.000000000000000000, -27.99999999999654321, -448.5000000000010800 ) ) ;
#4166 = AXIS2_PLACEMENT_3D ( 'NONE', #4282, #577, #8820 ) ;
#4167 = ORIENTED_EDGE ( 'NONE', *, *, #1965, .F. ) ;
#4168 = AXIS2_PLACEMENT_3D ( 'NONE', #3956, #7099, #4625 ) ;
#4169 = DIRECTION ( 'NONE',  ( 1.000000000000000000, 0.000000000000000000, 0.000000000000000000 ) ) ;
#4170 = CARTESIAN_POINT ( 'NONE',  ( 0.000000000000000000, 4.299999999999999822, 0.000000000000000000 ) ) ;
#4171 = CARTESIAN_POINT ( 'NONE',  ( -38.68759559582435514, 2.941038293923110558, 8.974564642706452489 ) ) ;
#4172 = VERTEX_POINT ( 'NONE', #2295 ) ;
#4173 = CARTESIAN_POINT ( 'NONE',  ( 38.25142132890803737, 7.323256995510624812, 8.999999999999985789 ) ) ;
#4174 = VERTEX_POINT ( 'NONE', #2951 ) ;
#4175 = ORIENTED_EDGE ( 'NONE', *, *, #747, .T. ) ;
#4176 = AXIS2_PLACEMENT_3D ( 'NONE', #1994, #8121, #7280 ) ;
#4177 = DIRECTION ( 'NONE',  ( -0.000000000000000000, -0.000000000000000000, 1.000000000000000000 ) ) ;
#4178 = CYLINDRICAL_SURFACE ( 'NONE', #5571, 16.89999999999999858 ) ;
#4179 = ORIENTED_EDGE ( 'NONE', *, *, #1346, .F. ) ;
#4180 =( LENGTH_UNIT ( ) NAMED_UNIT ( * ) SI_UNIT ( .MILLI., .METRE. ) );
#4181 =( BOUNDED_CURVE ( )  B_SPLINE_CURVE ( 3, ( #5905, #4955, #1200, #5154 ),
 .UNSPECIFIED., .F., .T. ) 
 B_SPLINE_CURVE_WITH_KNOTS ( ( 4, 4 ),
 ( 1.570796326794896558, 3.141592653589793116 ),
 .UNSPECIFIED. ) 
 CURVE ( )  GEOMETRIC_REPRESENTATION_ITEM ( )  RATIONAL_B_SPLINE_CURVE ( ( 1.000000000000000000, 0.8047378541243649375, 0.8047378541243649375, 1.000000000000000000 ) ) 
 REPRESENTATION_ITEM ( '' )  );
#4182 = LINE ( 'NONE', #3546, #1955 ) ;
#4183 = CARTESIAN_POINT ( 'NONE',  ( 0.000000000000000000, 44.00000000000000000, 10.49999999999999467 ) ) ;
#4184 = CARTESIAN_POINT ( 'NONE',  ( -11.39759258787169927, 46.45455009032085769, -36.27313629285373509 ) ) ;
#4185 = ORIENTED_EDGE ( 'NONE', *, *, #8147, .F. ) ;
#4186 = EDGE_CURVE ( 'NONE', #6195, #6370, #8131, .T. ) ;
#4187 = VERTEX_POINT ( 'NONE', #667 ) ;
#4188 = PLANE ( 'NONE',  #596 ) ;
#4189 = VECTOR ( 'NONE', #4234, 1000.000000000000000 ) ;
#4190 = CIRCLE ( 'NONE', #5450, 3.000000000000002665 ) ;
#4191 = FACE_OUTER_BOUND ( 'NONE', #463, .T. ) ;
#4192 = VERTEX_POINT ( 'NONE', #6846 ) ;
#4193 = LINE ( 'NONE', #7809, #4380 ) ;
#4194 = FACE_OUTER_BOUND ( 'NONE', #7318, .T. ) ;
#4195 = EDGE_LOOP ( 'NONE', ( #6867, #4478, #6660, #7331 ) ) ;
#4196 = EDGE_CURVE ( 'NONE', #1284, #3402, #4349, .T. ) ;
#4197 = CARTESIAN_POINT ( 'NONE',  ( 0.000000000000000000, -88.12499999999981526, 0.000000000000000000 ) ) ;
#4198 = FACE_OUTER_BOUND ( 'NONE', #1432, .T. ) ;
#4199 = ITEM_DEFINED_TRANSFORMATION ( 'NONE', 'NONE', #4724,  #3150 ) ;
#4200 = CARTESIAN_POINT ( 'NONE',  ( -10.90317480540417172, 39.43111544441953242, 41.08526780562409186 ) ) ;
#4201 = CIRCLE ( 'NONE', #2949, 10.00000000000000000 ) ;
#4202 = ORIENTED_EDGE ( 'NONE', *, *, #8204, .F. ) ;
#4203 = CARTESIAN_POINT ( 'NONE',  ( 5.204748897115950779E-15, 10.49999999999999467, 42.49999999999999289 ) ) ;
#4204 = CIRCLE ( 'NONE', #9744, 4.999999999999920952 ) ;
#4205 = EDGE_CURVE ( 'NONE', #336, #3426, #9124, .T. ) ;
#4206 = CYLINDRICAL_SURFACE ( 'NONE', #5425, 36.00000000000000000 ) ;
#4207 = EDGE_CURVE ( 'NONE', #4853, #1070, #3892, .T. ) ;
#4208 = CARTESIAN_POINT ( 'NONE',  ( -32.31098884280702777, 15.41602615938555232, 20.00000000000000711 ) ) ;
#4209 = ORIENTED_EDGE ( 'NONE', *, *, #5064, .T. ) ;
#4210 = LINE ( 'NONE', #6588, #3616 ) ;
#4211 = DIRECTION ( 'NONE',  ( -0.7119497752738890295, -5.752108242011875968E-17, 0.7022303877556559382 ) ) ;
#4212 = DIRECTION ( 'NONE',  ( 0.000000000000000000, 0.000000000000000000, 1.000000000000000000 ) ) ;
#4213 = CARTESIAN_POINT ( 'NONE',  ( -33.50000000000000711, 50.79999999999999716, 8.999999999999994671 ) ) ;
#4214 = CARTESIAN_POINT ( 'NONE',  ( -40.85852819083496001, 44.91317744734413253, 8.764354722066080683 ) ) ;
#4215 = FACE_OUTER_BOUND ( 'NONE', #2875, .T. ) ;
#4216 = CIRCLE ( 'NONE', #2637, 8.000000000000000000 ) ;
#4217 = ORIENTED_EDGE ( 'NONE', *, *, #2613, .F. ) ;
#4218 = DIRECTION ( 'NONE',  ( 0.000000000000000000, 0.000000000000000000, 1.000000000000000000 ) ) ;
#4219 = DIRECTION ( 'NONE',  ( 0.000000000000000000, -1.396592535537253342E-14, 1.000000000000000000 ) ) ;
#4220 = EDGE_CURVE ( 'NONE', #6102, #9197, #7503, .T. ) ;
#4221 = DIRECTION ( 'NONE',  ( 1.000000000000000000, 0.000000000000000000, 0.000000000000000000 ) ) ;
#4222 = VERTEX_POINT ( 'NONE', #6162 ) ;
#4223 = EDGE_CURVE ( 'NONE', #3250, #6898, #3095, .T. ) ;
#4224 = FACE_OUTER_BOUND ( 'NONE', #3621, .T. ) ;
#4225 = ORIENTED_EDGE ( 'NONE', *, *, #1740, .F. ) ;
#4226 = ORIENTED_EDGE ( 'NONE', *, *, #529, .F. ) ;
#4227 = CARTESIAN_POINT ( 'NONE',  ( -35.61613899620193280, 5.416339294268711413, 11.98693117703044564 ) ) ;
#4228 = DIRECTION ( 'NONE',  ( 0.000000000000000000, 0.000000000000000000, 1.000000000000000000 ) ) ;
#4229 = ORIENTED_EDGE ( 'NONE', *, *, #7385, .F. ) ;
#4230 = FILL_AREA_STYLE_COLOUR ( '', #3570 ) ;
#4231 = CYLINDRICAL_SURFACE ( 'NONE', #6231, 4.999999999999920952 ) ;
#4232 = AXIS2_PLACEMENT_3D ( 'NONE', #782, #9091, #5480 ) ;
#4233 = CARTESIAN_POINT ( 'NONE',  ( 35.07692307692307310, 8.099967126823511165, -12.00000000000001421 ) ) ;
#4234 = DIRECTION ( 'NONE',  ( -0.000000000000000000, -0.000000000000000000, -1.000000000000000000 ) ) ;
#4235 = CARTESIAN_POINT ( 'NONE',  ( -21.89041121376826382, 21.78459078980326069, -31.06159652214711997 ) ) ;
#4236 = ORIENTED_EDGE ( 'NONE', *, *, #7231, .T. ) ;
#4237 = VERTEX_POINT ( 'NONE', #217 ) ;
#4238 = FACE_OUTER_BOUND ( 'NONE', #6835, .T. ) ;
#4239 = CARTESIAN_POINT ( 'NONE',  ( 64.56989347527186851, 91.23059238028058360, -334.4999999999994316 ) ) ;
#4240 = EDGE_LOOP ( 'NONE', ( #7859, #6884 ) ) ;
#4241 = CIRCLE ( 'NONE', #763, 3.000000000000001332 ) ;
#4242 = FACE_OUTER_BOUND ( 'NONE', #5207, .T. ) ;
#4243 = DIRECTION ( 'NONE',  ( 0.000000000000000000, 1.000000000000000000, 0.000000000000000000 ) ) ;
#4244 = AXIS2_PLACEMENT_3D ( 'NONE', #367, #6962, #183 ) ;
#4245 = ADVANCED_FACE ( 'NONE', ( #1701 ), #1750, .T. ) ;
#4246 = CARTESIAN_POINT ( 'NONE',  ( -38.89087296526010817, 82.89087296526378168, -463.4999999999995453 ) ) ;
#4247 = CIRCLE ( 'NONE', #3782, 2.999999999999999112 ) ;
#4248 = AXIS2_PLACEMENT_3D ( 'NONE', #9499, #4211, #2728 ) ;
#4249 = CARTESIAN_POINT ( 'NONE',  ( 0.000000000000000000, 2.000000000000029310, 16.89999999999999858 ) ) ;
#4250 = DIRECTION ( 'NONE',  ( 0.000000000000000000, -1.000000000000000000, -1.110223024626007879E-14 ) ) ;
#4251 = CARTESIAN_POINT ( 'NONE',  ( 0.000000000000000000, 44.00000000000000000, 45.50000000000000000 ) ) ;
#4252 = VECTOR ( 'NONE', #1672, 1000.000000000000000 ) ;
#4253 = EDGE_CURVE ( 'NONE', #3858, #6502, #4721, .T. ) ;
#4254 = ORIENTED_EDGE ( 'NONE', *, *, #3112, .F. ) ;
#4255 = PLANE ( 'NONE',  #7053 ) ;
#4256 = DIRECTION ( 'NONE',  ( -0.000000000000000000, -0.000000000000000000, 1.000000000000000000 ) ) ;
#4257 = CARTESIAN_POINT ( 'NONE',  ( 35.61183127811513316, 5.447521708497213844, -9.128065913155856137 ) ) ;
#4258 = ORIENTED_EDGE ( 'NONE', *, *, #7460, .F. ) ;
#4259 = CARTESIAN_POINT ( 'NONE',  ( 0.000000000000000000, 27.00000000000000000, 19.00000000000000000 ) ) ;
#4260 = DIRECTION ( 'NONE',  ( 0.8596965486743302076, -6.094739932605641612E-18, -0.5108050941381118148 ) ) ;
#4261 = DIRECTION ( 'NONE',  ( 0.000000000000000000, 6.982962677686266711E-15, -1.000000000000000000 ) ) ;
#4262 = CARTESIAN_POINT ( 'NONE',  ( -46.82301913658604064, 40.14158469073458235, -2.063463580651539786 ) ) ;
#4263 = CARTESIAN_POINT ( 'NONE',  ( 0.000000000000000000, 94.00000000000343903, -448.4999999999993179 ) ) ;
#4264 = EDGE_CURVE ( 'NONE', #470, #2882, #7835, .T. ) ;
#4265 = ADVANCED_FACE ( 'NONE', ( #168 ), #2346, .T. ) ;
#4266 = ORIENTED_EDGE ( 'NONE', *, *, #7219, .F. ) ;
#4267 = CARTESIAN_POINT ( 'NONE',  ( 0.000000000000000000, 44.00000000000025580, -182.5000000000000284 ) ) ;
#4268 = CARTESIAN_POINT ( 'NONE',  ( 0.000000000000000000, 2.108854728661257444E-12, -352.5000000000006821 ) ) ;
#4269 = DIRECTION ( 'NONE',  ( 0.000000000000000000, 0.000000000000000000, 1.000000000000000000 ) ) ;
#4270 = VERTEX_POINT ( 'NONE', #962 ) ;
#4271 = CARTESIAN_POINT ( 'NONE',  ( 0.000000000000000000, 90.00000000000000000, 0.000000000000000000 ) ) ;
#4272 = ORIENTED_EDGE ( 'NONE', *, *, #6906, .F. ) ;
#4273 = ORIENTED_EDGE ( 'NONE', *, *, #6616, .F. ) ;
#4274 = CARTESIAN_POINT ( 'NONE',  ( -38.75000000000000711, 2.780653090851196070E-15, 8.968695557326048728 ) ) ;
#4275 = CARTESIAN_POINT ( 'NONE',  ( 0.000000000000000000, 82.00000000000000000, 0.000000000000000000 ) ) ;
#4276 = VERTEX_POINT ( 'NONE', #861 ) ;
#4277 = PRESENTATION_STYLE_ASSIGNMENT (( #9518 ) ) ;
#4278 = EDGE_CURVE ( 'NONE', #9197, #7986, #6206, .T. ) ;
#4279 = CARTESIAN_POINT ( 'NONE',  ( 0.000000000000000000, 44.00000000000133582, -334.5000000000000568 ) ) ;
#4280 = DIRECTION ( 'NONE',  ( 0.000000000000000000, 1.000000000000000000, -0.000000000000000000 ) ) ;
#4281 = CARTESIAN_POINT ( 'NONE',  ( 56.00000000000001421, 33.75812545754028804, -9.000000000000015987 ) ) ;
#4282 = CARTESIAN_POINT ( 'NONE',  ( 0.000000000000000000, 0.000000000000000000, 19.00000000000000000 ) ) ;
#4283 = ORIENTED_EDGE ( 'NONE', *, *, #3657, .F. ) ;
#4284 = EDGE_LOOP ( 'NONE', ( #1932, #3650 ) ) ;
#4285 = CARTESIAN_POINT ( 'NONE',  ( 28.61817604250836666, -4.592425496802573578E-15, 25.00000000000000000 ) ) ;
#4286 = DIRECTION ( 'NONE',  ( -2.584927402981196428E-16, 1.000000000000000000, 0.000000000000000000 ) ) ;
#4287 = EDGE_LOOP ( 'NONE', ( #5407, #316, #6138, #2713, #7930 ) ) ;
#4288 = DIRECTION ( 'NONE',  ( 0.000000000000000000, 0.000000000000000000, 1.000000000000000000 ) ) ;
#4289 = CARTESIAN_POINT ( 'NONE',  ( -38.00000000000000000, 8.774964387392142129, -9.000000000000000000 ) ) ;
#4290 = FACE_OUTER_BOUND ( 'NONE', #3102, .T. ) ;
#4291 = CARTESIAN_POINT ( 'NONE',  ( -16.39323685610476389, 29.16743745366215990, -39.21179813773329670 ) ) ;
#4292 = LINE ( 'NONE', #5729, #9298 ) ;
#4293 = CARTESIAN_POINT ( 'NONE',  ( 16.44298483974047187, 11.62492192282340042, -34.26280087176072442 ) ) ;
#4294 = CARTESIAN_POINT ( 'NONE',  ( -4.318643286956233673, 42.96167016973407016, 42.29344882916612391 ) ) ;
#4295 = PRODUCT ( 'crankshaft', 'crankshaft', '', ( #97 ) ) ;
#4296 = ORIENTED_EDGE ( 'NONE', *, *, #3920, .T. ) ;
#4297 = VECTOR ( 'NONE', #8671, 1000.000000000000000 ) ;
#4298 = DIRECTION ( 'NONE',  ( 1.000000000000000000, 0.000000000000000000, -1.734723475976807094E-16 ) ) ;
#4299 = EDGE_CURVE ( 'NONE', #6743, #6948, #3567, .T. ) ;
#4300 = FILL_AREA_STYLE_COLOUR ( '', #4465 ) ;
#4301 = ORIENTED_EDGE ( 'NONE', *, *, #6161, .T. ) ;
#4302 = EDGE_CURVE ( 'NONE', #6601, #7429, #6569, .T. ) ;
#4303 = DIRECTION ( 'NONE',  ( -0.000000000000000000, -0.000000000000000000, -1.000000000000000000 ) ) ;
#4304 = CIRCLE ( 'NONE', #8273, 4.999999999999920952 ) ;
#4305 = DIRECTION ( 'NONE',  ( 0.7502199685424886244, -2.256726205630698813E-16, -0.6611883232484578876 ) ) ;
#4306 = DIRECTION ( 'NONE',  ( -0.000000000000000000, 0.000000000000000000, 1.000000000000000000 ) ) ;
#4307 = CIRCLE ( 'NONE', #1624, 30.00000000000000000 ) ;
#4308 = CARTESIAN_POINT ( 'NONE',  ( -44.36405582980284379, 42.10875533616159316, -6.537503357774892443 ) ) ;
#4309 = DIRECTION ( 'NONE',  ( -0.000000000000000000, -1.000000000000000000, -0.000000000000000000 ) ) ;
#4310 = ORIENTED_EDGE ( 'NONE', *, *, #4299, .F. ) ;
#4311 = DIRECTION ( 'NONE',  ( -0.000000000000000000, -0.000000000000000000, -1.000000000000000000 ) ) ;
#4312 = AXIS2_PLACEMENT_3D ( 'NONE', #7470, #4311, #3 ) ;
#4313 = FACE_OUTER_BOUND ( 'NONE', #5325, .T. ) ;
#4314 = AXIS2_PLACEMENT_3D ( 'NONE', #7221, #547, #9650 ) ;
#4315 = CARTESIAN_POINT ( 'NONE',  ( -38.75000000000000000, 1.473196481563965765, 8.968695557326048728 ) ) ;
#4316 = CARTESIAN_POINT ( 'NONE',  ( -27.00000000000000000, 88.00000000000078160, -278.4999999999997726 ) ) ;
#4317 = VERTEX_POINT ( 'NONE', #9174 ) ;
#4318 = EDGE_CURVE ( 'NONE', #5926, #5581, #6247, .T. ) ;
#4319 = ORIENTED_EDGE ( 'NONE', *, *, #253, .F. ) ;
#4320 = EDGE_CURVE ( 'NONE', #1945, #61, #5536, .T. ) ;
#4321 = CARTESIAN_POINT ( 'NONE',  ( 36.73016580209657178, 14.49168859958868261, -21.39250402686660024 ) ) ;
#4322 = DIRECTION ( 'NONE',  ( -1.000000000000000000, 0.000000000000000000, 0.000000000000000000 ) ) ;
#4323 = ORIENTED_EDGE ( 'NONE', *, *, #1407, .F. ) ;
#4324 = AXIS2_PLACEMENT_3D ( 'NONE', #8120, #2792, #3633 ) ;
#4325 = AXIS2_PLACEMENT_3D ( 'NONE', #3304, #8432, #325 ) ;
#4326 = CARTESIAN_POINT ( 'NONE',  ( 18.49218940641787157, 60.00000000000001421, 5.999999999999988454 ) ) ;
#4327 = LINE ( 'NONE', #8623, #5435 ) ;
#4328 = CARTESIAN_POINT ( 'NONE',  ( 38.25123110766373458, 7.324355332766781856, -9.000000000000014211 ) ) ;
#4329 = DIRECTION ( 'NONE',  ( 0.000000000000000000, -1.000000000000000000, 0.000000000000000000 ) ) ;
#4330 = AXIS2_PLACEMENT_3D ( 'NONE', #670, #8086, #7292 ) ;
#4331 = LINE ( 'NONE', #6661, #2912 ) ;
#4332 = ORIENTED_EDGE ( 'NONE', *, *, #4318, .T. ) ;
#4333 = ADVANCED_FACE ( 'NONE', ( #6943 ), #8473, .F. ) ;
#4334 = ORIENTED_EDGE ( 'NONE', *, *, #9494, .T. ) ;
#4335 = CARTESIAN_POINT ( 'NONE',  ( -38.68750310502560552, 2.942672785201578378, 8.974572379109753584 ) ) ;
#4336 = EDGE_CURVE ( 'NONE', #3720, #6675, #240, .T. ) ;
#4337 = CARTESIAN_POINT ( 'NONE',  ( 59.49561676565052437, 26.16163204501988204, 8.999999999999982236 ) ) ;
#4338 = EDGE_LOOP ( 'NONE', ( #852, #415, #2289, #8589 ) ) ;
#4339 = DIRECTION ( 'NONE',  ( 0.000000000000000000, 1.396592535537253342E-14, -1.000000000000000000 ) ) ;
#4340 = DIRECTION ( 'NONE',  ( 0.000000000000000000, -1.000000000000000000, -1.480297366166875492E-14 ) ) ;
#4341 = FACE_BOUND ( 'NONE', #8267, .T. ) ;
#4342 = VECTOR ( 'NONE', #6493, 1000.000000000000000 ) ;
#4343 = ADVANCED_FACE ( 'NONE', ( #264 ), #3293, .F. ) ;
#4344 = DIRECTION ( 'NONE',  ( 0.000000000000000000, 0.000000000000000000, 1.000000000000000000 ) ) ;
#4345 = CARTESIAN_POINT ( 'NONE',  ( 0.000000000000000000, 44.00000000000105160, -296.5000000000001137 ) ) ;
#4346 = CARTESIAN_POINT ( 'NONE',  ( 0.000000000000000000, 78.50000000000000000, 0.000000000000000000 ) ) ;
#4347 = CARTESIAN_POINT ( 'NONE',  ( 55.00000000000000000, 44.00000000000364508, -463.5000000000000568 ) ) ;
#4348 = AXIS2_PLACEMENT_3D ( 'NONE', #1305, #8274, #621 ) ;
#4349 = CIRCLE ( 'NONE', #4977, 3.000000000000002665 ) ;
#4350 = ORIENTED_EDGE ( 'NONE', *, *, #5822, .F. ) ;
#4351 = CARTESIAN_POINT ( 'NONE',  ( -18.49218940641788578, 50.00000000000000000, 5.999999999999995559 ) ) ;
#4352 = CIRCLE ( 'NONE', #3417, 35.99999999999999289 ) ;
#4353 = CARTESIAN_POINT ( 'NONE',  ( -64.56989347527186851, 91.23059238028058360, -334.4999999999994316 ) ) ;
#4354 = ORIENTED_EDGE ( 'NONE', *, *, #8747, .F. ) ;
#4355 = VECTOR ( 'NONE', #4954, 1000.000000000000000 ) ;
#4356 = CARTESIAN_POINT ( 'NONE',  ( 38.89087296526012949, 82.89087296526354010, -448.4999999999994884 ) ) ;
#4357 = DIRECTION ( 'NONE',  ( 0.9890953164138877041, -0.1472767973854380574, -3.555679159364316534E-15 ) ) ;
#4358 = LINE ( 'NONE', #7369, #9531 ) ;
#4359 = DIRECTION ( 'NONE',  ( 0.000000000000000000, 0.000000000000000000, 1.000000000000000000 ) ) ;
#4360 = EDGE_LOOP ( 'NONE', ( #2106, #6391, #7442, #6861 ) ) ;
#4361 = CARTESIAN_POINT ( 'NONE',  ( 0.000000000000000000, 55.29999999999999716, 0.000000000000000000 ) ) ;
#4362 = EDGE_CURVE ( 'NONE', #9064, #39, #2614, .T. ) ;
#4363 = AXIS2_PLACEMENT_3D ( 'NONE', #1977, #2677, #7265 ) ;
#4364 = ADVANCED_FACE ( 'NONE', ( #2591 ), #2294, .F. ) ;
#4365 = CARTESIAN_POINT ( 'NONE',  ( 55.00000000000000000, 49.00000000000130740, -463.5000000000000000 ) ) ;
#4366 = DIRECTION ( 'NONE',  ( -0.000000000000000000, 1.000000000000000000, -0.000000000000000000 ) ) ;
#4367 = DIRECTION ( 'NONE',  ( -1.000000000000000000, -0.000000000000000000, -0.000000000000000000 ) ) ;
#4368 = VERTEX_POINT ( 'NONE', #9559 ) ;
#4369 = VERTEX_POINT ( 'NONE', #6495 ) ;
#4370 = CARTESIAN_POINT ( 'NONE',  ( -35.07692307692308020, 8.099967126823520047, 9.000000000000001776 ) ) ;
#4371 = DIRECTION ( 'NONE',  ( 0.000000000000000000, 1.000000000000000000, 1.439177994884462065E-14 ) ) ;
#4372 = ORIENTED_EDGE ( 'NONE', *, *, #800, .T. ) ;
#4373 = CIRCLE ( 'NONE', #101, 36.00000000000000000 ) ;
#4374 = DIRECTION ( 'NONE',  ( 0.000000000000000000, 0.000000000000000000, 1.000000000000000000 ) ) ;
#4375 = CARTESIAN_POINT ( 'NONE',  ( -33.50000000000000711, 50.79999999999999716, -8.999999999999994671 ) ) ;
#4376 = EDGE_CURVE ( 'NONE', #5581, #7192, #6874, .T. ) ;
#4377 = CARTESIAN_POINT ( 'NONE',  ( -38.43811293440197829, 5.867700902122395590, -8.990198382906200436 ) ) ;
#4378 = PLANE ( 'NONE',  #3110 ) ;
#4379 = VERTEX_POINT ( 'NONE', #5703 ) ;
#4380 = VECTOR ( 'NONE', #8001, 1000.000000000000114 ) ;
#4381 = FACE_OUTER_BOUND ( 'NONE', #5056, .T. ) ;
#4382 = ORIENTED_EDGE ( 'NONE', *, *, #4318, .F. ) ;
#4383 = EDGE_LOOP ( 'NONE', ( #9265, #5457, #818, #6487 ) ) ;
#4384 = CARTESIAN_POINT ( 'NONE',  ( -24.73913988196212799, 57.80868809443030898, 5.999999999999994671 ) ) ;
#4385 = DIRECTION ( 'NONE',  ( 0.000000000000000000, 1.396592535537253342E-14, -1.000000000000000000 ) ) ;
#4386 = ORIENTED_EDGE ( 'NONE', *, *, #7088, .F. ) ;
#4387 = PLANE ( 'NONE',  #433 ) ;
#4388 = FACE_OUTER_BOUND ( 'NONE', #9362, .T. ) ;
#4389 = EDGE_CURVE ( 'NONE', #4091, #7264, #7043, .T. ) ;
#4390 = FACE_OUTER_BOUND ( 'NONE', #6848, .T. ) ;
#4391 = AXIS2_PLACEMENT_3D ( 'NONE', #632, #3651, #6712 ) ;
#4392 = CARTESIAN_POINT ( 'NONE',  ( -15.43752828579073721, 32.84985215520266166, -39.59774737488244511 ) ) ;
#4393 = CARTESIAN_POINT ( 'NONE',  ( 32.74056772808336291, 15.81671066900312539, 19.30599407153654568 ) ) ;
#4394 = CARTESIAN_POINT ( 'NONE',  ( 0.000000000000000000, 0.000000000000000000, -19.00000000000000000 ) ) ;
#4395 = CARTESIAN_POINT ( 'NONE',  ( -6.735557395310464703E-15, -10.99999999999633893, -463.5000000000008527 ) ) ;
#4396 = EDGE_CURVE ( 'NONE', #5217, #7105, #571, .T. ) ;
#4397 = CIRCLE ( 'NONE', #2517, 27.00000000000000000 ) ;
#4398 = ADVANCED_FACE ( 'NONE', ( #8612 ), #9416, .T. ) ;
#4399 = ORIENTED_EDGE ( 'NONE', *, *, #6201, .T. ) ;
#4400 = CARTESIAN_POINT ( 'NONE',  ( -38.89087296526010817, 82.89087296526378168, -463.4999999999995453 ) ) ;
#4401 = CARTESIAN_POINT ( 'NONE',  ( -19.47492241167052640, 38.36191617311827429, 32.64348957682293673 ) ) ;
#4402 = EDGE_LOOP ( 'NONE', ( #1530, #2551, #6566, #117 ) ) ;
#4403 = LINE ( 'NONE', #8898, #7723 ) ;
#4404 = TOROIDAL_SURFACE ( 'NONE', #4568, 7.000000000000000000, 3.000000000000000000 ) ;
#4405 = CARTESIAN_POINT ( 'NONE',  ( -1.935256522951622911E-12, 199.0800011913958087, 319.0000000000000000 ) ) ;
#4406 = CARTESIAN_POINT ( 'NONE',  ( -28.64792046032368944, 7.701737560465629961, -24.96606083414427601 ) ) ;
#4407 = CARTESIAN_POINT ( 'NONE',  ( -40.65962490957941355, 45.07230007233650326, -6.000000000000873968 ) ) ;
#4408 = PRODUCT_DEFINITION_FORMATION_WITH_SPECIFIED_SOURCE ( 'ANY', '', #5560, .NOT_KNOWN. ) ;
#4409 = CYLINDRICAL_SURFACE ( 'NONE', #1340, 10.00000000000000178 ) ;
#4410 = ORIENTED_EDGE ( 'NONE', *, *, #1583, .T. ) ;
#4411 = DIRECTION ( 'NONE',  ( 0.000000000000000000, 0.000000000000000000, -1.000000000000000000 ) ) ;
#4412 = AXIS2_PLACEMENT_3D ( 'NONE', #8878, #5071, #6617 ) ;
#4413 = DIRECTION ( 'NONE',  ( -1.000000000000000000, 0.000000000000000000, 0.000000000000000000 ) ) ;
#4414 = DIRECTION ( 'NONE',  ( 0.000000000000000000, 1.000000000000000000, 7.401486830834377462E-15 ) ) ;
#4415 = CYLINDRICAL_SURFACE ( 'NONE', #2763, 27.00000000000000000 ) ;
#4416 = ORIENTED_EDGE ( 'NONE', *, *, #2575, .F. ) ;
#4417 = ORIENTED_EDGE ( 'NONE', *, *, #1768, .T. ) ;
#4418 = CARTESIAN_POINT ( 'NONE',  ( 34.89292859012116566, 10.52749002328275552, -24.26406658245679182 ) ) ;
#4419 = CARTESIAN_POINT ( 'NONE',  ( 17.84476366519959001, 40.72339875207863713, 33.55335923862649139 ) ) ;
#4420 = ORIENTED_EDGE ( 'NONE', *, *, #5027, .F. ) ;
#4421 = CARTESIAN_POINT ( 'NONE',  ( 0.000000000000000000, 0.000000000000000000, -50.49999999999999289 ) ) ;
#4422 = CARTESIAN_POINT ( 'NONE',  ( -16.50000000000001066, 26.45769432882643457, 39.16631205513227343 ) ) ;
#4423 = CARTESIAN_POINT ( 'NONE',  ( 21.01703779251333160, 18.93339719455746106, 31.66069013995544879 ) ) ;
#4424 = ORIENTED_EDGE ( 'NONE', *, *, #5856, .T. ) ;
#4425 = CARTESIAN_POINT ( 'NONE',  ( 0.000000000000000000, 27.00000000000000000, -19.00000000000000000 ) ) ;
#4426 = EDGE_LOOP ( 'NONE', ( #3801, #8124, #3883 ) ) ;
#4427 = EDGE_LOOP ( 'NONE', ( #1896, #467 ) ) ;
#4428 = CARTESIAN_POINT ( 'NONE',  ( -38.00000000000000000, 0.000000000000000000, 0.000000000000000000 ) ) ;
#4429 = EDGE_CURVE ( 'NONE', #2284, #321, #7195, .T. ) ;
#4430 = EDGE_CURVE ( 'NONE', #5208, #4174, #7885, .T. ) ;
#4431 = DIRECTION ( 'NONE',  ( -0.9588197348681938292, -0.2840153447039201473, -3.966537103915348291E-15 ) ) ;
#4432 = ORIENTED_EDGE ( 'NONE', *, *, #1440, .F. ) ;
#4433 = DIRECTION ( 'NONE',  ( -0.000000000000000000, -0.000000000000000000, -1.000000000000000000 ) ) ;
#4434 = LINE ( 'NONE', #3757, #9382 ) ;
#4435 = CARTESIAN_POINT ( 'NONE',  ( 0.000000000000000000, 66.90000000000000568, 0.000000000000000000 ) ) ;
#4436 = CARTESIAN_POINT ( 'NONE',  ( 5.965973242906061458, 48.74569103383188917, -37.55750875558376123 ) ) ;
#4437 = CARTESIAN_POINT ( 'NONE',  ( -14.31277633276119055, 35.28020560335257017, -40.02246364524474131 ) ) ;
#4438 = CARTESIAN_POINT ( 'NONE',  ( 8.000000000000000000, 146.1386137946185215, 4.699999999999999289 ) ) ;
#4439 = ADVANCED_FACE ( 'NONE', ( #4313 ), #3901, .F. ) ;
#4440 = FACE_BOUND ( 'NONE', #8331, .T. ) ;
#4441 = DIRECTION ( 'NONE',  ( -1.826024711554533667E-16, -4.720141315418149384E-32, -1.000000000000000000 ) ) ;
#4442 = VERTEX_POINT ( 'NONE', #3387 ) ;
#4443 = DIRECTION ( 'NONE',  ( -1.826024711554533667E-16, -4.720141315418149384E-32, -1.000000000000000000 ) ) ;
#4444 = VERTEX_POINT ( 'NONE', #8024 ) ;
#4445 = ADVANCED_FACE ( 'NONE', ( #314 ), #1249, .F. ) ;
#4446 = DIRECTION ( 'NONE',  ( 0.000000000000000000, 0.000000000000000000, -1.000000000000000000 ) ) ;
#4447 = ADVANCED_FACE ( 'NONE', ( #7976 ), #7181, .T. ) ;
#4448 = DIRECTION ( 'NONE',  ( 0.000000000000000000, -0.000000000000000000, 1.000000000000000000 ) ) ;
#4449 = CIRCLE ( 'NONE', #7453, 3.000000000000000888 ) ;
#4450 = CARTESIAN_POINT ( 'NONE',  ( 1.947188410644291380E-15, 82.00000000000000000, 14.89999999999999680 ) ) ;
#4451 = ORIENTED_EDGE ( 'NONE', *, *, #2683, .F. ) ;
#4452 = CARTESIAN_POINT ( 'NONE',  ( 0.000000000000000000, 44.00000000000000000, 7.500000000000000000 ) ) ;
#4453 = DIRECTION ( 'NONE',  ( 0.000000000000000000, 1.000000000000000000, 7.116814260417671668E-15 ) ) ;
#4454 = DIRECTION ( 'NONE',  ( 0.000000000000000000, 1.000000000000000000, 0.000000000000000000 ) ) ;
#4455 = AXIS2_PLACEMENT_3D ( 'NONE', #4279, #8816, #5063 ) ;
#4456 = CIRCLE ( 'NONE', #7942, 3.000000000000002665 ) ;
#4457 = CARTESIAN_POINT ( 'NONE',  ( 34.36931771216878673, 6.755772121541200548, 25.00000000000000000 ) ) ;
#4458 = ORIENTED_EDGE ( 'NONE', *, *, #2886, .T. ) ;
#4459 = VERTEX_POINT ( 'NONE', #9507 ) ;
#4460 = CARTESIAN_POINT ( 'NONE',  ( 33.07375552197755297, 170.6856313243669092, -8.999999999999998224 ) ) ;
#4461 = CARTESIAN_POINT ( 'NONE',  ( 8.426293783406212157, 47.86585655778813475, 37.05563071509048712 ) ) ;
#4462 = ORIENTED_EDGE ( 'NONE', *, *, #5152, .T. ) ;
#4463 = CYLINDRICAL_SURFACE ( 'NONE', #399, 42.49999999999999289 ) ;
#4464 = AXIS2_PLACEMENT_3D ( 'NONE', #1246, #5803, #7087 ) ;
#4465 = COLOUR_RGB ( '',0.7921568627450980005, 0.8196078431372548767, 0.9333333333333333481 ) ;
#4466 = LINE ( 'NONE', #6752, #4484 ) ;
#4467 = AXIS2_PLACEMENT_3D ( 'NONE', #453, #1928, #5744 ) ;
#4468 = CARTESIAN_POINT ( 'NONE',  ( -38.25123110766384826, 7.324355332766115723, -9.000000000000001776 ) ) ;
#4469 = CARTESIAN_POINT ( 'NONE',  ( -34.51751045525497119, 98.22455240934218068, -296.4999999999997158 ) ) ;
#4470 = ORIENTED_EDGE ( 'NONE', *, *, #7450, .T. ) ;
#4471 = CARTESIAN_POINT ( 'NONE',  ( -22.86505473929885213, 55.46608166610121771, 8.999999999999996447 ) ) ;
#4472 = VERTEX_POINT ( 'NONE', #9365 ) ;
#4473 = ORIENTED_EDGE ( 'NONE', *, *, #3343, .T. ) ;
#4474 = VECTOR ( 'NONE', #103, 1000.000000000000000 ) ;
#4475 = CARTESIAN_POINT ( 'NONE',  ( -38.00000000000000000, 30.00000000000000000, 0.000000000000000000 ) ) ;
#4476 = CIRCLE ( 'NONE', #4168, 10.00000000000000000 ) ;
#4477 = DIRECTION ( 'NONE',  ( -0.2249990868562079804, -0.9743589743589744501, -0.000000000000000000 ) ) ;
#4478 = ORIENTED_EDGE ( 'NONE', *, *, #9285, .T. ) ;
#4479 = DIRECTION ( 'NONE',  ( -0.000000000000000000, 0.000000000000000000, 1.000000000000000000 ) ) ;
#4480 = CARTESIAN_POINT ( 'NONE',  ( 13.09959221637187454, 37.08978890574406506, -40.43575893604293725 ) ) ;
#4481 = VECTOR ( 'NONE', #233, 1000.000000000000000 ) ;
#4482 = AXIS2_PLACEMENT_3D ( 'NONE', #4588, #3966, #6965 ) ;
#4483 = LINE ( 'NONE', #8239, #9280 ) ;
#4484 = VECTOR ( 'NONE', #9623, 1000.000000000000000 ) ;
#4485 = ADVANCED_FACE ( 'NONE', ( #8703 ), #412, .T. ) ;
#4486 = CARTESIAN_POINT ( 'NONE',  ( -42.34547809345419722, 20.61079497481700074, -3.649084236565280914 ) ) ;
#4487 = CARTESIAN_POINT ( 'NONE',  ( 37.99999999999999289, 43.35812545754030367, -6.000000000000013323 ) ) ;
#4488 = CARTESIAN_POINT ( 'NONE',  ( 5.204748896376249319E-15, 0.000000000000000000, 42.49999999999999289 ) ) ;
#4489 = LINE ( 'NONE', #6028, #2040 ) ;
#4490 = AXIS2_PLACEMENT_3D ( 'NONE', #5754, #1253, #2844 ) ;
#4491 = DIRECTION ( 'NONE',  ( -0.000000000000000000, -1.396592535537253342E-14, 1.000000000000000000 ) ) ;
#4492 = ORIENTED_EDGE ( 'NONE', *, *, #3615, .F. ) ;
#4493 = ADVANCED_FACE ( 'NONE', ( #9463 ), #9733, .F. ) ;
#4494 = AXIS2_PLACEMENT_3D ( 'NONE', #4800, #7817, #8830 ) ;
#4495 = DIRECTION ( 'NONE',  ( 0.000000000000000000, 0.000000000000000000, -1.000000000000000000 ) ) ;
#4496 = DIRECTION ( 'NONE',  ( -0.000000000000000000, -1.396592535537253342E-14, 1.000000000000000000 ) ) ;
#4497 = ORIENTED_EDGE ( 'NONE', *, *, #5280, .F. ) ;
#4498 = DIRECTION ( 'NONE',  ( -0.9651011666459591298, 2.890718887578164644E-16, -0.2618773341444586844 ) ) ;
#4499 = DIRECTION ( 'NONE',  ( 0.000000000000000000, 0.000000000000000000, 1.000000000000000000 ) ) ;
#4500 = MECHANICAL_DESIGN_GEOMETRIC_PRESENTATION_REPRESENTATION (  '', ( #392 ), #1030 ) ;
#4501 = DIRECTION ( 'NONE',  ( 1.000000000000000000, 0.000000000000000000, 0.000000000000000000 ) ) ;
#4502 = ORIENTED_EDGE ( 'NONE', *, *, #1120, .F. ) ;
#4503 = DIRECTION ( 'NONE',  ( 0.000000000000000000, -6.982962677686266711E-15, 1.000000000000000000 ) ) ;
#4504 =( REPRESENTATION_RELATIONSHIP ('NONE','NONE', #7863, #6891 ) REPRESENTATION_RELATIONSHIP_WITH_TRANSFORMATION ( #4698 )SHAPE_REPRESENTATION_RELATIONSHIP( ) );
#4505 = EDGE_CURVE ( 'NONE', #5926, #1343, #9574, .T. ) ;
#4506 = CARTESIAN_POINT ( 'NONE',  ( 3.490243377569956456E-15, 115.0000000000006537, -238.4999999999995737 ) ) ;
#4507 = ADVANCED_FACE ( 'NONE', ( #8802, #3731 ), #5204, .F. ) ;
#4508 = CIRCLE ( 'NONE', #7354, 42.49999999999999289 ) ;
#4509 = CIRCLE ( 'NONE', #3262, 22.50000000000000355 ) ;
#4510 = CARTESIAN_POINT ( 'NONE',  ( 27.00000000000000000, 88.00000000000014211, -167.4999999999997158 ) ) ;
#4511 = CARTESIAN_POINT ( 'NONE',  ( 34.36931771216879383, 7.682918477743850616, 25.00000000000000355 ) ) ;
#4512 = EDGE_LOOP ( 'NONE', ( #1140, #5735, #3687, #3497 ) ) ;
#4513 = ORIENTED_EDGE ( 'NONE', *, *, #4566, .T. ) ;
#4514 =( LENGTH_UNIT ( ) NAMED_UNIT ( * ) SI_UNIT ( .MILLI., .METRE. ) );
#4515 = CARTESIAN_POINT ( 'NONE',  ( 5.952727771432267723, 48.71116071533108993, 37.53786868413461519 ) ) ;
#4516 = EDGE_LOOP ( 'NONE', ( #3403, #7440, #1238, #8047 ) ) ;
#4517 = DIRECTION ( 'NONE',  ( 0.000000000000000000, 0.000000000000000000, -1.000000000000000000 ) ) ;
#4518 = VECTOR ( 'NONE', #8947, 1000.000000000000000 ) ;
#4519 = DIRECTION ( 'NONE',  ( 1.000000000000000000, 0.000000000000000000, 0.000000000000000000 ) ) ;
#4520 = EDGE_CURVE ( 'NONE', #5175, #8557, #8931, .T. ) ;
#4521 = CARTESIAN_POINT ( 'NONE',  ( -8.311039957748860729, 12.70589994502737952, 41.68937828931272804 ) ) ;
#4522 = EDGE_CURVE ( 'NONE', #5678, #4317, #6416, .T. ) ;
#4523 = CARTESIAN_POINT ( 'NONE',  ( 38.89087296526012949, 87.89087296526307114, -448.4999999999994316 ) ) ;
#4524 = ORIENTED_EDGE ( 'NONE', *, *, #4220, .T. ) ;
#4525 = DIRECTION ( 'NONE',  ( -0.2249990868562090629, 0.9743589743589742280, 0.000000000000000000 ) ) ;
#4526 = ORIENTED_EDGE ( 'NONE', *, *, #6999, .F. ) ;
#4527 = ORIENTED_EDGE ( 'NONE', *, *, #557, .T. ) ;
#4528 = VECTOR ( 'NONE', #8148, 1000.000000000000000 ) ;
#4529 = DIRECTION ( 'NONE',  ( -0.000000000000000000, 0.000000000000000000, 1.000000000000000000 ) ) ;
#4530 = LINE ( 'NONE', #5419, #4846 ) ;
#4531 = VERTEX_POINT ( 'NONE', #6596 ) ;
#4532 = CARTESIAN_POINT ( 'NONE',  ( 2.182262882900918299, 43.39055229777446954, -42.45717757314659480 ) ) ;
#4533 = AXIS2_PLACEMENT_3D ( 'NONE', #9181, #7001, #8382 ) ;
#4534 = CARTESIAN_POINT ( 'NONE',  ( -6.840162348529196912, 11.97499576121991538, -41.94894151258979775 ) ) ;
#4535 = DIRECTION ( 'NONE',  ( -1.000000000000000000, 0.000000000000000000, 0.000000000000000000 ) ) ;
#4536 = DIRECTION ( 'NONE',  ( 0.000000000000000000, -6.982962677686266711E-15, 1.000000000000000000 ) ) ;
#4537 = FACE_OUTER_BOUND ( 'NONE', #3988, .T. ) ;
#4538 = DIRECTION ( 'NONE',  ( -0.000000000000000000, -0.000000000000000000, -1.000000000000000000 ) ) ;
#4539 = AXIS2_PLACEMENT_3D ( 'NONE', #7350, #3605, #6715 ) ;
#4540 = DIRECTION ( 'NONE',  ( 1.000000000000000000, 0.000000000000000000, -0.000000000000000000 ) ) ;
#4541 = ADVANCED_FACE ( 'NONE', ( #2233 ), #6043, .F. ) ;
#4542 = VERTEX_POINT ( 'NONE', #6647 ) ;
#4543 = AXIS2_PLACEMENT_3D ( 'NONE', #5577, #6367, #2607 ) ;
#4544 = DIRECTION ( 'NONE',  ( -0.000000000000000000, 1.000000000000000000, -0.000000000000000000 ) ) ;
#4545 = CARTESIAN_POINT ( 'NONE',  ( -21.89984631173125962, 32.21564149093679674, 31.05527401543698574 ) ) ;
#4546 = VERTEX_POINT ( 'NONE', #3780 ) ;
#4547 = CARTESIAN_POINT ( 'NONE',  ( -16.50000000000000355, 27.00000000000000355, -19.00000000000000000 ) ) ;
#4548 = DIRECTION ( 'NONE',  ( -1.539294114033147482E-16, 3.202902479261242005E-16, 1.000000000000000000 ) ) ;
#4549 = CARTESIAN_POINT ( 'NONE',  ( 36.00000000000000711, 0.000000000000000000, -19.00000000000000000 ) ) ;
#4550 = EDGE_CURVE ( 'NONE', #4618, #9615, #886, .T. ) ;
#4551 = CIRCLE ( 'NONE', #4710, 4.999999999995917932 ) ;
#4552 = CARTESIAN_POINT ( 'NONE',  ( -34.36931771216878673, 6.755772121541200548, -25.00000000000000000 ) ) ;
#4553 = ORIENTED_EDGE ( 'NONE', *, *, #8542, .F. ) ;
#4554 = DIRECTION ( 'NONE',  ( -0.2840153447039201473, -0.9588197348681938292, -6.695402423213638926E-15 ) ) ;
#4555 = CARTESIAN_POINT ( 'NONE',  ( 0.000000000000000000, 27.00000000000000000, 19.00000000000000000 ) ) ;
#4556 = DIRECTION ( 'NONE',  ( 0.000000000000000000, 1.000000000000000000, 0.000000000000000000 ) ) ;
#4557 = AXIS2_PLACEMENT_3D ( 'NONE', #8996, #7557, #591 ) ;
#4558 = CARTESIAN_POINT ( 'NONE',  ( 37.50000000000000000, 15.41602615938555587, 20.00000000000000000 ) ) ;
#4559 = ORIENTED_EDGE ( 'NONE', *, *, #196, .T. ) ;
#4560 = ORIENTED_EDGE ( 'NONE', *, *, #3411, .T. ) ;
#4561 = DIRECTION ( 'NONE',  ( 1.000000000000000000, 0.000000000000000000, 0.000000000000000000 ) ) ;
#4562 = VECTOR ( 'NONE', #6555, 1000.000000000000000 ) ;
#4563 = CARTESIAN_POINT ( 'NONE',  ( 21.60119720648677699, 33.30688250913203774, 31.26349519089861317 ) ) ;
#4564 = ADVANCED_FACE ( 'NONE', ( #8958 ), #6003, .F. ) ;
#4565 = ORIENTED_EDGE ( 'NONE', *, *, #642, .F. ) ;
#4566 = EDGE_CURVE ( 'NONE', #3389, #8925, #3105, .T. ) ;
#4567 = DIRECTION ( 'NONE',  ( 0.000000000000000000, 1.396592535537253342E-14, -1.000000000000000000 ) ) ;
#4568 = AXIS2_PLACEMENT_3D ( 'NONE', #7807, #6963, #8539 ) ;
#4569 = ORIENTED_EDGE ( 'NONE', *, *, #7902, .F. ) ;
#4570 = DIRECTION ( 'NONE',  ( -0.2249990868562085078, 0.9743589743589742280, -5.634144622830653253E-16 ) ) ;
#4571 = CARTESIAN_POINT ( 'NONE',  ( -35.37782300511301514, 6.796919414597897280, -9.080507977798772501 ) ) ;
#4572 = AXIS2_PLACEMENT_3D ( 'NONE', #2978, #1630, #6782 ) ;
#4573 = CARTESIAN_POINT ( 'NONE',  ( 15.41516624051877216, 10.59456240965223195, 34.73737086132027940 ) ) ;
#4574 = EDGE_LOOP ( 'NONE', ( #6171, #9172, #4604, #4973 ) ) ;
#4575 = CARTESIAN_POINT ( 'NONE',  ( -37.49999999999999289, 15.41602615938555232, 20.00000000000000355 ) ) ;
#4576 = VERTEX_POINT ( 'NONE', #7326 ) ;
#4577 = ORIENTED_EDGE ( 'NONE', *, *, #194, .F. ) ;
#4578 = DIRECTION ( 'NONE',  ( -1.000000000000000000, 0.000000000000000000, 0.000000000000000000 ) ) ;
#4579 = EDGE_CURVE ( 'NONE', #9246, #9664, #9257, .T. ) ;
#4580 = CARTESIAN_POINT ( 'NONE',  ( 10.57375552197755475, 170.6856313243669092, 19.00000000000000000 ) ) ;
#4581 = ORIENTED_EDGE ( 'NONE', *, *, #4362, .T. ) ;
#4582 = FACE_BOUND ( 'NONE', #3345, .T. ) ;
#4583 = CARTESIAN_POINT ( 'NONE',  ( 45.19700157866377310, 39.51972461558533922, 5.530920482694060780 ) ) ;
#4584 = EDGE_LOOP ( 'NONE', ( #1566, #1006, #7736, #1881, #3502 ) ) ;
#4585 = CARTESIAN_POINT ( 'NONE',  ( 38.25123110766364931, 7.324355332767257032, 8.999999999999987566 ) ) ;
#4586 = DIRECTION ( 'NONE',  ( -0.000000000000000000, -0.000000000000000000, 1.000000000000000000 ) ) ;
#4587 = CARTESIAN_POINT ( 'NONE',  ( 4.837354856632045452E-15, 66.90000000000000568, -39.50000000000000000 ) ) ;
#4588 = CARTESIAN_POINT ( 'NONE',  ( 0.000000000000000000, 0.000000000000000000, -7.500000000000000000 ) ) ;
#4589 = ORIENTED_EDGE ( 'NONE', *, *, #6198, .T. ) ;
#4590 = LINE ( 'NONE', #7018, #3906 ) ;
#4591 = B_SPLINE_CURVE_WITH_KNOTS ( 'NONE', 3,
 ( #8919, #2149, #5162, #2996, #8176, #6010 ),
 .UNSPECIFIED., .F., .F.,
 ( 4, 2, 4 ),
 ( 5.204170427930421283E-18, 0.004403506556374467938, 0.008807013112748930672 ),
 .UNSPECIFIED. ) ;
#4592 = FILL_AREA_STYLE_COLOUR ( '', #996 ) ;
#4593 = ORIENTED_EDGE ( 'NONE', *, *, #6462, .T. ) ;
#4594 = DIRECTION ( 'NONE',  ( 0.000000000000000000, -6.982962677686266711E-15, 1.000000000000000000 ) ) ;
#4595 = PRODUCT_CONTEXT ( 'NONE', #7541, 'mechanical' ) ;
#4596 = CARTESIAN_POINT ( 'NONE',  ( -16.50000000000000711, 27.54216647738471835, 39.16631205513227343 ) ) ;
#4597 = CARTESIAN_POINT ( 'NONE',  ( -36.18014024200488166, 13.60126198445932211, -22.30181321132867822 ) ) ;
#4598 = ORIENTED_EDGE ( 'NONE', *, *, #4738, .T. ) ;
#4599 = DIRECTION ( 'NONE',  ( 0.2840153447039201473, -0.9588197348681938292, 0.000000000000000000 ) ) ;
#4600 = EDGE_CURVE ( 'NONE', #3007, #6132, #7676, .T. ) ;
#4601 = DIRECTION ( 'NONE',  ( 0.000000000000000000, -1.000000000000000000, -1.396592535537253342E-14 ) ) ;
#4602 = DIRECTION ( 'NONE',  ( 0.7808688094430302762, 0.6246950475544245096, -1.425885742525141599E-16 ) ) ;
#4603 = ORIENTED_EDGE ( 'NONE', *, *, #5348, .F. ) ;
#4604 = ORIENTED_EDGE ( 'NONE', *, *, #6604, .F. ) ;
#4605 = CARTESIAN_POINT ( 'NONE',  ( -34.36931771216878673, 6.755772121541200548, 25.00000000000000000 ) ) ;
#4606 = AXIS2_PLACEMENT_3D ( 'NONE', #8575, #7095, #4824 ) ;
#4607 = EDGE_LOOP ( 'NONE', ( #5870, #8157, #1051 ) ) ;
#4608 = CARTESIAN_POINT ( 'NONE',  ( 38.00000000000000000, -95.70788891204318816, -9.000000000000012434 ) ) ;
#4609 = ORIENTED_EDGE ( 'NONE', *, *, #4854, .T. ) ;
#4610 = DIRECTION ( 'NONE',  ( 0.000000000000000000, 0.000000000000000000, 1.000000000000000000 ) ) ;
#4611 = CARTESIAN_POINT ( 'NONE',  ( -39.00000000000000000, 44.00000000000000000, -71.50000000000001421 ) ) ;
#4612 = UNCERTAINTY_MEASURE_WITH_UNIT (LENGTH_MEASURE( 1.000000000000000082E-05 ), #3545, 'distance_accuracy_value', 'NONE');
#4613 = EDGE_CURVE ( 'NONE', #3007, #6675, #5853, .T. ) ;
#4614 = CARTESIAN_POINT ( 'NONE',  ( 22.46113493917541604, 25.47922080561518854, 30.65136572765737455 ) ) ;
#4615 = ORIENTED_EDGE ( 'NONE', *, *, #3014, .T. ) ;
#4616 = LINE ( 'NONE', #6804, #694 ) ;
#4617 = ORIENTED_EDGE ( 'NONE', *, *, #8193, .F. ) ;
#4618 = VERTEX_POINT ( 'NONE', #8907 ) ;
#4619 = EDGE_LOOP ( 'NONE', ( #4906, #1114, #1547, #5148, #5273 ) ) ;
#4620 = CARTESIAN_POINT ( 'NONE',  ( 55.00000000000000000, 44.00000000000364508, -463.5000000000000568 ) ) ;
#4621 = DIRECTION ( 'NONE',  ( 0.000000000000000000, 6.982962677686266711E-15, -1.000000000000000000 ) ) ;
#4622 = EDGE_LOOP ( 'NONE', ( #2008, #9451 ) ) ;
#4623 = VECTOR ( 'NONE', #3030, 1000.000000000000000 ) ;
#4624 = VECTOR ( 'NONE', #4150, 1000.000000000000000 ) ;
#4625 = DIRECTION ( 'NONE',  ( -1.000000000000000000, 3.469446951953614189E-15, 1.734723475976807094E-16 ) ) ;
#4626 = CARTESIAN_POINT ( 'NONE',  ( 38.00000000000000000, 8.774964387392136800, 8.999999999999987566 ) ) ;
#4627 = EDGE_CURVE ( 'NONE', #3737, #5809, #4509, .T. ) ;
#4628 = AXIS2_PLACEMENT_3D ( 'NONE', #2085, #9658, #5097 ) ;
#4629 = ADVANCED_FACE ( 'NONE', ( #9757 ), #6257, .T. ) ;
#4630 = CIRCLE ( 'NONE', #6055, 80.00000000000000000 ) ;
#4631 = CARTESIAN_POINT ( 'NONE',  ( 0.000000000000000000, 80.00000000000027001, -185.4999999999997726 ) ) ;
#4632 = ORIENTED_EDGE ( 'NONE', *, *, #4914, .F. ) ;
#4633 = CARTESIAN_POINT ( 'NONE',  ( 56.90275806167066719, 50.37932239495659559, -8.999999999999998224 ) ) ;
#4634 = DIRECTION ( 'NONE',  ( 1.000000000000000000, 0.000000000000000000, 0.000000000000000000 ) ) ;
#4635 = DIRECTION ( 'NONE',  ( -0.000000000000000000, 0.000000000000000000, 1.000000000000000000 ) ) ;
#4636 = DIRECTION ( 'NONE',  ( -0.000000000000000000, -1.396592535537253342E-14, 1.000000000000000000 ) ) ;
#4637 = CIRCLE ( 'NONE', #374, 3.000000000000002665 ) ;
#4638 = CIRCLE ( 'NONE', #7316, 4.999999999998637534 ) ;
#4639 = ORIENTED_EDGE ( 'NONE', *, *, #8166, .T. ) ;
#4640 = EDGE_CURVE ( 'NONE', #1195, #3898, #5248, .T. ) ;
#4641 = CARTESIAN_POINT ( 'NONE',  ( -22.50000000000000355, 27.00000000000000000, 30.62270399556511791 ) ) ;
#4642 = CIRCLE ( 'NONE', #8426, 80.00000000000000000 ) ;
#4643 = CARTESIAN_POINT ( 'NONE',  ( 18.49218940641787157, 50.00000000000000711, -9.000000000000008882 ) ) ;
#4644 = ORIENTED_EDGE ( 'NONE', *, *, #5726, .F. ) ;
#4645 = CARTESIAN_POINT ( 'NONE',  ( 0.000000000000000000, 88.00000000000014211, -167.4999999999997158 ) ) ;
#4646 =( NAMED_UNIT ( * ) PLANE_ANGLE_UNIT ( ) SI_UNIT ( $, .RADIAN. ) );
#4647 = LINE ( 'NONE', #7618, #2422 ) ;
#4648 = CARTESIAN_POINT ( 'NONE',  ( -64.56989347527186851, -3.230592380277778730, -281.5000000000003411 ) ) ;
#4649 = AXIS2_PLACEMENT_3D ( 'NONE', #4702, #748, #3975 ) ;
#4650 = VERTEX_POINT ( 'NONE', #4506 ) ;
#4651 = PLANE ( 'NONE',  #8766 ) ;
#4652 = CARTESIAN_POINT ( 'NONE',  ( 0.000000000000000000, 44.00000000000027711, -185.5000000000000284 ) ) ;
#4653 = AXIS2_PLACEMENT_3D ( 'NONE', #2864, #6574, #5830 ) ;
#4654 = CARTESIAN_POINT ( 'NONE',  ( 36.18014024200486745, 13.60126198445932388, 22.30181321132866401 ) ) ;
#4655 = ORIENTED_EDGE ( 'NONE', *, *, #4278, .T. ) ;
#4656 = AXIS2_PLACEMENT_3D ( 'NONE', #115, #8522, #3096 ) ;
#4657 = ORIENTED_EDGE ( 'NONE', *, *, #1375, .F. ) ;
#4658 = CARTESIAN_POINT ( 'NONE',  ( 34.68085474984254546, 9.678230334258225653, -24.56611411406795042 ) ) ;
#4659 = CARTESIAN_POINT ( 'NONE',  ( 39.87408514266326875, 45.70073188586939494, -6.000000000000013323 ) ) ;
#4660 = ORIENTED_EDGE ( 'NONE', *, *, #226, .T. ) ;
#4661 = DIRECTION ( 'NONE',  ( -0.000000000000000000, -1.396592535537253342E-14, 1.000000000000000000 ) ) ;
#4662 = DIRECTION ( 'NONE',  ( 0.000000000000000000, -1.000000000000000000, -7.195889974422311904E-15 ) ) ;
#4663 = EDGE_CURVE ( 'NONE', #1413, #4160, #752, .T. ) ;
#4664 = ADVANCED_FACE ( 'NONE', ( #6788 ), #610, .T. ) ;
#4665 = ORIENTED_EDGE ( 'NONE', *, *, #2171, .T. ) ;
#4666 = CYLINDRICAL_SURFACE ( 'NONE', #3678, 27.00000000000000000 ) ;
#4667 = AXIS2_PLACEMENT_3D ( 'NONE', #5863, #8224, #1503 ) ;
#4668 = AXIS2_PLACEMENT_3D ( 'NONE', #5300, #6741, #2841 ) ;
#4669 = DIRECTION ( 'NONE',  ( 0.000000000000000000, 0.000000000000000000, 1.000000000000000000 ) ) ;
#4670 = CARTESIAN_POINT ( 'NONE',  ( -36.00000000000000000, 44.00000000000319034, -445.5000000000000568 ) ) ;
#4671 = EDGE_LOOP ( 'NONE', ( #4301, #7641, #743, #770, #7234, #8513 ) ) ;
#4672 = CARTESIAN_POINT ( 'NONE',  ( -11.39160764212540755, 7.543314787738344407, -36.27447362146552479 ) ) ;
#4673 = VERTEX_POINT ( 'NONE', #7426 ) ;
#4674 = ORIENTED_EDGE ( 'NONE', *, *, #9721, .F. ) ;
#4675 = CARTESIAN_POINT ( 'NONE',  ( -42.49999999999999289, -19.22498999199197911, -5.416672317624936334E-15 ) ) ;
#4676 = CIRCLE ( 'NONE', #9412, 26.99999999999999645 ) ;
#4677 = CARTESIAN_POINT ( 'NONE',  ( 22.87790625487054896, 30.00000000000000355, -9.269897892228694758 ) ) ;
#4678 = AXIS2_PLACEMENT_3D ( 'NONE', #3369, #3469, #9399 ) ;
#4679 = DIRECTION ( 'NONE',  ( 0.000000000000000000, -1.000000000000000000, -1.110223024625155594E-14 ) ) ;
#4680 = ORIENTED_EDGE ( 'NONE', *, *, #6188, .T. ) ;
#4681 = ADVANCED_FACE ( 'NONE', ( #657 ), #2936, .T. ) ;
#4682 = LINE ( 'NONE', #3346, #8428 ) ;
#4683 = CARTESIAN_POINT ( 'NONE',  ( 0.000000000000000000, 82.69999999999998863, 39.50000000000000000 ) ) ;
#4684 = CIRCLE ( 'NONE', #731, 6.999999999999999112 ) ;
#4685 = CARTESIAN_POINT ( 'NONE',  ( 46.82301913658601933, 40.14158469073174729, 2.063463580652074914 ) ) ;
#4686 = ORIENTED_EDGE ( 'NONE', *, *, #5081, .T. ) ;
#4687 = CARTESIAN_POINT ( 'NONE',  ( 36.00000000000000000, 2.583210267832175496E-15, 9.198662110077982845 ) ) ;
#4688 = DIRECTION ( 'NONE',  ( -0.000000000000000000, -0.000000000000000000, 1.000000000000000000 ) ) ;
#4689 = CARTESIAN_POINT ( 'NONE',  ( 22.48353060487813693, 30.00000000000000000, -9.407652717443333756 ) ) ;
#4690 = CYLINDRICAL_SURFACE ( 'NONE', #1540, 36.00000000000000000 ) ;
#4691 = ADVANCED_FACE ( 'NONE', ( #3231 ), #4705, .F. ) ;
#4692 = AXIS2_PLACEMENT_3D ( 'NONE', #7749, #2406, #2457 ) ;
#4693 = ORIENTED_EDGE ( 'NONE', *, *, #4153, .F. ) ;
#4694 = DIRECTION ( 'NONE',  ( 0.9588197348681938292, 0.2840153447039201473, 1.983268551957674146E-15 ) ) ;
#4695 = PLANE ( 'NONE',  #617 ) ;
#4696 = VERTEX_POINT ( 'NONE', #8552 ) ;
#4697 = FACE_OUTER_BOUND ( 'NONE', #5172, .T. ) ;
#4698 = ITEM_DEFINED_TRANSFORMATION ( 'NONE', 'NONE', #8192,  #3150 ) ;
#4699 = CARTESIAN_POINT ( 'NONE',  ( 35.92232950245770695, 2.726233426714135710, 11.96616446274448187 ) ) ;
#4700 = EDGE_CURVE ( 'NONE', #7561, #4923, #3082, .T. ) ;
#4701 = EDGE_CURVE ( 'NONE', #4472, #466, #9110, .T. ) ;
#4702 = CARTESIAN_POINT ( 'NONE',  ( -38.00000000000000000, 0.000000000000000000, 0.000000000000000000 ) ) ;
#4703 = CIRCLE ( 'NONE', #3607, 36.00000000000000000 ) ;
#4704 = EDGE_LOOP ( 'NONE', ( #8223, #3604, #1164, #3653 ) ) ;
#4705 = PLANE ( 'NONE',  #9413 ) ;
#4706 = CARTESIAN_POINT ( 'NONE',  ( -38.00050041491884656, 20.77548540217366835, 0.8864188835099141572 ) ) ;
#4707 = CARTESIAN_POINT ( 'NONE',  ( -17.85219876321816201, 13.28608188554999003, 33.54944114067203742 ) ) ;
#4708 = ORIENTED_EDGE ( 'NONE', *, *, #3548, .F. ) ;
#4709 = ORIENTED_EDGE ( 'NONE', *, *, #6328, .F. ) ;
#4710 = AXIS2_PLACEMENT_3D ( 'NONE', #6387, #5696, #5647 ) ;
#4711 = SHAPE_REPRESENTATION_RELATIONSHIP ( 'NONE' , 'NONE' ,  #3875, #2692 ) ;
#4712 = DIRECTION ( 'NONE',  ( -0.000000000000000000, 6.982962677686266711E-15, -1.000000000000000000 ) ) ;
#4713 = PRODUCT_RELATED_PRODUCT_CATEGORY ( 'part', '', ( #5804 ) ) ;
#4714 = VERTEX_POINT ( 'NONE', #2433 ) ;
#4715 = CYLINDRICAL_SURFACE ( 'NONE', #1704, 9.000000000000000000 ) ;
#4716 = VECTOR ( 'NONE', #4586, 1000.000000000000000 ) ;
#4717 = DIRECTION ( 'NONE',  ( 0.000000000000000000, 1.000000000000000000, 1.387778780781445991E-14 ) ) ;
#4718 = ORIENTED_EDGE ( 'NONE', *, *, #6087, .T. ) ;
#4719 = CARTESIAN_POINT ( 'NONE',  ( 5.350018324611442111, 42.61798929516679380, 42.16515007935513637 ) ) ;
#4720 = CIRCLE ( 'NONE', #8505, 40.00000000000000000 ) ;
#4721 = LINE ( 'NONE', #8373, #3258 ) ;
#4722 = FACE_BOUND ( 'NONE', #8443, .T. ) ;
#4723 = ORIENTED_EDGE ( 'NONE', *, *, #6987, .F. ) ;
#4724 = AXIS2_PLACEMENT_3D ( 'NONE', #9604, #2078, #6682 ) ;
#4725 = DIRECTION ( 'NONE',  ( -0.000000000000000000, -0.000000000000000000, -1.000000000000000000 ) ) ;
#4726 = ORIENTED_EDGE ( 'NONE', *, *, #7622, .F. ) ;
#4727 = ORIENTED_EDGE ( 'NONE', *, *, #7173, .F. ) ;
#4728 = CARTESIAN_POINT ( 'NONE',  ( 0.000000000000000000, 88.00000000000011369, -164.4999999999997158 ) ) ;
#4729 = CARTESIAN_POINT ( 'NONE',  ( 41.58411118428359288, 19.80082565200941858, 8.944897408109570236 ) ) ;
#4730 = FACE_OUTER_BOUND ( 'NONE', #7075, .T. ) ;
#4731 = VERTEX_POINT ( 'NONE', #5397 ) ;
#4732 = VECTOR ( 'NONE', #3018, 1000.000000000000000 ) ;
#4733 = LINE ( 'NONE', #7751, #3707 ) ;
#4734 = PRODUCT_DEFINITION_FORMATION_WITH_SPECIFIED_SOURCE ( 'ANY', '', #7131, .NOT_KNOWN. ) ;
#4735 = DIRECTION ( 'NONE',  ( 8.881784197001252323E-16, -1.000000000000000000, -1.439177994884462065E-14 ) ) ;
#4736 = ADVANCED_FACE ( 'NONE', ( #2330, #9205 ), #2487, .F. ) ;
#4737 = CARTESIAN_POINT ( 'NONE',  ( 46.14815601432727021, 40.68147518853760403, 4.003848497543824436 ) ) ;
#4738 = EDGE_CURVE ( 'NONE', #5141, #3556, #2534, .T. ) ;
#4739 = VERTEX_POINT ( 'NONE', #7576 ) ;
#4740 = DIRECTION ( 'NONE',  ( 0.000000000000000000, 0.000000000000000000, 1.000000000000000000 ) ) ;
#4741 = CARTESIAN_POINT ( 'NONE',  ( -37.99999999999999289, 47.20000000000000284, -5.999999999999998224 ) ) ;
#4742 = DIRECTION ( 'NONE',  ( 0.000000000000000000, -1.000000000000000000, 0.000000000000000000 ) ) ;
#4743 = LINE ( 'NONE', #6080, #3596 ) ;
#4744 = CARTESIAN_POINT ( 'NONE',  ( -42.49999999999999289, 15.41602615938555587, 20.00000000000000711 ) ) ;
#4745 = EDGE_CURVE ( 'NONE', #6613, #9517, #3733, .T. ) ;
#4746 = B_SPLINE_CURVE_WITH_KNOTS ( 'NONE', 3,
 ( #4138, #6467, #1067, #6322, #8717, #2555, #8584, #7199, #4184, #7944, #9479, #7146, #376, #327, #3348, #1904, #4916, #2707, #5717, #1956, #5017, #6511, #1311, #9629, #2104, #7439, #5117, #2155, #1214, #6709 ),
 .UNSPECIFIED., .F., .F.,
 ( 4, 2, 2, 2, 2, 2, 2, 2, 2, 2, 2, 2, 2, 2, 4 ),
 ( 1.733337970554991082E-19, 0.004508972240902175792, 0.006763458361353265856, 0.009017944481804356788, 0.01352691672270654039, 0.01578140284315764086, 0.01803588896360874133, 0.02029037508405984527, 0.02254486120451094575, 0.02705383344541315363, 0.02930831956586424369, 0.03156280568631533029, 0.03381729180676641688, 0.03494453486699195671, 0.03607177792721748960 ),
 .UNSPECIFIED. ) ;
#4747 = EDGE_CURVE ( 'NONE', #419, #3750, #1160, .T. ) ;
#4748 = CARTESIAN_POINT ( 'NONE',  ( -36.00000000000000000, 2.583210267832175496E-15, -9.198662110077997056 ) ) ;
#4749 = ORIENTED_EDGE ( 'NONE', *, *, #5051, .T. ) ;
#4750 = CARTESIAN_POINT ( 'NONE',  ( 15.02425610318332083, 20.15796984716724793, -39.75639808420830690 ) ) ;
#4751 = CONTEXT_DEPENDENT_SHAPE_REPRESENTATION ( #5335, #6432 ) ;
#4752 = CARTESIAN_POINT ( 'NONE',  ( 0.000000000000000000, 44.00000000000093792, -281.5000000000000568 ) ) ;
#4753 = DIRECTION ( 'NONE',  ( -1.000000000000000000, 0.000000000000000000, 0.000000000000000000 ) ) ;
#4754 = ORIENTED_EDGE ( 'NONE', *, *, #1153, .F. ) ;
#4755 = CARTESIAN_POINT ( 'NONE',  ( -34.51751045525497119, -10.22455240934112553, 7.500000000000000000 ) ) ;
#4756 = EDGE_CURVE ( 'NONE', #4276, #6350, #4055, .T. ) ;
#4757 = CARTESIAN_POINT ( 'NONE',  ( -35.36675397411163857, 18.28168187940205414, -14.00497428739596373 ) ) ;
#4758 = ADVANCED_FACE ( 'NONE', ( #6096 ), #4651, .T. ) ;
#4759 = CARTESIAN_POINT ( 'NONE',  ( 38.00000000000002842, -95.70788891204317395, 8.999999999999985789 ) ) ;
#4760 = EDGE_LOOP ( 'NONE', ( #7595, #8413, #911, #6469, #1266 ) ) ;
#4761 = VERTEX_POINT ( 'NONE', #6926 ) ;
#4762 = DIRECTION ( 'NONE',  ( -0.000000000000000000, -0.000000000000000000, -1.000000000000000000 ) ) ;
#4763 = CARTESIAN_POINT ( 'NONE',  ( 0.000000000000000000, 88.00000000000062528, -235.4999999999997726 ) ) ;
#4764 = DIRECTION ( 'NONE',  ( 0.000000000000000000, 1.000000000000000000, 0.000000000000000000 ) ) ;
#4765 = CARTESIAN_POINT ( 'NONE',  ( 0.000000000000000000, 5.000000000001294964, -331.5000000000006253 ) ) ;
#4766 = ORIENTED_EDGE ( 'NONE', *, *, #9238, .T. ) ;
#4767 = CARTESIAN_POINT ( 'NONE',  ( -35.38462345019670607, 6.767470074049342976, 12.00000000000000000 ) ) ;
#4768 = CARTESIAN_POINT ( 'NONE',  ( -21.93588259989741474, 30.94682878293378181, 9.185314602748587021 ) ) ;
#4769 = ADVANCED_FACE ( 'NONE', ( #7029 ), #102, .F. ) ;
#4770 = DIRECTION ( 'NONE',  ( 0.000000000000000000, 1.396592535537253342E-14, -1.000000000000000000 ) ) ;
#4771 = EDGE_LOOP ( 'NONE', ( #6326, #2144, #7046, #1562 ) ) ;
#4772 = LINE ( 'NONE', #3339, #2918 ) ;
#4773 = ORIENTED_EDGE ( 'NONE', *, *, #6548, .F. ) ;
#4774 = VERTEX_POINT ( 'NONE', #6146 ) ;
#4775 = CARTESIAN_POINT ( 'NONE',  ( 41.90114275493441198, 20.13814537918849368, -7.123648142451759924 ) ) ;
#4776 = CARTESIAN_POINT ( 'NONE',  ( 35.07692307692307310, 8.099967126823520047, 12.00000000000000000 ) ) ;
#4777 = ORIENTED_EDGE ( 'NONE', *, *, #6424, .T. ) ;
#4778 = CARTESIAN_POINT ( 'NONE',  ( 27.00000000000000000, 2.388173235768713565E-12, -392.5000000000006821 ) ) ;
#4779 = AXIS2_PLACEMENT_3D ( 'NONE', #5759, #8033, #6457 ) ;
#4780 = CARTESIAN_POINT ( 'NONE',  ( 38.43811293440705867, 5.867700902122417794, 8.990198382905871810 ) ) ;
#4781 = CYLINDRICAL_SURFACE ( 'NONE', #8904, 80.00000000000000000 ) ;
#4782 = ORIENTED_EDGE ( 'NONE', *, *, #4828, .T. ) ;
#4783 = CIRCLE ( 'NONE', #9201, 3.000000000000001332 ) ;
#4784 = DIRECTION ( 'NONE',  ( 0.9588197348681938292, -0.2840153447039201473, 0.000000000000000000 ) ) ;
#4785 = AXIS2_PLACEMENT_3D ( 'NONE', #4251, #6378, #441 ) ;
#4786 = LINE ( 'NONE', #3912, #141 ) ;
#4787 = DIRECTION ( 'NONE',  ( -1.000000000000000000, 0.000000000000000000, 0.000000000000000000 ) ) ;
#4788 = EDGE_CURVE ( 'NONE', #4696, #1699, #8698, .T. ) ;
#4789 = EDGE_CURVE ( 'NONE', #4187, #2421, #3514, .T. ) ;
#4790 = VECTOR ( 'NONE', #2280, 1000.000000000000000 ) ;
#4791 = STYLED_ITEM ( 'NONE', ( #6085 ), #9137 ) ;
#4792 = AXIS2_PLACEMENT_3D ( 'NONE', #2174, #4441, #6674 ) ;
#4793 = DIRECTION ( 'NONE',  ( 0.000000000000000000, -1.000000000000000000, -1.423362852083534018E-14 ) ) ;
#4794 = CARTESIAN_POINT ( 'NONE',  ( -36.00000000000000000, 44.00000000000131450, -334.5000000000000000 ) ) ;
#4795 = CARTESIAN_POINT ( 'NONE',  ( 5.942708250103653000, 5.295731349126301168, -37.53424465498856222 ) ) ;
#4796 = AXIS2_PLACEMENT_3D ( 'NONE', #7233, #9464, #7329 ) ;
#4797 = ITEM_DEFINED_TRANSFORMATION ( 'NONE', 'NONE', #5192,  #3150 ) ;
#4798 = AXIS2_PLACEMENT_3D ( 'NONE', #1222, #4243, #6521 ) ;
#4799 = CYLINDRICAL_SURFACE ( 'NONE', #7005, 4.999999999996960653 ) ;
#4800 = CARTESIAN_POINT ( 'NONE',  ( 0.000000000000000000, 87.99999999999984368, -124.4999999999997158 ) ) ;
#4801 = EDGE_CURVE ( 'NONE', #9130, #8711, #8600, .T. ) ;
#4802 = ORIENTED_EDGE ( 'NONE', *, *, #8650, .F. ) ;
#4803 = VECTOR ( 'NONE', #8134, 1000.000000000000000 ) ;
#4804 = DIRECTION ( 'NONE',  ( -0.9588197348681938292, 0.2840153447039201473, 1.983268551957674146E-15 ) ) ;
#4805 = CARTESIAN_POINT ( 'NONE',  ( -37.34964526556844788, 20.15761149942744623, 7.232035312406664751 ) ) ;
#4806 = LINE ( 'NONE', #4759, #5100 ) ;
#4807 = ORIENTED_EDGE ( 'NONE', *, *, #4253, .F. ) ;
#4808 = DIRECTION ( 'NONE',  ( 0.000000000000000000, 0.000000000000000000, 1.000000000000000000 ) ) ;
#4809 = CARTESIAN_POINT ( 'NONE',  ( -36.00000000000000000, -2.189125779142312269E-15, -11.95826074310139830 ) ) ;
#4810 = DIRECTION ( 'NONE',  ( -2.584927402981196428E-16, 1.000000000000000000, 0.000000000000000000 ) ) ;
#4811 = CARTESIAN_POINT ( 'NONE',  ( 0.000000000000000000, 82.00000000000000000, 0.000000000000000000 ) ) ;
#4812 = ADVANCED_FACE ( 'NONE', ( #9547 ), #8012, .T. ) ;
#4813 = EDGE_CURVE ( 'NONE', #9126, #578, #8152, .T. ) ;
#4814 = VERTEX_POINT ( 'NONE', #1233 ) ;
#4815 = CARTESIAN_POINT ( 'NONE',  ( 4.312608358448470014, 42.93567365517576917, 42.28385018461376887 ) ) ;
#4816 = CARTESIAN_POINT ( 'NONE',  ( -16.95757667148770764, 48.28588414523897399, 9.000000000000000000 ) ) ;
#4817 = PRODUCT_DEFINITION_CONTEXT ( 'detailed design', #277, 'design' ) ;
#4818 = AXIS2_PLACEMENT_3D ( 'NONE', #2787, #554, #1291 ) ;
#4819 = LINE ( 'NONE', #5612, #3855 ) ;
#4820 = ORIENTED_EDGE ( 'NONE', *, *, #9053, .T. ) ;
#4821 = CARTESIAN_POINT ( 'NONE',  ( -34.46309434771097813, 8.587941529939117302, 24.87238447560082122 ) ) ;
#4822 = ORIENTED_EDGE ( 'NONE', *, *, #8783, .F. ) ;
#4823 = ORIENTED_EDGE ( 'NONE', *, *, #8178, .F. ) ;
#4824 = DIRECTION ( 'NONE',  ( 1.000000000000000000, 0.000000000000000000, 0.000000000000000000 ) ) ;
#4825 = ORIENTED_EDGE ( 'NONE', *, *, #9327, .T. ) ;
#4826 = VECTOR ( 'NONE', #3450, 1000.000000000000000 ) ;
#4827 = ADVANCED_FACE ( 'NONE', ( #4156 ), #4255, .T. ) ;
#4828 = EDGE_CURVE ( 'NONE', #436, #5858, #6435, .T. ) ;
#4829 = CARTESIAN_POINT ( 'NONE',  ( -55.00000000000000000, 44.00000000000345324, -448.5000000000000568 ) ) ;
#4830 = CARTESIAN_POINT ( 'NONE',  ( 35.07692307692308020, 8.099967126823511165, 8.999999999999985789 ) ) ;
#4831 =( REPRESENTATION_RELATIONSHIP ('NONE','NONE', #7863, #7209 ) REPRESENTATION_RELATIONSHIP_WITH_TRANSFORMATION ( #3364 )SHAPE_REPRESENTATION_RELATIONSHIP( ) );
#4832 = PRESENTATION_LAYER_ASSIGNMENT (  '', '', ( #3094 ) ) ;
#4833 = CARTESIAN_POINT ( 'NONE',  ( 43.56136546446110458, 42.75090762843111492, -4.798001052441358993 ) ) ;
#4834 = ORIENTED_EDGE ( 'NONE', *, *, #7007, .T. ) ;
#4835 = AXIS2_PLACEMENT_3D ( 'NONE', #8661, #2737, #2791 ) ;
#4836 = ORIENTED_EDGE ( 'NONE', *, *, #2331, .F. ) ;
#4837 = DIRECTION ( 'NONE',  ( 1.000000000000000000, 0.000000000000000000, 0.000000000000000000 ) ) ;
#4838 = CYLINDRICAL_SURFACE ( 'NONE', #1248, 36.00000000000000000 ) ;
#4839 = ORIENTED_EDGE ( 'NONE', *, *, #3192, .F. ) ;
#4840 = DIRECTION ( 'NONE',  ( 0.000000000000000000, 1.396592535537253342E-14, -1.000000000000000000 ) ) ;
#4841 = VECTOR ( 'NONE', #837, 1000.000000000000114 ) ;
#4842 = ORIENTED_EDGE ( 'NONE', *, *, #3664, .T. ) ;
#4843 = CARTESIAN_POINT ( 'NONE',  ( -35.92308074463203127, 2.716313340184230984, -11.96609650565749661 ) ) ;
#4844 = EDGE_CURVE ( 'NONE', #4114, #1550, #8619, .T. ) ;
#4845 = CARTESIAN_POINT ( 'NONE',  ( 34.51751045525497119, -10.22455240933841480, -395.5000000000008527 ) ) ;
#4846 = VECTOR ( 'NONE', #3156, 1000.000000000000000 ) ;
#4847 = FACE_OUTER_BOUND ( 'NONE', #4140, .T. ) ;
#4848 = VERTEX_POINT ( 'NONE', #2777 ) ;
#4849 = AXIS2_PLACEMENT_3D ( 'NONE', #2762, #481, #1864 ) ;
#4850 = CARTESIAN_POINT ( 'NONE',  ( 8.285762594948524296, 12.69036556777044034, 41.69463802221270043 ) ) ;
#4851 = LINE ( 'NONE', #1638, #9381 ) ;
#4852 = CARTESIAN_POINT ( 'NONE',  ( 35.38612840771834556, 6.760952852634279253, -11.99999999927688421 ) ) ;
#4853 = VERTEX_POINT ( 'NONE', #8645 ) ;
#4854 = EDGE_CURVE ( 'NONE', #1055, #669, #8741, .T. ) ;
#4855 = CARTESIAN_POINT ( 'NONE',  ( 35.38462345019670607, 6.767470074049371398, -12.00000000000001421 ) ) ;
#4856 = EDGE_LOOP ( 'NONE', ( #5411, #1811 ) ) ;
#4857 = AXIS2_PLACEMENT_3D ( 'NONE', #1764, #3455, #4837 ) ;
#4858 = DIRECTION ( 'NONE',  ( 0.000000000000000000, 6.982962677686266711E-15, -1.000000000000000000 ) ) ;
#4859 = DIRECTION ( 'NONE',  ( 8.881784197001254296E-16, -1.000000000000000000, -7.195889974422311904E-15 ) ) ;
#4860 = ORIENTED_EDGE ( 'NONE', *, *, #7939, .F. ) ;
#4861 = DIRECTION ( 'NONE',  ( 0.9743589743589741170, -0.2249990868562090351, 0.000000000000000000 ) ) ;
#4862 = CARTESIAN_POINT ( 'NONE',  ( 19.00000000000000000, 44.00000000000000000, 48.50000000000000000 ) ) ;
#4863 = VERTEX_POINT ( 'NONE', #6381 ) ;
#4864 = CARTESIAN_POINT ( 'NONE',  ( 38.00000000000000000, 8.774964387392142129, 8.999999999999985789 ) ) ;
#4865 = ORIENTED_EDGE ( 'NONE', *, *, #4123, .T. ) ;
#4866 = ADVANCED_FACE ( 'NONE', ( #7218 ), #5736, .T. ) ;
#4867 = ORIENTED_EDGE ( 'NONE', *, *, #194, .T. ) ;
#4868 = CIRCLE ( 'NONE', #1716, 5.000000000000004441 ) ;
#4869 = CARTESIAN_POINT ( 'NONE',  ( 0.000000000000000000, 87.99999999999984368, -124.4999999999997158 ) ) ;
#4870 = ORIENTED_EDGE ( 'NONE', *, *, #9184, .T. ) ;
#4871 = FILL_AREA_STYLE ('',( #1851 ) ) ;
#4872 = TOROIDAL_SURFACE ( 'NONE', #9141, 13.00000000000000178, 3.000000000000000000 ) ;
#4873 = DIRECTION ( 'NONE',  ( -0.000000000000000000, -0.000000000000000000, 1.000000000000000000 ) ) ;
#4874 = FACE_OUTER_BOUND ( 'NONE', #19, .T. ) ;
#4875 = VECTOR ( 'NONE', #2375, 1000.000000000000000 ) ;
#4876 = FACE_OUTER_BOUND ( 'NONE', #8576, .T. ) ;
#4877 = ORIENTED_EDGE ( 'NONE', *, *, #3014, .F. ) ;
#4878 = EDGE_CURVE ( 'NONE', #2788, #8928, #395, .T. ) ;
#4879 = ORIENTED_EDGE ( 'NONE', *, *, #4788, .T. ) ;
#4880 = AXIS2_PLACEMENT_3D ( 'NONE', #1218, #9337, #2561 ) ;
#4881 = DIRECTION ( 'NONE',  ( -8.881784197001254296E-16, 1.000000000000000000, 6.167905692361981744E-15 ) ) ;
#4882 = LINE ( 'NONE', #4239, #8991 ) ;
#4883 = VERTEX_POINT ( 'NONE', #445 ) ;
#4884 = DIRECTION ( 'NONE',  ( 0.000000000000000000, 0.000000000000000000, 1.000000000000000000 ) ) ;
#4885 = AXIS2_PLACEMENT_3D ( 'NONE', #2847, #9716, #5812 ) ;
#4886 = CIRCLE ( 'NONE', #8203, 80.00000000000000000 ) ;
#4887 = ORIENTED_EDGE ( 'NONE', *, *, #1176, .F. ) ;
#4888 = PRODUCT_DEFINITION ( 'UNKNOWN', '', #4408, #3147 ) ;
#4889 = LINE ( 'NONE', #5587, #8985 ) ;
#4890 = CARTESIAN_POINT ( 'NONE',  ( -13.99935149767069476, 35.74949000192525972, 40.12937871435102011 ) ) ;
#4891 = ORIENTED_EDGE ( 'NONE', *, *, #6215, .T. ) ;
#4892 = DIRECTION ( 'NONE',  ( -0.000000000000000000, -1.396592535537253342E-14, 1.000000000000000000 ) ) ;
#4893 = CARTESIAN_POINT ( 'NONE',  ( 21.70480506926049813, 32.94069392315691402, -31.19157413179927474 ) ) ;
#4894 = CARTESIAN_POINT ( 'NONE',  ( -21.90140744488996205, 21.79117434198259318, 31.05416929952355432 ) ) ;
#4895 = ORIENTED_EDGE ( 'NONE', *, *, #4747, .F. ) ;
#4896 = CARTESIAN_POINT ( 'NONE',  ( 0.000000000000000000, 44.00000000000000000, 7.500000000000000000 ) ) ;
#4897 = PLANE ( 'NONE',  #1770 ) ;
#4898 = CARTESIAN_POINT ( 'NONE',  ( 0.000000000000000000, 44.00000000000365930, -463.5000000000000568 ) ) ;
#4899 = CARTESIAN_POINT ( 'NONE',  ( -45.87408514266327586, 40.90073188586940489, -0.7853981597613504118 ) ) ;
#4900 = CARTESIAN_POINT ( 'NONE',  ( 16.95757667148771120, 48.28588414523898820, -9.000000000000000000 ) ) ;
#4901 = ORIENTED_EDGE ( 'NONE', *, *, #2042, .T. ) ;
#4902 = CARTESIAN_POINT ( 'NONE',  ( 12.05413757618639892, 38.27982136999421670, 40.75662570170143795 ) ) ;
#4903 = EDGE_CURVE ( 'NONE', #8697, #4814, #3742, .T. ) ;
#4904 = DIRECTION ( 'NONE',  ( -0.000000000000000000, -0.000000000000000000, 1.000000000000000000 ) ) ;
#4905 = UNCERTAINTY_MEASURE_WITH_UNIT (LENGTH_MEASURE( 1.000000000000000082E-05 ), #7938, 'distance_accuracy_value', 'NONE');
#4906 = ORIENTED_EDGE ( 'NONE', *, *, #5898, .F. ) ;
#4907 = CARTESIAN_POINT ( 'NONE',  ( 10.57375552197755475, 170.6856313243669092, 9.000000000000000000 ) ) ;
#4908 = VERTEX_POINT ( 'NONE', #5790 ) ;
#4909 = ORIENTED_EDGE ( 'NONE', *, *, #7141, .F. ) ;
#4910 = DIRECTION ( 'NONE',  ( 0.000000000000000000, 0.000000000000000000, 1.000000000000000000 ) ) ;
#4911 = CARTESIAN_POINT ( 'NONE',  ( -22.50000000000000355, 27.00000000000000355, -42.50099999999999767 ) ) ;
#4912 = EDGE_LOOP ( 'NONE', ( #4473, #7717 ) ) ;
#4913 = CARTESIAN_POINT ( 'NONE',  ( -35.38462345019672028, 6.767470074049371398, -12.00000000000000000 ) ) ;
#4914 = EDGE_CURVE ( 'NONE', #1826, #3556, #411, .T. ) ;
#4915 = DIRECTION ( 'NONE',  ( 0.000000000000000000, 0.000000000000000000, 1.000000000000000000 ) ) ;
#4916 = CARTESIAN_POINT ( 'NONE',  ( -18.27529263909980628, 40.14468743655518068, -33.32006177838425032 ) ) ;
#4917 = EDGE_LOOP ( 'NONE', ( #6143, #1669 ) ) ;
#4918 = EDGE_LOOP ( 'NONE', ( #6797, #1281, #5802, #1995 ) ) ;
#4919 = PRODUCT_DEFINITION_SHAPE ( 'NONE', 'NONE',  #9788 ) ;
#4920 = B_SPLINE_CURVE_WITH_KNOTS ( 'NONE', 3,
 ( #5073, #637, #6667, #3654, #2910, #5927, #8936, #7446, #6572, #677, #3703, #9736 ),
 .UNSPECIFIED., .F., .F.,
 ( 4, 2, 2, 2, 2, 4 ),
 ( 0.000000000000000000, 0.002788532341232673444, 0.005577064682465346888, 0.008365597023698019899, 0.009759863194314358573, 0.01115412936493069898 ),
 .UNSPECIFIED. ) ;
#4921 = CYLINDRICAL_SURFACE ( 'NONE', #4857, 16.50000000000000355 ) ;
#4922 = DIRECTION ( 'NONE',  ( -1.000000000000000000, 0.000000000000000000, 0.000000000000000000 ) ) ;
#4923 = VERTEX_POINT ( 'NONE', #489 ) ;
#4924 = DIRECTION ( 'NONE',  ( 0.000000000000000000, 0.000000000000000000, -1.000000000000000000 ) ) ;
#4925 = VECTOR ( 'NONE', #3342, 1000.000000000000000 ) ;
#4926 = EDGE_CURVE ( 'NONE', #5826, #3672, #9261, .T. ) ;
#4927 = CYLINDRICAL_SURFACE ( 'NONE', #422, 4.499999999999997335 ) ;
#4928 = EDGE_CURVE ( 'NONE', #8964, #7492, #7364, .T. ) ;
#4929 = CIRCLE ( 'NONE', #676, 36.00000000000000000 ) ;
#4930 = ORIENTED_EDGE ( 'NONE', *, *, #980, .F. ) ;
#4931 = CIRCLE ( 'NONE', #8248, 2.999999999999999112 ) ;
#4932 = DIRECTION ( 'NONE',  ( -0.000000000000000000, -6.982962677686266711E-15, 1.000000000000000000 ) ) ;
#4933 = DIRECTION ( 'NONE',  ( 0.000000000000000000, 0.000000000000000000, -1.000000000000000000 ) ) ;
#4934 = CARTESIAN_POINT ( 'NONE',  ( -10.07864170461433417, 40.10765781462897195, 41.29764581477900975 ) ) ;
#4935 = CIRCLE ( 'NONE', #7310, 16.89999999999999858 ) ;
#4936 = CIRCLE ( 'NONE', #1777, 3.000000000000002665 ) ;
#4937 = EDGE_CURVE ( 'NONE', #1647, #3535, #8788, .T. ) ;
#4938 = EDGE_CURVE ( 'NONE', #4124, #511, #1042, .T. ) ;
#4939 = ORIENTED_EDGE ( 'NONE', *, *, #2822, .T. ) ;
#4940 = CARTESIAN_POINT ( 'NONE',  ( 3.770739225929728988, 10.92740628735894681, 42.33578291687045692 ) ) ;
#4941 = CARTESIAN_POINT ( 'NONE',  ( -1.788814910032575099E-16, 49.50000000000000000, -38.00000000000000000 ) ) ;
#4942 = VECTOR ( 'NONE', #2282, 1000.000000000000000 ) ;
#4943 = VECTOR ( 'NONE', #8315, 1000.000000000000000 ) ;
#4944 = ORIENTED_EDGE ( 'NONE', *, *, #4205, .F. ) ;
#4945 = DIRECTION ( 'NONE',  ( 0.6246950475544243986, 0.7808688094430301652, 0.000000000000000000 ) ) ;
#4946 = DIRECTION ( 'NONE',  ( 0.9999945266967605884, 0.003308561095365516059, 5.151515143400265643E-16 ) ) ;
#4947 = DIRECTION ( 'NONE',  ( 0.000000000000000000, -1.396592535537253342E-14, 1.000000000000000000 ) ) ;
#4948 = FACE_OUTER_BOUND ( 'NONE', #7062, .T. ) ;
#4949 = CARTESIAN_POINT ( 'NONE',  ( 64.56989347527186851, 91.23059238027872198, -68.50000000000000000 ) ) ;
#4950 = AXIS2_PLACEMENT_3D ( 'NONE', #2954, #8873, #1265 ) ;
#4951 = VERTEX_POINT ( 'NONE', #8060 ) ;
#4952 = VECTOR ( 'NONE', #2015, 1000.000000000000000 ) ;
#4953 = DIRECTION ( 'NONE',  ( 1.000000000000000000, 0.000000000000000000, 0.000000000000000000 ) ) ;
#4954 = DIRECTION ( 'NONE',  ( 0.000000000000000000, 1.396592535537253342E-14, -1.000000000000000000 ) ) ;
#4955 = CARTESIAN_POINT ( 'NONE',  ( -43.27207793864214125, 40.54635055693115930, 9.000000000000001776 ) ) ;
#4956 = ORIENTED_EDGE ( 'NONE', *, *, #2476, .T. ) ;
#4957 = B_SPLINE_CURVE_WITH_KNOTS ( 'NONE', 3,
 ( #6922, #7815, #4699, #195, #2483, #5394 ),
 .UNSPECIFIED., .F., .F.,
 ( 4, 2, 4 ),
 ( 0.000000000000000000, 0.004076250747534585460, 0.008152501495069170920 ),
 .UNSPECIFIED. ) ;
#4958 = LINE ( 'NONE', #5155, #2442 ) ;
#4959 = ORIENTED_EDGE ( 'NONE', *, *, #8844, .F. ) ;
#4960 = ORIENTED_EDGE ( 'NONE', *, *, #9414, .T. ) ;
#4961 = CIRCLE ( 'NONE', #6707, 27.00000000000000000 ) ;
#4962 = CARTESIAN_POINT ( 'NONE',  ( -38.00000000000000000, 30.00000000000000000, 0.000000000000000000 ) ) ;
#4963 = DIRECTION ( 'NONE',  ( 0.000000000000000000, 0.000000000000000000, 1.000000000000000000 ) ) ;
#4964 = EDGE_CURVE ( 'NONE', #2279, #3947, #4201, .T. ) ;
#4965 = ORIENTED_EDGE ( 'NONE', *, *, #2498, .F. ) ;
#4966 = SURFACE_SIDE_STYLE ('',( #1157 ) ) ;
#4967 = CARTESIAN_POINT ( 'NONE',  ( -55.00000000000000000, 44.00000000000365930, -463.5000000000000568 ) ) ;
#4968 = CIRCLE ( 'NONE', #6082, 36.00000000000000000 ) ;
#4969 = CARTESIAN_POINT ( 'NONE',  ( 0.000000000000000000, 44.00000000000000000, 48.50000000000000000 ) ) ;
#4970 = DIRECTION ( 'NONE',  ( 1.000000000000000000, 0.000000000000000000, 0.000000000000000000 ) ) ;
#4971 = LINE ( 'NONE', #2855, #3393 ) ;
#4972 = ORIENTED_EDGE ( 'NONE', *, *, #9486, .T. ) ;
#4973 = ORIENTED_EDGE ( 'NONE', *, *, #6067, .T. ) ;
#4974 = CARTESIAN_POINT ( 'NONE',  ( 0.000000000000000000, 44.00000000000000000, -103.5000000000000142 ) ) ;
#4975 = AXIS2_PLACEMENT_3D ( 'NONE', #765, #1508, #8327 ) ;
#4976 = ADVANCED_FACE ( 'NONE', ( #1481 ), #5990, .F. ) ;
#4977 = AXIS2_PLACEMENT_3D ( 'NONE', #8973, #63, #5865 ) ;
#4978 = DIRECTION ( 'NONE',  ( -0.2840153447039201473, -0.9588197348681938292, -1.339080484642727785E-14 ) ) ;
#4979 = ORIENTED_EDGE ( 'NONE', *, *, #8420, .F. ) ;
#4980 = CARTESIAN_POINT ( 'NONE',  ( 0.000000000000000000, 55.29999999999999716, 0.000000000000000000 ) ) ;
#4981 = CARTESIAN_POINT ( 'NONE',  ( -35.99999999999999289, 1.367562764689250976, -11.95826074310139830 ) ) ;
#4982 = DIRECTION ( 'NONE',  ( 0.000000000000000000, 1.000000000000000000, 0.000000000000000000 ) ) ;
#4983 = MECHANICAL_DESIGN_GEOMETRIC_PRESENTATION_REPRESENTATION (  '', ( #6097 ), #6873 ) ;
#4984 = CARTESIAN_POINT ( 'NONE',  ( 38.89087296526012949, 77.89087296526422222, -463.4999999999996021 ) ) ;
#4985 = EDGE_CURVE ( 'NONE', #5238, #5069, #2075, .T. ) ;
#4986 = DIRECTION ( 'NONE',  ( -0.000000000000000000, -0.000000000000000000, -1.000000000000000000 ) ) ;
#4987 = ADVANCED_FACE ( 'NONE', ( #7414 ), #6635, .F. ) ;
#4988 = CONTEXT_DEPENDENT_SHAPE_REPRESENTATION ( #7861, #8876 ) ;
#4989 = DIRECTION ( 'NONE',  ( 0.000000000000000000, -1.000000000000000000, -7.401486830834377462E-15 ) ) ;
#4990 = VECTOR ( 'NONE', #1183, 1000.000000000000000 ) ;
#4991 = ORIENTED_EDGE ( 'NONE', *, *, #6974, .F. ) ;
#4992 = CARTESIAN_POINT ( 'NONE',  ( 10.06590402320951938, 13.91514472320205797, 41.29296769006626988 ) ) ;
#4993 = VECTOR ( 'NONE', #2398, 1000.000000000000000 ) ;
#4994 = CARTESIAN_POINT ( 'NONE',  ( 22.34911797039005776, 30.00460182150606769, -30.73519045831306684 ) ) ;
#4995 = ORIENTED_EDGE ( 'NONE', *, *, #1619, .F. ) ;
#4996 = ADVANCED_FACE ( 'NONE', ( #5085 ), #3718, .F. ) ;
#4997 = CARTESIAN_POINT ( 'NONE',  ( 33.49999999999999289, 50.80000000000001847, -9.000000000000008882 ) ) ;
#4998 = DIRECTION ( 'NONE',  ( -0.9890953164138877041, 0.1472767973854385848, 3.320058127996462606E-16 ) ) ;
#4999 = LINE ( 'NONE', #9605, #1929 ) ;
#5000 = CARTESIAN_POINT ( 'NONE',  ( -45.71792120140235482, 41.02566303887814314, -1.570487309227241557 ) ) ;
#5001 = CARTESIAN_POINT ( 'NONE',  ( 0.000000000000000000, 44.00000000000000000, 45.50000000000000000 ) ) ;
#5002 = CIRCLE ( 'NONE', #261, 80.00000000000000000 ) ;
#5003 = ORIENTED_EDGE ( 'NONE', *, *, #3476, .T. ) ;
#5004 = DIRECTION ( 'NONE',  ( -1.000000000000000000, 0.000000000000000000, 0.000000000000000000 ) ) ;
#5005 = PRODUCT_DEFINITION_SHAPE ( 'NONE', 'NONE',  #9250 ) ;
#5006 = CARTESIAN_POINT ( 'NONE',  ( 21.16049240559656752, 32.41254911885545198, 9.000000000000000000 ) ) ;
#5007 = ORIENTED_EDGE ( 'NONE', *, *, #3170, .F. ) ;
#5008 = FACE_OUTER_BOUND ( 'NONE', #7065, .T. ) ;
#5009 = ORIENTED_EDGE ( 'NONE', *, *, #7637, .T. ) ;
#5010 = ORIENTED_EDGE ( 'NONE', *, *, #9183, .F. ) ;
#5011 = DIRECTION ( 'NONE',  ( 1.000000000000000000, 0.000000000000000000, 0.000000000000000000 ) ) ;
#5012 = VERTEX_POINT ( 'NONE', #5138 ) ;
#5013 = DIRECTION ( 'NONE',  ( 0.6246950475544246206, -0.7808688094430300541, 0.000000000000000000 ) ) ;
#5014 = CIRCLE ( 'NONE', #286, 36.00000000000000000 ) ;
#5015 = DIRECTION ( 'NONE',  ( -1.000000000000000000, 0.000000000000000000, 0.000000000000000000 ) ) ;
#5016 = CARTESIAN_POINT ( 'NONE',  ( 0.000000000000000000, 66.90000000000000568, 0.000000000000000000 ) ) ;
#5017 = CARTESIAN_POINT ( 'NONE',  ( -21.26918623602368896, 34.37767872397968461, -31.49116917315457442 ) ) ;
#5018 = ORIENTED_EDGE ( 'NONE', *, *, #2371, .F. ) ;
#5019 = EDGE_LOOP ( 'NONE', ( #1772, #125, #7946, #3143 ) ) ;
#5020 = PLANE ( 'NONE',  #9445 ) ;
#5021 = DIRECTION ( 'NONE',  ( 0.2840153447039201473, 0.9588197348681938292, 1.339080484642727785E-14 ) ) ;
#5022 = ORIENTED_EDGE ( 'NONE', *, *, #4505, .T. ) ;
#5023 = CIRCLE ( 'NONE', #8643, 2.999999999999999112 ) ;
#5024 = CARTESIAN_POINT ( 'NONE',  ( 34.51751045525497119, 98.22455240934175436, -235.4999999999996874 ) ) ;
#5025 = AXIS2_PLACEMENT_3D ( 'NONE', #8779, #6427, #3463 ) ;
#5026 = DIRECTION ( 'NONE',  ( 0.000000000000000000, 0.000000000000000000, 1.000000000000000000 ) ) ;
#5027 = EDGE_CURVE ( 'NONE', #4060, #1942, #6581, .T. ) ;
#5028 = CIRCLE ( 'NONE', #775, 3.000000000000001332 ) ;
#5029 = FACE_OUTER_BOUND ( 'NONE', #1059, .T. ) ;
#5030 = FACE_OUTER_BOUND ( 'NONE', #6979, .T. ) ;
#5031 = FACE_BOUND ( 'NONE', #8707, .T. ) ;
#5032 = ITEM_DEFINED_TRANSFORMATION ( 'NONE', 'NONE', #2203,  #3150 ) ;
#5033 = CARTESIAN_POINT ( 'NONE',  ( -2.183386618994296757, 43.36414415078274942, 42.44741081271690319 ) ) ;
#5034 = AXIS2_PLACEMENT_3D ( 'NONE', #2662, #4103, #5021 ) ;
#5035 = ORIENTED_EDGE ( 'NONE', *, *, #4854, .F. ) ;
#5036 = AXIS2_PLACEMENT_3D ( 'NONE', #5090, #1338, #602 ) ;
#5037 = ADVANCED_FACE ( 'NONE', ( #8106, #3663 ), #6776, .F. ) ;
#5038 = DIRECTION ( 'NONE',  ( 0.000000000000000000, 0.000000000000000000, 1.000000000000000000 ) ) ;
#5039 = EDGE_CURVE ( 'NONE', #9745, #4187, #2157, .T. ) ;
#5040 = DIRECTION ( 'NONE',  ( 1.000000000000000000, 0.000000000000000000, 0.000000000000000000 ) ) ;
#5041 = ORIENTED_EDGE ( 'NONE', *, *, #7411, .T. ) ;
#5042 = CARTESIAN_POINT ( 'NONE',  ( 0.000000000000000000, 71.09999999999999432, 0.000000000000000000 ) ) ;
#5043 = DIRECTION ( 'NONE',  ( 0.9890953164138879261, 0.1472767973854381685, 3.845806140559935416E-17 ) ) ;
#5044 = DIRECTION ( 'NONE',  ( 0.000000000000000000, -6.982962677686266711E-15, 1.000000000000000000 ) ) ;
#5045 = CARTESIAN_POINT ( 'NONE',  ( -45.86407749709667314, 39.16395079242286670, -4.532570818730950357 ) ) ;
#5046 = CARTESIAN_POINT ( 'NONE',  ( -16.89999999999999858, 201.1999999999999886, 19.00000000000000000 ) ) ;
#5047 = ORIENTED_EDGE ( 'NONE', *, *, #4046, .T. ) ;
#5048 = DIRECTION ( 'NONE',  ( -0.000000000000000000, -6.982962677686266711E-15, 1.000000000000000000 ) ) ;
#5049 = EDGE_CURVE ( 'NONE', #3171, #105, #7686, .T. ) ;
#5050 = DIRECTION ( 'NONE',  ( 0.000000000000000000, -1.000000000000000000, -1.439177994884462065E-14 ) ) ;
#5051 = EDGE_CURVE ( 'NONE', #1599, #8711, #2924, .T. ) ;
#5052 = DIRECTION ( 'NONE',  ( -1.000000000000000000, 0.000000000000000000, 1.779203565104417621E-16 ) ) ;
#5053 = VERTEX_POINT ( 'NONE', #3022 ) ;
#5054 = FACE_OUTER_BOUND ( 'NONE', #5420, .T. ) ;
#5055 = ORIENTED_EDGE ( 'NONE', *, *, #6803, .F. ) ;
#5056 = EDGE_LOOP ( 'NONE', ( #7920, #8658, #9028, #7581 ) ) ;
#5057 = DIRECTION ( 'NONE',  ( 0.000000000000000000, 1.396592535537253342E-14, -1.000000000000000000 ) ) ;
#5058 = CARTESIAN_POINT ( 'NONE',  ( 0.000000000000000000, 4.299999999999999822, 0.000000000000000000 ) ) ;
#5059 = ORIENTED_EDGE ( 'NONE', *, *, #1732, .T. ) ;
#5060 = CARTESIAN_POINT ( 'NONE',  ( -64.56989347527186851, 91.23059238027872198, -68.50000000000000000 ) ) ;
#5061 = B_SPLINE_CURVE_WITH_KNOTS ( 'NONE', 3,
 ( #9491, #6528, #6332, #3416, #9545, #6431 ),
 .UNSPECIFIED., .F., .F.,
 ( 4, 2, 4 ),
 ( 0.000000000000000000, 0.001668364605102621093, 0.003336729210205251293 ),
 .UNSPECIFIED. ) ;
#5062 = B_SPLINE_CURVE_WITH_KNOTS ( 'NONE', 3,
 ( #1376, #1426, #1274, #6770, #1326, #540, #2170, #733, #2968, #5933, #5983, #5183, #1474, #2867, #8198, #3318, #3016, #4437, #5878, #4392, #685, #8886, #2117, #4291, #5130, #7306 ),
 .UNSPECIFIED., .F., .F.,
 ( 4, 2, 2, 2, 2, 2, 2, 2, 2, 2, 2, 2, 4 ),
 ( 1.097907350033433280E-18, 0.003257701071704930187, 0.004886551607557397016, 0.006515402143409864712, 0.009773103215114799236, 0.01140195375096727387, 0.01303080428681975024, 0.01465965482267222487, 0.01628850535852470124, 0.01954620643022963317, 0.02117505696608210086, 0.02280390750193456162, 0.02606160857363950742 ),
 .UNSPECIFIED. ) ;
#5063 = DIRECTION ( 'NONE',  ( 0.000000000000000000, -1.000000000000000000, -1.423362852083534018E-14 ) ) ;
#5064 = EDGE_CURVE ( 'NONE', #8864, #8349, #7516, .T. ) ;
#5065 = CARTESIAN_POINT ( 'NONE',  ( 38.68750310502051803, 2.942672785201595254, -8.974572379110091092 ) ) ;
#5066 = CARTESIAN_POINT ( 'NONE',  ( 31.86628220507389031, 15.00123142162941114, 20.71844556050584174 ) ) ;
#5067 = CARTESIAN_POINT ( 'NONE',  ( -19.06247812424930999, 15.02529489385945460, -32.87607919095724185 ) ) ;
#5068 = VERTEX_POINT ( 'NONE', #8207 ) ;
#5069 = VERTEX_POINT ( 'NONE', #5841 ) ;
#5070 = CARTESIAN_POINT ( 'NONE',  ( -35.61613899620186174, 5.416339294269257643, 11.98693117703044564 ) ) ;
#5071 = DIRECTION ( 'NONE',  ( -2.584927402981196428E-16, 1.000000000000000000, 0.000000000000000000 ) ) ;
#5072 = EDGE_LOOP ( 'NONE', ( #8383, #3553 ) ) ;
#5073 = CARTESIAN_POINT ( 'NONE',  ( 28.61817604250836666, 6.755772121541173014, -25.00000000000000000 ) ) ;
#5074 = DIRECTION ( 'NONE',  ( 0.000000000000000000, -1.396592535537253342E-14, 1.000000000000000000 ) ) ;
#5075 = FACE_BOUND ( 'NONE', #4427, .T. ) ;
#5076 = CARTESIAN_POINT ( 'NONE',  ( 0.000000000000000000, 118.0000000000009521, -281.4999999999995453 ) ) ;
#5077 = CYLINDRICAL_SURFACE ( 'NONE', #6774, 22.50000000000000000 ) ;
#5078 = LINE ( 'NONE', #7407, #1408 ) ;
#5079 = DIRECTION ( 'NONE',  ( 0.000000000000000000, 1.396592535537253342E-14, -1.000000000000000000 ) ) ;
#5080 = EDGE_CURVE ( 'NONE', #526, #5567, #7200, .T. ) ;
#5081 = EDGE_CURVE ( 'NONE', #3154, #8964, #4684, .T. ) ;
#5082 = PRODUCT_DEFINITION_SHAPE ( 'NONE', 'NONE',  #9787 ) ;
#5083 = ORIENTED_EDGE ( 'NONE', *, *, #4903, .T. ) ;
#5084 = CIRCLE ( 'NONE', #8881, 39.50000000000000000 ) ;
#5085 = FACE_OUTER_BOUND ( 'NONE', #493, .T. ) ;
#5086 = CARTESIAN_POINT ( 'NONE',  ( 0.000000000000000000, 44.00000000000000000, -71.50000000000001421 ) ) ;
#5087 = VERTEX_POINT ( 'NONE', #8843 ) ;
#5088 = CYLINDRICAL_SURFACE ( 'NONE', #2668, 80.00000000000000000 ) ;
#5089 = CIRCLE ( 'NONE', #8884, 3.000000000000001332 ) ;
#5090 = CARTESIAN_POINT ( 'NONE',  ( 4.022442774823919062E-14, 210.6800011913958599, 205.0000000000000568 ) ) ;
#5091 = DIRECTION ( 'NONE',  ( 0.000000000000000000, 1.396592535537253342E-14, -1.000000000000000000 ) ) ;
#5092 = CIRCLE ( 'NONE', #5895, 36.00000000000000000 ) ;
#5093 = EDGE_CURVE ( 'NONE', #8964, #2860, #2474, .T. ) ;
#5094 = CARTESIAN_POINT ( 'NONE',  ( -39.87408514266328297, 45.70073188586940205, 6.000000000000000888 ) ) ;
#5095 = DIRECTION ( 'NONE',  ( -0.000000000000000000, -0.000000000000000000, -1.000000000000000000 ) ) ;
#5096 = VERTEX_POINT ( 'NONE', #7714 ) ;
#5097 = DIRECTION ( 'NONE',  ( 1.000000000000000000, 0.000000000000000000, 0.000000000000000000 ) ) ;
#5098 = CIRCLE ( 'NONE', #2420, 2.999999999999999112 ) ;
#5099 = DIRECTION ( 'NONE',  ( 0.000000000000000000, 1.000000000000000000, 0.000000000000000000 ) ) ;
#5100 = VECTOR ( 'NONE', #7729, 1000.000000000000000 ) ;
#5101 = DIRECTION ( 'NONE',  ( 0.000000000000000000, 0.000000000000000000, -1.000000000000000000 ) ) ;
#5102 = EDGE_LOOP ( 'NONE', ( #8247, #7661, #8809, #8609 ) ) ;
#5103 = ORIENTED_EDGE ( 'NONE', *, *, #7101, .T. ) ;
#5104 = FACE_OUTER_BOUND ( 'NONE', #6217, .T. ) ;
#5105 = CARTESIAN_POINT ( 'NONE',  ( 39.00000000000000000, 44.00000000000000711, -71.50000000000001421 ) ) ;
#5106 = EDGE_CURVE ( 'NONE', #2882, #7790, #3269, .T. ) ;
#5107 = B_SPLINE_CURVE_WITH_KNOTS ( 'NONE', 3,
 ( #3762, #4393, #686, #6076, #9643, #8294, #5985, #3659, #9035, #8995, #5184, #2264, #9092, #7406, #8149, #2969, #1475, #6771, #2314, #3160, #3812, #8200, #5879, #641, #6672, #33, #5331, #6627 ),
 .UNSPECIFIED., .F., .F.,
 ( 4, 2, 2, 2, 2, 2, 2, 2, 2, 2, 2, 2, 2, 4 ),
 ( 0.007077448531226347705, 0.009804615744934937552, 0.01253178295864352740, 0.01798611738606071750, 0.02071328459976931602, 0.02207686820662361354, 0.02344045181347791107, 0.02889478624089510117, 0.03162195345460369622, 0.03434912066831229127, 0.03980345509572947443, 0.04253062230943806254, 0.04525778952314665066, 0.05071212395056383382 ),
 .UNSPECIFIED. ) ;
#5108 = ORIENTED_EDGE ( 'NONE', *, *, #169, .F. ) ;
#5109 = AXIS2_PLACEMENT_3D ( 'NONE', #994, #3280, #8601 ) ;
#5110 = AXIS2_PLACEMENT_3D ( 'NONE', #3108, #8144, #822 ) ;
#5111 = CARTESIAN_POINT ( 'NONE',  ( 0.000000000000000000, 43.99999999999972289, -106.5000000000000142 ) ) ;
#5112 = DIRECTION ( 'NONE',  ( 0.000000000000000000, 0.000000000000000000, 1.000000000000000000 ) ) ;
#5113 = CARTESIAN_POINT ( 'NONE',  ( -13.11123646200774751, 16.92553484967544009, 40.43195385677093867 ) ) ;
#5114 = CARTESIAN_POINT ( 'NONE',  ( 0.000000000000000000, 90.00000000000000000, 0.000000000000000000 ) ) ;
#5115 = AXIS2_PLACEMENT_3D ( 'NONE', #5659, #9419, #5466 ) ;
#5116 = ORIENTED_EDGE ( 'NONE', *, *, #9354, .T. ) ;
#5117 = CARTESIAN_POINT ( 'NONE',  ( -22.45171614419557216, 28.52130600654481540, -30.65813126644913211 ) ) ;
#5118 = ORIENTED_EDGE ( 'NONE', *, *, #1710, .F. ) ;
#5119 = ORIENTED_EDGE ( 'NONE', *, *, #2636, .F. ) ;
#5120 = LINE ( 'NONE', #2809, #6451 ) ;
#5121 = EDGE_CURVE ( 'NONE', #8763, #2006, #1580, .T. ) ;
#5122 = DIRECTION ( 'NONE',  ( 0.000000000000000000, 1.000000000000000000, 6.982962677686266711E-15 ) ) ;
#5123 = ORIENTED_EDGE ( 'NONE', *, *, #8959, .T. ) ;
#5124 = ADVANCED_FACE ( 'NONE', ( #8394 ), #3581, .F. ) ;
#5125 = DIRECTION ( 'NONE',  ( -0.000000000000000000, -0.000000000000000000, 1.000000000000000000 ) ) ;
#5126 = VECTOR ( 'NONE', #4309, 1000.000000000000000 ) ;
#5127 = DIRECTION ( 'NONE',  ( 0.000000000000000000, -0.000000000000000000, 1.000000000000000000 ) ) ;
#5128 = DIRECTION ( 'NONE',  ( -1.000000000000000000, 0.000000000000000000, 0.000000000000000000 ) ) ;
#5129 = CIRCLE ( 'NONE', #5765, 36.00000000000000000 ) ;
#5130 = CARTESIAN_POINT ( 'NONE',  ( -16.50000000000000000, 28.08902835853727353, -39.16631205513227343 ) ) ;
#5131 = CARTESIAN_POINT ( 'NONE',  ( 0.000000000000000000, 4.299999999999999822, 0.000000000000000000 ) ) ;
#5132 = CARTESIAN_POINT ( 'NONE',  ( -38.00000000000000000, 8.774964387392110154, -12.00000000000000000 ) ) ;
#5133 = CONTEXT_DEPENDENT_SHAPE_REPRESENTATION ( #86, #2616 ) ;
#5134 = DIRECTION ( 'NONE',  ( 1.000000000000000000, 0.000000000000000000, 0.000000000000000000 ) ) ;
#5135 = CIRCLE ( 'NONE', #2138, 26.99999999999999645 ) ;
#5136 = AXIS2_PLACEMENT_3D ( 'NONE', #1263, #9625, #1902 ) ;
#5137 = ORIENTED_EDGE ( 'NONE', *, *, #6974, .T. ) ;
#5138 = CARTESIAN_POINT ( 'NONE',  ( 36.00000000000000000, 44.00000000000000711, 10.49999999999999467 ) ) ;
#5139 = AXIS2_PLACEMENT_3D ( 'NONE', #9169, #1646, #4662 ) ;
#5140 = CARTESIAN_POINT ( 'NONE',  ( -20.16553298119812609, 37.08696644784448893, 32.21508926301852682 ) ) ;
#5141 = VERTEX_POINT ( 'NONE', #8447 ) ;
#5142 = AXIS2_PLACEMENT_3D ( 'NONE', #3582, #2188, #3031 ) ;
#5143 = CARTESIAN_POINT ( 'NONE',  ( 0.000000000000000000, 5.000000000001336709, -334.5000000000006253 ) ) ;
#5144 = CARTESIAN_POINT ( 'NONE',  ( 2.137488996571584130E-14, 231.5319541335546489, 391.9999999999998863 ) ) ;
#5145 = CARTESIAN_POINT ( 'NONE',  ( 6.123233995736764310E-16, 104.0000000000034532, -448.4999999999992042 ) ) ;
#5146 = CARTESIAN_POINT ( 'NONE',  ( -41.44457245099135889, 44.44434203920694415, -5.843836059109770886 ) ) ;
#5147 = LINE ( 'NONE', #8954, #8597 ) ;
#5148 = ORIENTED_EDGE ( 'NONE', *, *, #4813, .F. ) ;
#5149 = CARTESIAN_POINT ( 'NONE',  ( -46.99999999999998579, 38.55812545754030651, -5.272077938642143913 ) ) ;
#5150 = VECTOR ( 'NONE', #7917, 1000.000000000000000 ) ;
#5151 = DIRECTION ( 'NONE',  ( 1.000000000000000000, 0.000000000000000000, 0.000000000000000000 ) ) ;
#5152 = EDGE_CURVE ( 'NONE', #6070, #6054, #4590, .T. ) ;
#5153 = EDGE_CURVE ( 'NONE', #2556, #739, #7996, .T. ) ;
#5154 = CARTESIAN_POINT ( 'NONE',  ( -47.00000000000000711, 38.55812545754030651, 0.000000000000000000 ) ) ;
#5155 = CARTESIAN_POINT ( 'NONE',  ( 24.73913988196211733, 57.80868809443031608, -19.00000000000000000 ) ) ;
#5156 = ORIENTED_EDGE ( 'NONE', *, *, #1607, .F. ) ;
#5157 = ORIENTED_EDGE ( 'NONE', *, *, #7340, .F. ) ;
#5158 = CARTESIAN_POINT ( 'NONE',  ( 35.07508121066761220, 11.13553223319894414, -24.00071350851549568 ) ) ;
#5159 = CARTESIAN_POINT ( 'NONE',  ( 20.91567205257127071, 32.91708769908554899, -9.000000000000000000 ) ) ;
#5160 = ORIENTED_EDGE ( 'NONE', *, *, #5984, .T. ) ;
#5161 = CIRCLE ( 'NONE', #2800, 26.99999999999999645 ) ;
#5162 = CARTESIAN_POINT ( 'NONE',  ( 38.43829896936481560, 5.866068028336099971, 8.990188665593580097 ) ) ;
#5163 = CARTESIAN_POINT ( 'NONE',  ( -33.50000000000001421, 50.80000000000001137, 5.510910596163086597E-16 ) ) ;
#5164 = LINE ( 'NONE', #8277, #2460 ) ;
#5165 = EDGE_CURVE ( 'NONE', #207, #5465, #252, .T. ) ;
#5166 = DIRECTION ( 'NONE',  ( 1.000000000000000000, 0.000000000000000000, -1.826024711554533913E-16 ) ) ;
#5167 = ORIENTED_EDGE ( 'NONE', *, *, #3353, .T. ) ;
#5168 = CIRCLE ( 'NONE', #7372, 4.499999999999998224 ) ;
#5169 = DIRECTION ( 'NONE',  ( 1.000000000000000000, 0.000000000000000000, 0.000000000000000000 ) ) ;
#5170 = CIRCLE ( 'NONE', #4482, 30.00000000000000000 ) ;
#5171 = VERTEX_POINT ( 'NONE', #6968 ) ;
#5172 = EDGE_LOOP ( 'NONE', ( #6571, #2624, #5116, #839 ) ) ;
#5173 = PRODUCT_DEFINITION_SHAPE ( 'NONE', 'NONE',  #9793 ) ;
#5174 = DIRECTION ( 'NONE',  ( -1.000000000000000000, 0.000000000000000000, 0.000000000000000000 ) ) ;
#5175 = VERTEX_POINT ( 'NONE', #9249 ) ;
#5176 = DIRECTION ( 'NONE',  ( 1.000000000000000000, 0.000000000000000000, 0.000000000000000000 ) ) ;
#5177 = CIRCLE ( 'NONE', #437, 3.000000000000002665 ) ;
#5178 = CARTESIAN_POINT ( 'NONE',  ( 4.653657836759941941E-15, 85.00000000000000000, 38.00000000000000000 ) ) ;
#5179 = CARTESIAN_POINT ( 'NONE',  ( -10.90346205727867002, 14.56995122804904241, -41.08506533398683302 ) ) ;
#5180 = EDGE_CURVE ( 'NONE', #5975, #3426, #3969, .T. ) ;
#5181 = CARTESIAN_POINT ( 'NONE',  ( 14.88214741602175550, 43.89051565797785770, -34.96970930147220002 ) ) ;
#5182 = AXIS2_PLACEMENT_3D ( 'NONE', #1959, #4784, #5628 ) ;
#5183 = CARTESIAN_POINT ( 'NONE',  ( -10.90613192412239663, 39.39332295647474069, -41.07905889485601136 ) ) ;
#5184 = CARTESIAN_POINT ( 'NONE',  ( 37.30725236326926364, 20.11748602344569647, 7.237039828861671964 ) ) ;
#5185 = FACE_OUTER_BOUND ( 'NONE', #1486, .T. ) ;
#5186 = DIRECTION ( 'NONE',  ( -0.000000000000000000, -6.982962677686266711E-15, 1.000000000000000000 ) ) ;
#5187 = VECTOR ( 'NONE', #7462, 1000.000000000000000 ) ;
#5188 = B_SPLINE_CURVE_WITH_KNOTS ( 'NONE', 3,
 ( #246, #4596, #3275, #8400, #5442, #8453, #1229, #3365, #1179, #3510, #4890, #2022, #8689, #4200, #4934, #2620, #2720, #9345, #544, #8009, #4294, #8785, #5033, #7214, #7915, #5784 ),
 .UNSPECIFIED., .F., .F.,
 ( 4, 2, 2, 2, 2, 2, 2, 2, 2, 2, 2, 2, 4 ),
 ( 0.05210153606642328739, 0.05372877315697709155, 0.05535601024753089572, 0.05861048442863851793, 0.06023772151919232209, 0.06186495860974611932, 0.06511943279085373459, 0.06837390697196135680, 0.07000114406251517485, 0.07162838115306899289, 0.07488285533417661510, 0.07651009242473043315, 0.07813732951528425119 ),
 .UNSPECIFIED. ) ;
#5189 = EDGE_LOOP ( 'NONE', ( #871, #5428, #5156, #1165 ) ) ;
#5190 = DIRECTION ( 'NONE',  ( -1.224646799147351975E-16, 1.000000000000000000, 0.000000000000000000 ) ) ;
#5191 = B_SPLINE_CURVE_WITH_KNOTS ( 'NONE', 3,
 ( #5855, #4315, #4171, #9661, #5705, #414 ),
 .UNSPECIFIED., .F., .F.,
 ( 4, 2, 4 ),
 ( 5.537048590113303078E-34, 0.004403506556374447989, 0.008807013112748895978 ),
 .UNSPECIFIED. ) ;
#5192 = AXIS2_PLACEMENT_3D ( 'NONE', #1286, #1191, #452 ) ;
#5193 = CARTESIAN_POINT ( 'NONE',  ( -7.373639327811627453, 48.27078819195795489, 37.28489245510277783 ) ) ;
#5194 = ORIENTED_EDGE ( 'NONE', *, *, #8622, .T. ) ;
#5195 = DIRECTION ( 'NONE',  ( 0.000000000000000000, 6.982962677686266711E-15, -1.000000000000000000 ) ) ;
#5196 = CIRCLE ( 'NONE', #6633, 4.999999999999532818 ) ;
#5197 = PRODUCT_CONTEXT ( 'NONE', #1792, 'mechanical' ) ;
#5198 = CARTESIAN_POINT ( 'NONE',  ( -29.48374795605156251, 11.18990534293353356, -23.97420374438103963 ) ) ;
#5199 = ADVANCED_FACE ( 'NONE', ( #1532 ), #144, .F. ) ;
#5200 = AXIS2_PLACEMENT_3D ( 'NONE', #7270, #7418, #1241 ) ;
#5201 = CARTESIAN_POINT ( 'NONE',  ( 0.000000000000000000, 90.00000000000000000, -42.49999999999999289 ) ) ;
#5202 = ORIENTED_EDGE ( 'NONE', *, *, #5854, .T. ) ;
#5203 = LINE ( 'NONE', #6594, #5421 ) ;
#5204 = PLANE ( 'NONE',  #7671 ) ;
#5205 = CARTESIAN_POINT ( 'NONE',  ( 0.000000000000000000, 66.90000000000000568, 0.000000000000000000 ) ) ;
#5206 = CARTESIAN_POINT ( 'NONE',  ( 36.73243031067845266, 14.46713570837795437, 21.38052015231711778 ) ) ;
#5207 = EDGE_LOOP ( 'NONE', ( #7041, #6967, #3446, #4420, #3295, #5957, #192, #890, #3358, #2237 ) ) ;
#5208 = VERTEX_POINT ( 'NONE', #6182 ) ;
#5209 = FACE_OUTER_BOUND ( 'NONE', #2588, .T. ) ;
#5210 = PLANE ( 'NONE',  #7458 ) ;
#5211 = ORIENTED_EDGE ( 'NONE', *, *, #8596, .F. ) ;
#5212 = DIRECTION ( 'NONE',  ( 0.000000000000000000, 0.000000000000000000, -1.000000000000000000 ) ) ;
#5213 = ADVANCED_FACE ( 'NONE', ( #5387 ), #3070, .T. ) ;
#5214 = CARTESIAN_POINT ( 'NONE',  ( 0.000000000000000000, 201.1999999999999886, 9.000000000000000000 ) ) ;
#5215 = CARTESIAN_POINT ( 'NONE',  ( -36.00000000000000000, 1.360878165056200073, -11.95826074310523346 ) ) ;
#5216 = CARTESIAN_POINT ( 'NONE',  ( 1.528597692281773002, 4.499999999999996447, 37.99999999999998579 ) ) ;
#5217 = VERTEX_POINT ( 'NONE', #9098 ) ;
#5218 = FACE_OUTER_BOUND ( 'NONE', #898, .T. ) ;
#5219 = ORIENTED_EDGE ( 'NONE', *, *, #9111, .F. ) ;
#5220 = ORIENTED_EDGE ( 'NONE', *, *, #1948, .T. ) ;
#5221 = CARTESIAN_POINT ( 'NONE',  ( 37.99999999999999289, 43.35812545754032499, 8.999999999999985789 ) ) ;
#5222 = DIRECTION ( 'NONE',  ( 0.000000000000000000, 1.396592535537253342E-14, -1.000000000000000000 ) ) ;
#5223 = ORIENTED_EDGE ( 'NONE', *, *, #5365, .F. ) ;
#5224 = DIRECTION ( 'NONE',  ( -1.000000000000000000, 0.000000000000000000, 0.000000000000000000 ) ) ;
#5225 = ADVANCED_FACE ( 'NONE', ( #1625 ), #2320, .T. ) ;
#5226 = CARTESIAN_POINT ( 'NONE',  ( 10.05322115924057869, 40.09473499567612720, -41.29608663410921565 ) ) ;
#5227 = CARTESIAN_POINT ( 'NONE',  ( 64.56989347527186851, -3.230592380278102027, -235.5000000000003979 ) ) ;
#5228 = CARTESIAN_POINT ( 'NONE',  ( -42.20738534279618648, 20.46397333320030754, -4.998731892602382487 ) ) ;
#5229 = CYLINDRICAL_SURFACE ( 'NONE', #3758, 3.000000000000002665 ) ;
#5230 = LINE ( 'NONE', #2172, #292 ) ;
#5231 = DIRECTION ( 'NONE',  ( 0.000000000000000000, 0.000000000000000000, 1.000000000000000000 ) ) ;
#5232 = CYLINDRICAL_SURFACE ( 'NONE', #3287, 80.00000000000000000 ) ;
#5233 = ADVANCED_FACE ( 'NONE', ( #5287 ), #6233, .T. ) ;
#5234 = EDGE_CURVE ( 'NONE', #9153, #4379, #5488, .T. ) ;
#5235 = ORIENTED_EDGE ( 'NONE', *, *, #7534, .F. ) ;
#5236 = CARTESIAN_POINT ( 'NONE',  ( -42.49999999999999289, 0.000000000000000000, 25.00000000000000000 ) ) ;
#5237 = CIRCLE ( 'NONE', #6821, 2.999999999999999112 ) ;
#5238 = VERTEX_POINT ( 'NONE', #4641 ) ;
#5239 = CARTESIAN_POINT ( 'NONE',  ( 18.49218940641787157, 57.00000000000000711, 5.999999999999988454 ) ) ;
#5240 = DIRECTION ( 'NONE',  ( -0.000000000000000000, 1.000000000000000000, 0.000000000000000000 ) ) ;
#5241 = ADVANCED_FACE ( 'NONE', ( #7664, #9194 ), #2423, .T. ) ;
#5242 = ADVANCED_FACE ( 'NONE', ( #9043, #2271 ), #4378, .T. ) ;
#5243 = AXIS2_PLACEMENT_3D ( 'NONE', #1694, #3138, #7735 ) ;
#5244 = DIRECTION ( 'NONE',  ( 0.000000000000000000, 1.396592535537253342E-14, -1.000000000000000000 ) ) ;
#5245 = AXIS2_PLACEMENT_3D ( 'NONE', #4395, #4491, #1477 ) ;
#5246 = ORIENTED_EDGE ( 'NONE', *, *, #4579, .F. ) ;
#5247 = DIRECTION ( 'NONE',  ( -0.000000000000000000, 6.982962677686266711E-15, -1.000000000000000000 ) ) ;
#5248 = LINE ( 'NONE', #2281, #88 ) ;
#5249 = FACE_OUTER_BOUND ( 'NONE', #8285, .T. ) ;
#5250 = CIRCLE ( 'NONE', #8096, 3.000000000000002665 ) ;
#5251 = AXIS2_PLACEMENT_3D ( 'NONE', #2538, #906, #5506 ) ;
#5252 = PLANE ( 'NONE',  #3059 ) ;
#5253 = ORIENTED_EDGE ( 'NONE', *, *, #1616, .F. ) ;
#5254 = EDGE_LOOP ( 'NONE', ( #8209, #5516, #6518, #1857, #4416 ) ) ;
#5255 = DIRECTION ( 'NONE',  ( 2.584927402981196428E-16, -1.000000000000000000, -0.000000000000000000 ) ) ;
#5256 = ORIENTED_EDGE ( 'NONE', *, *, #4801, .F. ) ;
#5257 = DIRECTION ( 'NONE',  ( -1.000000000000000000, 0.000000000000000000, 0.000000000000000000 ) ) ;
#5258 = AXIS2_PLACEMENT_3D ( 'NONE', #8118, #702, #608 ) ;
#5259 = MECHANICAL_DESIGN_GEOMETRIC_PRESENTATION_REPRESENTATION (  '', ( #8257 ), #1631 ) ;
#5260 = CARTESIAN_POINT ( 'NONE',  ( 0.000000000000000000, 44.00000000000000000, -103.5000000000000142 ) ) ;
#5261 = CIRCLE ( 'NONE', #6368, 4.999999999996959765 ) ;
#5262 = CARTESIAN_POINT ( 'NONE',  ( -15.02668344543728374, 20.16357464925173204, 39.75547228935142385 ) ) ;
#5263 = CARTESIAN_POINT ( 'NONE',  ( 22.50000000000000355, 27.00000000000000355, 30.62270399556511435 ) ) ;
#5264 = EDGE_LOOP ( 'NONE', ( #5938, #89, #5890, #4644, #8700 ) ) ;
#5265 = CARTESIAN_POINT ( 'NONE',  ( -5.938816247146278648, 5.285152007092006166, -37.54000790965400114 ) ) ;
#5266 = ORIENTED_EDGE ( 'NONE', *, *, #7854, .T. ) ;
#5267 = EDGE_CURVE ( 'NONE', #2660, #3402, #3751, .T. ) ;
#5268 = ORIENTED_EDGE ( 'NONE', *, *, #7734, .T. ) ;
#5269 = AXIS2_PLACEMENT_3D ( 'NONE', #8314, #4454, #706 ) ;
#5270 = DIRECTION ( 'NONE',  ( 0.000000000000000000, -1.000000000000000000, -1.110223024625676400E-14 ) ) ;
#5271 = CIRCLE ( 'NONE', #3864, 22.50000000000000355 ) ;
#5272 = CARTESIAN_POINT ( 'NONE',  ( -55.00000000000000000, 49.00000000000230216, -463.5000000000000000 ) ) ;
#5273 = ORIENTED_EDGE ( 'NONE', *, *, #557, .F. ) ;
#5274 = FACE_OUTER_BOUND ( 'NONE', #1795, .T. ) ;
#5275 = AXIS2_PLACEMENT_3D ( 'NONE', #8281, #20, #1510 ) ;
#5276 = CARTESIAN_POINT ( 'NONE',  ( -12.03748589509287470, 15.70246342549230789, -40.76154379937737815 ) ) ;
#5277 = CIRCLE ( 'NONE', #1135, 30.00000000000000000 ) ;
#5278 = ADVANCED_FACE ( 'NONE', ( #2003 ), #7068, .T. ) ;
#5279 = DIRECTION ( 'NONE',  ( 0.000000000000000000, 1.000000000000000000, 1.387778780781445676E-14 ) ) ;
#5280 = EDGE_CURVE ( 'NONE', #6883, #9492, #7662, .T. ) ;
#5281 = DIRECTION ( 'NONE',  ( 0.000000000000000000, -1.000000000000000000, -6.938893903907228378E-15 ) ) ;
#5282 = DIRECTION ( 'NONE',  ( 0.000000000000000000, -1.000000000000000000, 0.000000000000000000 ) ) ;
#5283 = CARTESIAN_POINT ( 'NONE',  ( -39.00000000000000000, -2.358634417936370068E-15, 11.95826074310139830 ) ) ;
#5284 = CARTESIAN_POINT ( 'NONE',  ( 4.807381861108111427E-15, 4.499999999999998224, 38.00000000000000000 ) ) ;
#5285 = ORIENTED_EDGE ( 'NONE', *, *, #8255, .F. ) ;
#5286 = CIRCLE ( 'NONE', #873, 36.00000000000000000 ) ;
#5287 = FACE_OUTER_BOUND ( 'NONE', #6749, .T. ) ;
#5288 = ADVANCED_FACE ( 'NONE', ( #9577 ), #8870, .T. ) ;
#5289 = EDGE_CURVE ( 'NONE', #2485, #2193, #504, .T. ) ;
#5290 = CARTESIAN_POINT ( 'NONE',  ( -8.071115841711442584, 48.01541850621406837, 37.13949049260652657 ) ) ;
#5291 = ORIENTED_EDGE ( 'NONE', *, *, #8960, .T. ) ;
#5292 = DIRECTION ( 'NONE',  ( 1.000000000000000000, 0.000000000000000000, 0.000000000000000000 ) ) ;
#5293 = SHAPE_DEFINITION_REPRESENTATION ( #1381, #6533 ) ;
#5294 = CARTESIAN_POINT ( 'NONE',  ( -28.76172182906353214, 8.624595239981919903, -24.83487261297700854 ) ) ;
#5295 = VECTOR ( 'NONE', #5166, 1000.000000000000000 ) ;
#5296 = AXIS2_PLACEMENT_3D ( 'NONE', #4969, #8036, #7900 ) ;
#5297 = LINE ( 'NONE', #2278, #3246 ) ;
#5298 = ORIENTED_EDGE ( 'NONE', *, *, #2252, .T. ) ;
#5299 = DIRECTION ( 'NONE',  ( 0.000000000000000000, 0.000000000000000000, 1.000000000000000000 ) ) ;
#5300 = CARTESIAN_POINT ( 'NONE',  ( 0.000000000000000000, 78.50000000000000000, 0.000000000000000000 ) ) ;
#5301 = CIRCLE ( 'NONE', #1037, 2.999999999999999112 ) ;
#5302 = VECTOR ( 'NONE', #5548, 1000.000000000000000 ) ;
#5303 = EDGE_CURVE ( 'NONE', #9388, #6458, #2102, .T. ) ;
#5304 = CARTESIAN_POINT ( 'NONE',  ( -22.50000000000000355, 201.1999999999999886, -19.00000000000000000 ) ) ;
#5305 = EDGE_CURVE ( 'NONE', #8079, #9283, #9297, .T. ) ;
#5306 = CARTESIAN_POINT ( 'NONE',  ( 34.88992150064375863, 10.51684294597052549, 24.26838863017689718 ) ) ;
#5307 = ORIENTED_EDGE ( 'NONE', *, *, #8310, .F. ) ;
#5308 = ORIENTED_EDGE ( 'NONE', *, *, #131, .T. ) ;
#5309 = CARTESIAN_POINT ( 'NONE',  ( 0.000000000000000000, 0.000000000000000000, 0.000000000000000000 ) ) ;
#5310 = CARTESIAN_POINT ( 'NONE',  ( 3.764945394561435066, 49.19535298878837892, 37.82021943959516364 ) ) ;
#5311 = ORIENTED_EDGE ( 'NONE', *, *, #1876, .F. ) ;
#5312 = DIRECTION ( 'NONE',  ( 1.000000000000000000, 0.000000000000000000, 0.000000000000000000 ) ) ;
#5313 = VECTOR ( 'NONE', #7761, 1000.000000000000000 ) ;
#5314 = ORIENTED_EDGE ( 'NONE', *, *, #2381, .T. ) ;
#5315 = CARTESIAN_POINT ( 'NONE',  ( 0.000000000000000000, 44.00000000000027711, -185.5000000000000284 ) ) ;
#5316 = DIRECTION ( 'NONE',  ( 0.000000000000000000, -6.982962677686266711E-15, 1.000000000000000000 ) ) ;
#5317 = CARTESIAN_POINT ( 'NONE',  ( 13.18075149752394992, 8.750634853841541272, 35.64646371950741610 ) ) ;
#5318 = ORIENTED_EDGE ( 'NONE', *, *, #8300, .T. ) ;
#5319 = DIRECTION ( 'NONE',  ( 1.000000000000000000, 0.000000000000000000, 0.000000000000000000 ) ) ;
#5320 = ORIENTED_EDGE ( 'NONE', *, *, #3515, .T. ) ;
#5321 = EDGE_LOOP ( 'NONE', ( #9385, #1187, #2287, #3034 ) ) ;
#5322 = VECTOR ( 'NONE', #6669, 1000.000000000000000 ) ;
#5323 = DIRECTION ( 'NONE',  ( -0.000000000000000000, -1.000000000000000000, -0.000000000000000000 ) ) ;
#5324 = DIRECTION ( 'NONE',  ( -0.7808688094430301652, -0.6246950475544243986, 1.425885742525141599E-16 ) ) ;
#5325 = EDGE_LOOP ( 'NONE', ( #6732, #6711, #8632, #2038 ) ) ;
#5326 = FACE_OUTER_BOUND ( 'NONE', #4516, .T. ) ;
#5327 = DIRECTION ( 'NONE',  ( 0.000000000000000000, 0.000000000000000000, -1.000000000000000000 ) ) ;
#5328 = CARTESIAN_POINT ( 'NONE',  ( 59.49561676565052437, 26.16163204501988204, 5.999999999999981348 ) ) ;
#5329 = VERTEX_POINT ( 'NONE', #8038 ) ;
#5330 = CARTESIAN_POINT ( 'NONE',  ( 16.89999999999999858, 201.1999999999999886, 19.00000000000000000 ) ) ;
#5331 = CARTESIAN_POINT ( 'NONE',  ( 33.17726692718952819, 16.22403656522748605, -18.60048492403745968 ) ) ;
#5332 = CARTESIAN_POINT ( 'NONE',  ( 56.90275806167066719, 50.37932239495659559, 9.000000000000000000 ) ) ;
#5333 = CIRCLE ( 'NONE', #4079, 42.49999999999999289 ) ;
#5334 = CYLINDRICAL_SURFACE ( 'NONE', #3764, 4.999999999995917044 ) ;
#5335 =( REPRESENTATION_RELATIONSHIP ('NONE','NONE', #7863, #6533 ) REPRESENTATION_RELATIONSHIP_WITH_TRANSFORMATION ( #6331 )SHAPE_REPRESENTATION_RELATIONSHIP( ) );
#5336 = EDGE_CURVE ( 'NONE', #219, #6932, #3451, .T. ) ;
#5337 = ORIENTED_EDGE ( 'NONE', *, *, #1189, .T. ) ;
#5338 = STYLED_ITEM ( 'NONE', ( #3802 ), #2372 ) ;
#5339 = DIRECTION ( 'NONE',  ( -1.000000000000000000, -2.584927402981196428E-16, 0.000000000000000000 ) ) ;
#5340 =( LENGTH_UNIT ( ) NAMED_UNIT ( * ) SI_UNIT ( .MILLI., .METRE. ) );
#5341 = ORIENTED_EDGE ( 'NONE', *, *, #6079, .F. ) ;
#5342 = CARTESIAN_POINT ( 'NONE',  ( 38.75000000000000000, 1.407165736303804697E-14, -8.968695557326061163 ) ) ;
#5343 = DIRECTION ( 'NONE',  ( -0.9890953164138940323, -0.1472767973853968404, -1.050795379290317611E-16 ) ) ;
#5344 = DIRECTION ( 'NONE',  ( -1.000000000000000000, -2.584927402981195935E-16, 1.776356839400250070E-15 ) ) ;
#5345 = ADVANCED_FACE ( 'NONE', ( #6510, #2056 ), #8132, .F. ) ;
#5346 = CIRCLE ( 'NONE', #7397, 39.00000000000000000 ) ;
#5347 = CARTESIAN_POINT ( 'NONE',  ( -35.50556870864281223, 12.26072832895251530, -23.35972376110067472 ) ) ;
#5348 = EDGE_CURVE ( 'NONE', #7584, #431, #560, .T. ) ;
#5349 = EDGE_CURVE ( 'NONE', #4379, #9179, #942, .T. ) ;
#5350 = EDGE_LOOP ( 'NONE', ( #1182, #9384, #2507, #4417 ) ) ;
#5351 = TOROIDAL_SURFACE ( 'NONE', #3940, 39.00000000000000000, 3.000000000000000000 ) ;
#5352 = DIRECTION ( 'NONE',  ( 1.000000000000000000, 0.000000000000000000, 0.000000000000000000 ) ) ;
#5353 = LINE ( 'NONE', #8362, #3066 ) ;
#5354 = TOROIDAL_SURFACE ( 'NONE', #6461, 39.00000000000000000, 3.000000000000000000 ) ;
#5355 = CARTESIAN_POINT ( 'NONE',  ( 6.123233995736768255E-16, 104.0000000000036522, -463.4999999999992610 ) ) ;
#5356 = ORIENTED_EDGE ( 'NONE', *, *, #6279, .F. ) ;
#5357 = ORIENTED_EDGE ( 'NONE', *, *, #7399, .T. ) ;
#5358 = CARTESIAN_POINT ( 'NONE',  ( 34.36931771216878673, 6.755772121541200548, -25.00000000000000000 ) ) ;
#5359 = AXIS2_PLACEMENT_3D ( 'NONE', #8695, #9552, #5043 ) ;
#5360 = CARTESIAN_POINT ( 'NONE',  ( -39.87408514266326875, 45.70073188586938784, 5.999999999999999112 ) ) ;
#5361 = EDGE_LOOP ( 'NONE', ( #8422, #9565, #8091, #4272 ) ) ;
#5362 = DIRECTION ( 'NONE',  ( 1.000000000000000000, 0.000000000000000000, 0.000000000000000000 ) ) ;
#5363 = EDGE_CURVE ( 'NONE', #8251, #6104, #1310, .T. ) ;
#5364 = AXIS2_PLACEMENT_3D ( 'NONE', #6772, #4538, #3612 ) ;
#5365 = EDGE_CURVE ( 'NONE', #9015, #6450, #1682, .T. ) ;
#5366 = ORIENTED_EDGE ( 'NONE', *, *, #2463, .T. ) ;
#5367 = CARTESIAN_POINT ( 'NONE',  ( -34.51751045525497119, 98.22455240934164067, -220.4999999999996589 ) ) ;
#5368 = DIRECTION ( 'NONE',  ( -2.584927402981196428E-16, 1.000000000000000000, 0.000000000000000000 ) ) ;
#5369 = CARTESIAN_POINT ( 'NONE',  ( 21.88943746896045184, 21.78057792359807721, 31.06228183823959199 ) ) ;
#5370 = VERTEX_POINT ( 'NONE', #4469 ) ;
#5371 = CARTESIAN_POINT ( 'NONE',  ( -37.11123950955696671, 14.99518058349635474, 20.72892591958068564 ) ) ;
#5372 = VERTEX_POINT ( 'NONE', #9021 ) ;
#5373 = VERTEX_POINT ( 'NONE', #3644 ) ;
#5374 = ORIENTED_EDGE ( 'NONE', *, *, #3205, .T. ) ;
#5375 = DIRECTION ( 'NONE',  ( 1.000000000000000000, 2.584927402981195935E-16, -0.000000000000000000 ) ) ;
#5376 = DIRECTION ( 'NONE',  ( -0.000000000000000000, 0.000000000000000000, 1.000000000000000000 ) ) ;
#5377 = VERTEX_POINT ( 'NONE', #2952 ) ;
#5378 = ADVANCED_FACE ( 'NONE', ( #3044 ), #1558, .T. ) ;
#5379 = LINE ( 'NONE', #230, #3544 ) ;
#5380 = DIRECTION ( 'NONE',  ( -0.000000000000000000, -6.982962677686266711E-15, 1.000000000000000000 ) ) ;
#5381 = CARTESIAN_POINT ( 'NONE',  ( 0.000000000000000000, 44.00000000000345324, -448.5000000000000568 ) ) ;
#5382 = ORIENTED_EDGE ( 'NONE', *, *, #8569, .T. ) ;
#5383 = CARTESIAN_POINT ( 'NONE',  ( 35.37782300511270961, 6.796919414599194909, 9.080507977798681907 ) ) ;
#5384 = CARTESIAN_POINT ( 'NONE',  ( 0.000000000000000000, 56.13861379461851442, 4.699999999999999289 ) ) ;
#5385 = CARTESIAN_POINT ( 'NONE',  ( 0.000000000000000000, 44.00000000000107292, -299.5000000000001137 ) ) ;
#5386 = ORIENTED_EDGE ( 'NONE', *, *, #1250, .T. ) ;
#5387 = FACE_OUTER_BOUND ( 'NONE', #2694, .T. ) ;
#5388 = CARTESIAN_POINT ( 'NONE',  ( -27.00000000000000000, 3.306546357697853733E-15, -10.50000000000000178 ) ) ;
#5389 = EDGE_LOOP ( 'NONE', ( #5606, #2208 ) ) ;
#5390 = EDGE_CURVE ( 'NONE', #8308, #2605, #6397, .T. ) ;
#5391 = EDGE_CURVE ( 'NONE', #9388, #1150, #6252, .T. ) ;
#5392 = CARTESIAN_POINT ( 'NONE',  ( 14.78985784858605435, 19.66511278656698636, -39.84449516446258599 ) ) ;
#5393 = SHAPE_DEFINITION_REPRESENTATION ( #9346, #6891 ) ;
#5394 = CARTESIAN_POINT ( 'NONE',  ( 35.07692307692307310, 8.099967126823511165, 11.99999999999998579 ) ) ;
#5395 = DIRECTION ( 'NONE',  ( 0.000000000000000000, 0.000000000000000000, 1.000000000000000000 ) ) ;
#5396 = ORIENTED_EDGE ( 'NONE', *, *, #229, .T. ) ;
#5397 = CARTESIAN_POINT ( 'NONE',  ( 22.86505473929884147, 55.46608166610122481, -9.000000000000008882 ) ) ;
#5398 = FACE_BOUND ( 'NONE', #5839, .T. ) ;
#5399 = DIRECTION ( 'NONE',  ( 0.000000000000000000, 1.000000000000000000, -0.000000000000000000 ) ) ;
#5400 = ORIENTED_EDGE ( 'NONE', *, *, #3592, .T. ) ;
#5401 = EDGE_CURVE ( 'NONE', #4060, #207, #2900, .T. ) ;
#5402 = ORIENTED_EDGE ( 'NONE', *, *, #8891, .T. ) ;
#5403 = CARTESIAN_POINT ( 'NONE',  ( 22.50000000000000355, 27.00000000000000355, 30.62270399556511435 ) ) ;
#5404 = ORIENTED_EDGE ( 'NONE', *, *, #857, .T. ) ;
#5405 = CARTESIAN_POINT ( 'NONE',  ( -34.51751045525497119, -10.22455240934112553, -7.500000000000000000 ) ) ;
#5406 = CARTESIAN_POINT ( 'NONE',  ( 0.000000000000000000, 0.000000000000000000, -53.50000000000000000 ) ) ;
#5407 = ORIENTED_EDGE ( 'NONE', *, *, #8780, .F. ) ;
#5408 = FACE_OUTER_BOUND ( 'NONE', #6000, .T. ) ;
#5409 = CARTESIAN_POINT ( 'NONE',  ( 28.61817604250836666, 85.00000000000000000, -25.00000000000000000 ) ) ;
#5410 = FACE_OUTER_BOUND ( 'NONE', #9410, .T. ) ;
#5411 = ORIENTED_EDGE ( 'NONE', *, *, #7051, .F. ) ;
#5412 = CARTESIAN_POINT ( 'NONE',  ( -35.21097840482689634, 11.52242660349225112, 23.80142751893396991 ) ) ;
#5413 = EDGE_LOOP ( 'NONE', ( #8016, #620, #3439, #1941 ) ) ;
#5414 = ADVANCED_FACE ( 'NONE', ( #8181 ), #1455, .T. ) ;
#5415 = VERTEX_POINT ( 'NONE', #4523 ) ;
#5416 = CARTESIAN_POINT ( 'NONE',  ( 64.56989347527186851, 91.23059238027872198, 7.500000000000000000 ) ) ;
#5417 = ADVANCED_FACE ( 'NONE', ( #18 ), #3693, .T. ) ;
#5418 = CARTESIAN_POINT ( 'NONE',  ( 34.51751045525497119, -10.22455240934112553, -68.50000000000000000 ) ) ;
#5419 = CARTESIAN_POINT ( 'NONE',  ( 64.56989347527186851, -3.230592380277680586, -296.5000000000003979 ) ) ;
#5420 = EDGE_LOOP ( 'NONE', ( #1554, #2546, #3051, #4879, #4131, #5613, #4090, #5402, #6107, #9597, #5009, #8010, #4350, #9, #5689, #3572 ) ) ;
#5421 = VECTOR ( 'NONE', #656, 1000.000000000000000 ) ;
#5422 = AXIS2_PLACEMENT_3D ( 'NONE', #894, #844, #7766 ) ;
#5423 = CYLINDRICAL_SURFACE ( 'NONE', #4325, 26.99999999999999645 ) ;
#5424 = CARTESIAN_POINT ( 'NONE',  ( 36.00000000000000000, 7.210909632948861784E-15, 9.198662110077986398 ) ) ;
#5425 = AXIS2_PLACEMENT_3D ( 'NONE', #6534, #4157, #684 ) ;
#5426 = CIRCLE ( 'NONE', #1156, 42.49999999999999289 ) ;
#5427 = EDGE_CURVE ( 'NONE', #4714, #1862, #8753, .T. ) ;
#5428 = ORIENTED_EDGE ( 'NONE', *, *, #9171, .T. ) ;
#5429 = DIRECTION ( 'NONE',  ( -1.000000000000000000, 0.000000000000000000, 0.000000000000000000 ) ) ;
#5430 = EDGE_CURVE ( 'NONE', #5329, #8628, #9087, .T. ) ;
#5431 = CYLINDRICAL_SURFACE ( 'NONE', #2666, 8.000000000000000000 ) ;
#5432 = CYLINDRICAL_SURFACE ( 'NONE', #2359, 36.00000000000000000 ) ;
#5433 = DIRECTION ( 'NONE',  ( 0.000000000000000000, -6.982962677686266711E-15, 1.000000000000000000 ) ) ;
#5434 = CIRCLE ( 'NONE', #7483, 3.000000000000001776 ) ;
#5435 = VECTOR ( 'NONE', #1901, 1000.000000000000114 ) ;
#5436 = ORIENTED_EDGE ( 'NONE', *, *, #3317, .F. ) ;
#5437 = DIRECTION ( 'NONE',  ( 1.000000000000000000, 0.000000000000000000, -0.000000000000000000 ) ) ;
#5438 = CIRCLE ( 'NONE', #7489, 42.49999999999999289 ) ;
#5439 = CARTESIAN_POINT ( 'NONE',  ( 5.204748896376249319E-15, 90.00000000000000000, 42.49999999999999289 ) ) ;
#5440 = ORIENTED_EDGE ( 'NONE', *, *, #5597, .T. ) ;
#5441 = CARTESIAN_POINT ( 'NONE',  ( 16.50000000000000355, 27.00000000000000000, -39.16631205513227343 ) ) ;
#5442 = CARTESIAN_POINT ( 'NONE',  ( -16.28393730846961418, 29.71673614403416863, 39.25680684169215340 ) ) ;
#5443 = CARTESIAN_POINT ( 'NONE',  ( 0.000000000000000000, 60.99999999999983658, -124.4999999999999147 ) ) ;
#5444 = ORIENTED_EDGE ( 'NONE', *, *, #5649, .T. ) ;
#5445 = CARTESIAN_POINT ( 'NONE',  ( 38.00000000000000000, 8.774964387392136800, -12.00000000000001421 ) ) ;
#5446 = CARTESIAN_POINT ( 'NONE',  ( -36.93151615443758118, 19.76133014311558966, -8.992585102679695908 ) ) ;
#5447 = VECTOR ( 'NONE', #4329, 1000.000000000000000 ) ;
#5448 = DIRECTION ( 'NONE',  ( 0.000000000000000000, -6.982962677686266711E-15, 1.000000000000000000 ) ) ;
#5449 = ORIENTED_EDGE ( 'NONE', *, *, #5180, .F. ) ;
#5450 = AXIS2_PLACEMENT_3D ( 'NONE', #373, #7943, #3494 ) ;
#5451 = VERTEX_POINT ( 'NONE', #6893 ) ;
#5452 = DIRECTION ( 'NONE',  ( 0.9890953164138879261, 0.1472767973854380019, 5.935695737181266442E-16 ) ) ;
#5453 = PLANE ( 'NONE',  #5251 ) ;
#5454 = ORIENTED_EDGE ( 'NONE', *, *, #3307, .F. ) ;
#5455 = DIRECTION ( 'NONE',  ( 0.9743589743589743390, -0.2249990868562085078, 0.000000000000000000 ) ) ;
#5456 = CARTESIAN_POINT ( 'NONE',  ( 4.776122516674677878E-15, 5.000000000003411493, -445.5000000000006253 ) ) ;
#5457 = ORIENTED_EDGE ( 'NONE', *, *, #7399, .F. ) ;
#5458 = CARTESIAN_POINT ( 'NONE',  ( 1.088077877893042000, 43.50000000000000000, 42.49999999999999289 ) ) ;
#5459 = EDGE_CURVE ( 'NONE', #6350, #8251, #7792, .T. ) ;
#5460 = AXIS2_PLACEMENT_3D ( 'NONE', #9669, #2096, #2198 ) ;
#5461 = EDGE_CURVE ( 'NONE', #5630, #8117, #7640, .T. ) ;
#5462 = AXIS2_PLACEMENT_3D ( 'NONE', #9307, #9260, #2384 ) ;
#5463 = DIRECTION ( 'NONE',  ( 0.000000000000000000, 0.000000000000000000, 1.000000000000000000 ) ) ;
#5464 = CARTESIAN_POINT ( 'NONE',  ( -22.48353060487813693, 30.00000000000000000, 19.00000000000000000 ) ) ;
#5465 = VERTEX_POINT ( 'NONE', #3148 ) ;
#5466 = DIRECTION ( 'NONE',  ( 0.2840153447039201473, -0.9588197348681938292, -6.695402423213638926E-15 ) ) ;
#5467 = ORIENTED_EDGE ( 'NONE', *, *, #6904, .T. ) ;
#5468 = ORIENTED_EDGE ( 'NONE', *, *, #6462, .F. ) ;
#5469 =( LENGTH_UNIT ( ) NAMED_UNIT ( * ) SI_UNIT ( .MILLI., .METRE. ) );
#5470 = CARTESIAN_POINT ( 'NONE',  ( 38.24240955119587682, 16.21864416169039558, -18.55942640720019554 ) ) ;
#5471 = AXIS2_PLACEMENT_3D ( 'NONE', #1041, #4071, #1433 ) ;
#5472 = DIRECTION ( 'NONE',  ( 1.000000000000000000, 0.000000000000000000, 0.000000000000000000 ) ) ;
#5473 = ORIENTED_EDGE ( 'NONE', *, *, #7607, .F. ) ;
#5474 = DIRECTION ( 'NONE',  ( 0.000000000000000000, 1.396592535537253342E-14, -1.000000000000000000 ) ) ;
#5475 = ADVANCED_FACE ( 'NONE', ( #5410 ), #4927, .F. ) ;
#5476 = DIRECTION ( 'NONE',  ( 0.000000000000000000, 0.000000000000000000, 1.000000000000000000 ) ) ;
#5477 = ADVANCED_FACE ( 'NONE', ( #4341, #5725 ), #385, .T. ) ;
#5478 = FACE_OUTER_BOUND ( 'NONE', #4338, .T. ) ;
#5479 = VERTEX_POINT ( 'NONE', #8778 ) ;
#5480 = DIRECTION ( 'NONE',  ( -1.000000000000000000, -2.584927402981195935E-16, 0.000000000000000000 ) ) ;
#5481 = CARTESIAN_POINT ( 'NONE',  ( 0.000000000000000000, 44.00000000000000000, -106.5000000000000000 ) ) ;
#5482 = FACE_OUTER_BOUND ( 'NONE', #1460, .T. ) ;
#5483 = DIRECTION ( 'NONE',  ( 0.000000000000000000, -1.000000000000000000, 0.000000000000000000 ) ) ;
#5484 = VECTOR ( 'NONE', #9282, 1000.000000000000000 ) ;
#5485 = EDGE_CURVE ( 'NONE', #4761, #7002, #7977, .T. ) ;
#5486 = EDGE_CURVE ( 'NONE', #7983, #8697, #715, .T. ) ;
#5487 = ORIENTED_EDGE ( 'NONE', *, *, #7355, .T. ) ;
#5488 = LINE ( 'NONE', #4744, #5313 ) ;
#5489 = AXIS2_PLACEMENT_3D ( 'NONE', #8828, #6620, #2213 ) ;
#5490 = CARTESIAN_POINT ( 'NONE',  ( -35.99999999994373923, 1.369582187388012073, -9.198662110062654662 ) ) ;
#5491 = ORIENTED_EDGE ( 'NONE', *, *, #6364, .F. ) ;
#5492 = CARTESIAN_POINT ( 'NONE',  ( 4.321662025790149464, 11.03871281324022036, -42.29329978791354705 ) ) ;
#5493 = CONTEXT_DEPENDENT_SHAPE_REPRESENTATION ( #6030, #7852 ) ;
#5494 = DIRECTION ( 'NONE',  ( -0.05233595624294046234, -0.9986295347545740553, 0.000000000000000000 ) ) ;
#5495 = CARTESIAN_POINT ( 'NONE',  ( -8.000000000000000000, 146.1386137946185215, -4.699999999999999289 ) ) ;
#5496 = PRODUCT_RELATED_PRODUCT_CATEGORY ( 'part', '', ( #3351 ) ) ;
#5497 = AXIS2_PLACEMENT_3D ( 'NONE', #4080, #355, #7039 ) ;
#5498 = VERTEX_POINT ( 'NONE', #2016 ) ;
#5499 = CARTESIAN_POINT ( 'NONE',  ( 12.39905978850648793, 16.10041436780860735, 40.65268686992296665 ) ) ;
#5500 = CARTESIAN_POINT ( 'NONE',  ( -35.01183351911120667, 17.94777509259553128, 14.79520435591613037 ) ) ;
#5501 = CARTESIAN_POINT ( 'NONE',  ( -16.45291068501536458, 11.63556222114966765, 34.25802592334413532 ) ) ;
#5502 = ORIENTED_EDGE ( 'NONE', *, *, #8068, .T. ) ;
#5503 = ORIENTED_EDGE ( 'NONE', *, *, #1072, .F. ) ;
#5504 = AXIS2_PLACEMENT_3D ( 'NONE', #8380, #4529, #7696 ) ;
#5505 = SHAPE_REPRESENTATION_RELATIONSHIP ( 'NONE' , 'NONE' ,  #7209, #8463 ) ;
#5506 = DIRECTION ( 'NONE',  ( 1.000000000000000000, 0.000000000000000000, 0.000000000000000000 ) ) ;
#5507 = ORIENTED_EDGE ( 'NONE', *, *, #2680, .T. ) ;
#5508 = DIRECTION ( 'NONE',  ( 0.000000000000000000, -1.396592535537253342E-14, 1.000000000000000000 ) ) ;
#5509 = AXIS2_PLACEMENT_3D ( 'NONE', #1105, #4177, #82 ) ;
#5510 = DIRECTION ( 'NONE',  ( -0.2840153447039201473, -0.9588197348681938292, -6.695402423213638926E-15 ) ) ;
#5511 = EDGE_LOOP ( 'NONE', ( #3045, #299, #5123, #501, #2645 ) ) ;
#5512 = DIRECTION ( 'NONE',  ( 1.000000000000000000, 0.000000000000000000, 0.000000000000000000 ) ) ;
#5513 = AXIS2_PLACEMENT_3D ( 'NONE', #350, #1487, #5891 ) ;
#5514 = CARTESIAN_POINT ( 'NONE',  ( 0.000000000000000000, 44.00000000000025580, -182.5000000000000284 ) ) ;
#5515 = FACE_BOUND ( 'NONE', #3457, .T. ) ;
#5516 = ORIENTED_EDGE ( 'NONE', *, *, #5898, .T. ) ;
#5517 = AXIS2_PLACEMENT_3D ( 'NONE', #8848, #5743, #6540 ) ;
#5518 = CARTESIAN_POINT ( 'NONE',  ( 0.000000000000000000, 0.000000000000000000, 19.00000000000000000 ) ) ;
#5519 = EDGE_LOOP ( 'NONE', ( #7108, #6843, #6498, #3491 ) ) ;
#5520 = ORIENTED_EDGE ( 'NONE', *, *, #4600, .F. ) ;
#5521 = DIRECTION ( 'NONE',  ( 0.000000000000000000, -1.000000000000000000, -7.195889974422311904E-15 ) ) ;
#5522 = ADVANCED_FACE ( 'NONE', ( #4290 ), #3257, .F. ) ;
#5523 = FACE_OUTER_BOUND ( 'NONE', #4704, .T. ) ;
#5524 = EDGE_CURVE ( 'NONE', #661, #3389, #5951, .T. ) ;
#5525 = ORIENTED_EDGE ( 'NONE', *, *, #4600, .T. ) ;
#5526 = DIRECTION ( 'NONE',  ( -0.000000000000000000, 6.982962677686266711E-15, -1.000000000000000000 ) ) ;
#5527 = CARTESIAN_POINT ( 'NONE',  ( 36.00000000000000000, 7.164980272229443066E-15, 11.95826074310138587 ) ) ;
#5528 = APPLICATION_CONTEXT ( 'automotive_design' ) ;
#5529 = CARTESIAN_POINT ( 'NONE',  ( 45.11680347406276326, 41.50655722074978371, -3.021713879153833382 ) ) ;
#5530 = ORIENTED_EDGE ( 'NONE', *, *, #9354, .F. ) ;
#5531 = DIRECTION ( 'NONE',  ( 0.000000000000000000, -6.982962677686266711E-15, 1.000000000000000000 ) ) ;
#5532 = EDGE_CURVE ( 'NONE', #9178, #1195, #2481, .T. ) ;
#5533 = ADVANCED_BREP_SHAPE_REPRESENTATION ( '', ( #5636, #3150 ), #6309 ) ;
#5534 = CARTESIAN_POINT ( 'NONE',  ( 0.000000000000000000, 0.000000000000000000, -68.50000000000000000 ) ) ;
#5535 = DIRECTION ( 'NONE',  ( 0.000000000000000000, -6.982962677686266711E-15, 1.000000000000000000 ) ) ;
#5536 = B_SPLINE_CURVE_WITH_KNOTS ( 'NONE', 3,
 ( #3146, #4038, #4768, #7689, #3945, #913 ),
 .UNSPECIFIED., .F., .F.,
 ( 4, 2, 4 ),
 ( 0.000000000000000000, 0.001668364605102630634, 0.003336729210205251726 ),
 .UNSPECIFIED. ) ;
#5537 = CARTESIAN_POINT ( 'NONE',  ( 29.64746461102429009, 11.57626703964773007, 23.77201966113994303 ) ) ;
#5538 = PRODUCT_DEFINITION_SHAPE ( 'NONE', 'NONE',  #9798 ) ;
#5539 = LINE ( 'NONE', #943, #3700 ) ;
#5540 = ORIENTED_EDGE ( 'NONE', *, *, #7783, .F. ) ;
#5541 = EDGE_CURVE ( 'NONE', #4442, #4270, #4204, .T. ) ;
#5542 = CARTESIAN_POINT ( 'NONE',  ( 0.000000000000000000, 0.000000000000000000, 19.00000000000000000 ) ) ;
#5543 = EDGE_CURVE ( 'NONE', #9557, #7824, #2132, .T. ) ;
#5544 = ITEM_DEFINED_TRANSFORMATION ( 'NONE', 'NONE', #5991,  #3150 ) ;
#5545 = PLANE ( 'NONE',  #7305 ) ;
#5546 = DIRECTION ( 'NONE',  ( 0.000000000000000000, 1.000000000000000000, 7.401486830834377462E-15 ) ) ;
#5547 = ORIENTED_EDGE ( 'NONE', *, *, #3067, .F. ) ;
#5548 = DIRECTION ( 'NONE',  ( -0.000000000000000000, -0.000000000000000000, -1.000000000000000000 ) ) ;
#5549 = CARTESIAN_POINT ( 'NONE',  ( -36.71129967538723093, 19.55274977210659415, -9.851531076019194089 ) ) ;
#5550 = CARTESIAN_POINT ( 'NONE',  ( -19.48599380825451277, 15.65912870359520781, 32.63653097699875616 ) ) ;
#5551 = ORIENTED_EDGE ( 'NONE', *, *, #8485, .F. ) ;
#5552 = EDGE_CURVE ( 'NONE', #4531, #7429, #1207, .T. ) ;
#5553 = EDGE_CURVE ( 'NONE', #436, #6386, #738, .T. ) ;
#5554 = CARTESIAN_POINT ( 'NONE',  ( 36.00000000000000000, 44.00000000000051159, -220.5000000000000284 ) ) ;
#5555 = DIRECTION ( 'NONE',  ( -1.826024711554533667E-16, -4.720141315418149384E-32, -1.000000000000000000 ) ) ;
#5556 = DIRECTION ( 'NONE',  ( 1.000000000000000000, 0.000000000000000000, 0.000000000000000000 ) ) ;
#5557 = CARTESIAN_POINT ( 'NONE',  ( 51.87408514266326875, 36.10073188586937931, 6.000000000000001776 ) ) ;
#5558 = ORIENTED_EDGE ( 'NONE', *, *, #4505, .F. ) ;
#5559 = LINE ( 'NONE', #860, #8712 ) ;
#5560 = PRODUCT ( 'piston pin', 'piston pin', '', ( #8952 ) ) ;
#5561 = DIRECTION ( 'NONE',  ( -1.000000000000000000, -0.000000000000000000, 0.000000000000000000 ) ) ;
#5562 = DIRECTION ( 'NONE',  ( -0.000000000000000000, -1.000000000000000000, -0.000000000000000000 ) ) ;
#5563 = ORIENTED_EDGE ( 'NONE', *, *, #5787, .T. ) ;
#5564 = CLOSED_SHELL ( 'NONE', ( #6384, #9089, #3420, #5225, #341, #8050, #4827, #7327, #2187, #9355, #8608, #2751, #8738, #8446, #8935, #4135, #5475, #9444, #2557, #6272, #3531, #3078, #5414, #3800, #1877, #9159, #8854, #8313, #3977, #8324, #9380, #6615, #1127, #4108, #6988, #4136, #2222, #7299, #3959 ) ) ;
#5565 = CARTESIAN_POINT ( 'NONE',  ( -55.00000000000000000, 49.00000000000230216, -463.5000000000000000 ) ) ;
#5566 = ORIENTED_EDGE ( 'NONE', *, *, #1482, .F. ) ;
#5567 = VERTEX_POINT ( 'NONE', #2818 ) ;
#5568 = PLANE ( 'NONE',  #4606 ) ;
#5569 = VERTEX_POINT ( 'NONE', #1223 ) ;
#5570 = DIRECTION ( 'NONE',  ( 1.000000000000000000, -0.000000000000000000, -0.000000000000000000 ) ) ;
#5571 = AXIS2_PLACEMENT_3D ( 'NONE', #514, #3541, #7936 ) ;
#5572 = CARTESIAN_POINT ( 'NONE',  ( 0.000000000000000000, 44.00000000000049738, -217.5000000000000568 ) ) ;
#5573 = EDGE_CURVE ( 'NONE', #3171, #6450, #1911, .T. ) ;
#5574 = PLANE ( 'NONE',  #7810 ) ;
#5575 = ORIENTED_EDGE ( 'NONE', *, *, #1459, .F. ) ;
#5576 = AXIS2_PLACEMENT_3D ( 'NONE', #3527, #1098, #4125 ) ;
#5577 = CARTESIAN_POINT ( 'NONE',  ( 0.000000000000000000, 56.13861379461851442, -9.000000000000000000 ) ) ;
#5578 = CIRCLE ( 'NONE', #2739, 35.99999999999999289 ) ;
#5579 = APPLICATION_CONTEXT ( 'automotive_design' ) ;
#5580 = DIRECTION ( 'NONE',  ( 0.000000000000000000, 6.982962677686266711E-15, -1.000000000000000000 ) ) ;
#5581 = VERTEX_POINT ( 'NONE', #7303 ) ;
#5582 = DIRECTION ( 'NONE',  ( -0.000000000000000000, 1.000000000000000000, -0.000000000000000000 ) ) ;
#5583 = TOROIDAL_SURFACE ( 'NONE', #6681, 30.00000000000000000, 3.000000000000000000 ) ;
#5584 = EDGE_CURVE ( 'NONE', #7264, #4091, #8921, .T. ) ;
#5585 = ADVANCED_FACE ( 'NONE', ( #5075, #4194 ), #9640, .F. ) ;
#5586 = CARTESIAN_POINT ( 'NONE',  ( -38.68750310502052514, 2.942672785202235186, -8.974572379110073328 ) ) ;
#5587 = CARTESIAN_POINT ( 'NONE',  ( -36.00000000000000000, -2.189125779142312269E-15, 19.00000000000000000 ) ) ;
#5588 = MANIFOLD_SOLID_BREP ( 'Fillet2', #499 ) ;
#5589 = VECTOR ( 'NONE', #1296, 1000.000000000000000 ) ;
#5590 = CONTEXT_DEPENDENT_SHAPE_REPRESENTATION ( #8098, #4919 ) ;
#5591 = CIRCLE ( 'NONE', #1325, 35.99999999999999289 ) ;
#5592 = CARTESIAN_POINT ( 'NONE',  ( -55.00000000000000000, 39.00000000000502354, -463.5000000000001137 ) ) ;
#5593 = ORIENTED_EDGE ( 'NONE', *, *, #251, .F. ) ;
#5594 = ADVANCED_FACE ( 'NONE', ( #9476 ), #2703, .T. ) ;
#5595 = CIRCLE ( 'NONE', #1805, 27.00000000000000000 ) ;
#5596 = CARTESIAN_POINT ( 'NONE',  ( 4.305137872009715316, 11.06226015591043321, 42.28462829177101412 ) ) ;
#5597 = EDGE_CURVE ( 'NONE', #907, #3392, #247, .T. ) ;
#5598 = DIRECTION ( 'NONE',  ( 0.000000000000000000, 1.000000000000000000, 1.423362852083533703E-14 ) ) ;
#5599 = CARTESIAN_POINT ( 'NONE',  ( -22.30995811664659101, 23.98691614972061714, 30.76157534073535516 ) ) ;
#5600 = ORIENTED_EDGE ( 'NONE', *, *, #7355, .F. ) ;
#5601 =( LENGTH_UNIT ( ) NAMED_UNIT ( * ) SI_UNIT ( .MILLI., .METRE. ) );
#5602 = DIRECTION ( 'NONE',  ( -0.000000000000000000, 0.000000000000000000, 1.000000000000000000 ) ) ;
#5603 = ORIENTED_EDGE ( 'NONE', *, *, #9649, .T. ) ;
#5604 = CARTESIAN_POINT ( 'NONE',  ( -38.00000000000000000, 8.774964387392145682, -12.00000000000000000 ) ) ;
#5605 = CARTESIAN_POINT ( 'NONE',  ( -38.25142132890805158, 7.323256995510633693, 9.000000000000008882 ) ) ;
#5606 = ORIENTED_EDGE ( 'NONE', *, *, #3344, .T. ) ;
#5607 = CARTESIAN_POINT ( 'NONE',  ( 8.757580376172219516, 40.99441970750348929, 41.59042748843377524 ) ) ;
#5608 = EDGE_CURVE ( 'NONE', #4442, #1299, #3397, .T. ) ;
#5609 = DIRECTION ( 'NONE',  ( 0.000000000000000000, 1.000000000000000000, 0.000000000000000000 ) ) ;
#5610 = UNCERTAINTY_MEASURE_WITH_UNIT (LENGTH_MEASURE( 1.000000000000000082E-05 ), #7124, 'distance_accuracy_value', 'NONE');
#5611 = CIRCLE ( 'NONE', #7027, 16.89999999999999858 ) ;
#5612 = CARTESIAN_POINT ( 'NONE',  ( -34.51751045525497119, -10.22455240933820697, -410.5000000000007958 ) ) ;
#5613 = ORIENTED_EDGE ( 'NONE', *, *, #6317, .T. ) ;
#5614 = DIRECTION ( 'NONE',  ( -0.000000000000000000, -0.000000000000000000, -1.000000000000000000 ) ) ;
#5615 = ORIENTED_EDGE ( 'NONE', *, *, #7405, .F. ) ;
#5616 = EDGE_LOOP ( 'NONE', ( #5712, #7778, #9580, #6112 ) ) ;
#5617 = CARTESIAN_POINT ( 'NONE',  ( 23.27861538330040503, 30.00000000000000000, -9.169995171090720376 ) ) ;
#5618 = ORIENTED_EDGE ( 'NONE', *, *, #5180, .T. ) ;
#5619 =( NAMED_UNIT ( * ) SI_UNIT ( $, .STERADIAN. ) SOLID_ANGLE_UNIT ( ) );
#5620 = AXIS2_PLACEMENT_3D ( 'NONE', #4183, #521, #3547 ) ;
#5621 = CARTESIAN_POINT ( 'NONE',  ( 0.000000000000000000, 201.1999999999999886, -19.00000000000000000 ) ) ;
#5622 = MANIFOLD_SOLID_BREP ( 'Chamfer2', #6351 ) ;
#5623 = VECTOR ( 'NONE', #5510, 1000.000000000000000 ) ;
#5624 = CARTESIAN_POINT ( 'NONE',  ( 45.71792120139922133, 41.02566303888063004, -1.570487309227255546 ) ) ;
#5625 = ORIENTED_EDGE ( 'NONE', *, *, #7049, .F. ) ;
#5626 = AXIS2_PLACEMENT_3D ( 'NONE', #2984, #3632, #5151 ) ;
#5627 = ORIENTED_EDGE ( 'NONE', *, *, #5883, .T. ) ;
#5628 = DIRECTION ( 'NONE',  ( 0.2840153447039201473, 0.9588197348681938292, 0.000000000000000000 ) ) ;
#5629 = DIRECTION ( 'NONE',  ( 0.000000000000000000, 1.000000000000000000, 1.423362852083533703E-14 ) ) ;
#5630 = VERTEX_POINT ( 'NONE', #6358 ) ;
#5631 = CARTESIAN_POINT ( 'NONE',  ( -22.50000000000000355, 27.00000000000000355, -30.62270399556512146 ) ) ;
#5632 = AXIS2_PLACEMENT_3D ( 'NONE', #9599, #1384, #6678 ) ;
#5633 = ORIENTED_EDGE ( 'NONE', *, *, #2774, .F. ) ;
#5634 = DIRECTION ( 'NONE',  ( 0.000000000000000000, 1.000000000000000000, 1.110223024625155594E-14 ) ) ;
#5635 = CARTESIAN_POINT ( 'NONE',  ( 0.000000000000000000, 44.00000000000341061, -445.5000000000000568 ) ) ;
#5636 = MANIFOLD_SOLID_BREP ( 'Cut-Extrude5', #27 ) ;
#5637 = VECTOR ( 'NONE', #7703, 1000.000000000000000 ) ;
#5638 = DIRECTION ( 'NONE',  ( 0.000000000000000000, -0.000000000000000000, -1.000000000000000000 ) ) ;
#5639 = EDGE_CURVE ( 'NONE', #4317, #7968, #1260, .T. ) ;
#5640 = PRODUCT_DEFINITION_SHAPE ( 'NONE', 'NONE',  #9775 ) ;
#5641 = ORIENTED_EDGE ( 'NONE', *, *, #7296, .T. ) ;
#5642 = AXIS2_PLACEMENT_3D ( 'NONE', #1910, #6474, #4924 ) ;
#5643 = CARTESIAN_POINT ( 'NONE',  ( 0.000000000000000000, 44.00000000000341061, -445.5000000000000568 ) ) ;
#5644 = CARTESIAN_POINT ( 'NONE',  ( 20.45435453617360011, 36.40242795532023479, -32.02708682932520645 ) ) ;
#5645 = CARTESIAN_POINT ( 'NONE',  ( -20.88047799206433552, 18.61016618507774467, 31.74955555424993747 ) ) ;
#5646 = ORIENTED_EDGE ( 'NONE', *, *, #6077, .T. ) ;
#5647 = DIRECTION ( 'NONE',  ( 0.000000000000000000, 1.000000000000000000, 1.110223024626062942E-14 ) ) ;
#5648 = DIRECTION ( 'NONE',  ( -0.000000000000000000, 0.000000000000000000, 1.000000000000000000 ) ) ;
#5649 = EDGE_CURVE ( 'NONE', #6346, #2399, #4508, .T. ) ;
#5650 = CYLINDRICAL_SURFACE ( 'NONE', #9502, 72.00000000000000000 ) ;
#5651 = VECTOR ( 'NONE', #5675, 1000.000000000000000 ) ;
#5652 = CARTESIAN_POINT ( 'NONE',  ( 22.50000000000000355, 201.1999999999999886, 19.00000000000000000 ) ) ;
#5653 = ORIENTED_EDGE ( 'NONE', *, *, #9573, .F. ) ;
#5654 = CARTESIAN_POINT ( 'NONE',  ( 38.00000000000002842, -95.70788891204317395, -1.396097351027982582E-14 ) ) ;
#5655 = CARTESIAN_POINT ( 'NONE',  ( -38.00000000000000000, 8.774964387392147458, 12.00000000000000000 ) ) ;
#5656 = CARTESIAN_POINT ( 'NONE',  ( 0.000000000000000000, 87.99999999999981526, -121.4999999999997158 ) ) ;
#5657 = EDGE_LOOP ( 'NONE', ( #4979, #9369, #9226, #6199 ) ) ;
#5658 = VECTOR ( 'NONE', #9335, 1000.000000000000000 ) ;
#5659 = CARTESIAN_POINT ( 'NONE',  ( 64.56989347527186851, -3.230592380278479503, -182.5000000000003695 ) ) ;
#5660 = ORIENTED_EDGE ( 'NONE', *, *, #9273, .F. ) ;
#5661 = EDGE_LOOP ( 'NONE', ( #3199, #5010, #7204, #1958 ) ) ;
#5662 = DIRECTION ( 'NONE',  ( -0.7808688094430301652, -0.6246950475544243986, 1.425885742525141845E-16 ) ) ;
#5663 = AXIS2_PLACEMENT_3D ( 'NONE', #4345, #8637, #6478 ) ;
#5664 = DIRECTION ( 'NONE',  ( 0.000000000000000000, 6.982962677686266711E-15, -1.000000000000000000 ) ) ;
#5665 = ADVANCED_FACE ( 'NONE', ( #7533 ), #1514, .F. ) ;
#5666 = ORIENTED_EDGE ( 'NONE', *, *, #5461, .F. ) ;
#5667 = EDGE_CURVE ( 'NONE', #7378, #1252, #6727, .T. ) ;
#5668 = AXIS2_PLACEMENT_3D ( 'NONE', #1970, #1870, #4149 ) ;
#5669 = DIRECTION ( 'NONE',  ( -0.000000000000000000, -1.396592535537253342E-14, 1.000000000000000000 ) ) ;
#5670 = DIRECTION ( 'NONE',  ( 0.000000000000000000, 0.000000000000000000, 1.000000000000000000 ) ) ;
#5671 = AXIS2_PLACEMENT_3D ( 'NONE', #1883, #404, #5452 ) ;
#5672 = CARTESIAN_POINT ( 'NONE',  ( 40.85852819083063281, 44.91317744733751027, -8.764354722068141257 ) ) ;
#5673 = ORIENTED_EDGE ( 'NONE', *, *, #1303, .F. ) ;
#5674 = CIRCLE ( 'NONE', #3158, 40.00000000000000711 ) ;
#5675 = DIRECTION ( 'NONE',  ( -0.2840153447039201473, 0.9588197348681938292, 1.339080484642727785E-14 ) ) ;
#5676 = EDGE_CURVE ( 'NONE', #7142, #4542, #9719, .T. ) ;
#5677 = FACE_OUTER_BOUND ( 'NONE', #8672, .T. ) ;
#5678 = VERTEX_POINT ( 'NONE', #4326 ) ;
#5679 = EDGE_CURVE ( 'NONE', #1942, #207, #2053, .T. ) ;
#5680 = CARTESIAN_POINT ( 'NONE',  ( 64.56989347527186851, 91.23059238027872198, -68.50000000000000000 ) ) ;
#5681 = AXIS2_PLACEMENT_3D ( 'NONE', #5796, #3574, #651 ) ;
#5682 = CIRCLE ( 'NONE', #2364, 3.000000000000001332 ) ;
#5683 = CARTESIAN_POINT ( 'NONE',  ( 0.000000000000000000, 146.1386137946185215, -4.699999999999999289 ) ) ;
#5684 = EDGE_LOOP ( 'NONE', ( #6650, #6989, #6933, #2503 ) ) ;
#5685 = CARTESIAN_POINT ( 'NONE',  ( -34.51751045525497119, 98.22455240934218068, -296.4999999999997158 ) ) ;
#5686 = DIRECTION ( 'NONE',  ( 0.000000000000000000, 1.000000000000000000, 1.387778780781445991E-14 ) ) ;
#5687 = ITEM_DEFINED_TRANSFORMATION ( 'NONE', 'NONE', #9313,  #3150 ) ;
#5688 = LINE ( 'NONE', #1278, #835 ) ;
#5689 = ORIENTED_EDGE ( 'NONE', *, *, #6640, .T. ) ;
#5690 = B_SPLINE_CURVE_WITH_KNOTS ( 'NONE', 3,
 ( #5737, #8742, #4994, #8014, #8692, #4893, #8789, #1236, #7502, #5644, #490, #2778, #8646, #1130, #5791, #2029, #5181, #1878, #7168, #7918, #397, #6436, #1923, #1425, #9449, #2967, #4436, #2678, #7449, #3708, #5693, #4941 ),
 .UNSPECIFIED., .F., .F.,
 ( 4, 2, 2, 2, 2, 2, 2, 2, 2, 2, 2, 2, 2, 2, 2, 4 ),
 ( 0.1081275866922835338, 0.1126266957897063548, 0.1137514730640620669, 0.1148762503384177791, 0.1171258048871292035, 0.1193753594358406139, 0.1216249139845520383, 0.1261240230819748731, 0.1283735776306862975, 0.1306231321793976941, 0.1328726867281091184, 0.1339974640024648167, 0.1351222412768205428, 0.1396213503742433637, 0.1418709049229547881, 0.1441204594716662124 ),
 .UNSPECIFIED. ) ;
#5691 = CARTESIAN_POINT ( 'NONE',  ( 0.000000000000000000, 0.000000000000000000, -7.500000000000000000 ) ) ;
#5692 = ADVANCED_FACE ( 'NONE', ( #1452 ), #9401, .F. ) ;
#5693 = CARTESIAN_POINT ( 'NONE',  ( 0.7617568208735461255, 49.50000000000000000, -38.00000000000000711 ) ) ;
#5694 = CARTESIAN_POINT ( 'NONE',  ( 38.75000000000000711, 2.780653090851196070E-15, -8.968695557326062939 ) ) ;
#5695 = ORIENTED_EDGE ( 'NONE', *, *, #5459, .T. ) ;
#5696 = DIRECTION ( 'NONE',  ( 0.000000000000000000, 1.396592535537253342E-14, -1.000000000000000000 ) ) ;
#5697 = CARTESIAN_POINT ( 'NONE',  ( -2.081668171172168513E-14, 204.5319541335546205, 433.0000000000000000 ) ) ;
#5698 = DIRECTION ( 'NONE',  ( -1.000000000000000000, -0.000000000000000000, 0.000000000000000000 ) ) ;
#5699 = DIRECTION ( 'NONE',  ( -0.000000000000000000, -1.396592535537253342E-14, 1.000000000000000000 ) ) ;
#5700 = DIRECTION ( 'NONE',  ( 1.000000000000000000, 0.000000000000000000, 0.000000000000000000 ) ) ;
#5701 = ORIENTED_EDGE ( 'NONE', *, *, #7063, .T. ) ;
#5702 = CARTESIAN_POINT ( 'NONE',  ( 15.44216668724153863, 32.83820586098531180, 39.59595290782402088 ) ) ;
#5703 = CARTESIAN_POINT ( 'NONE',  ( 32.31098884280702066, 15.41602615938555942, 20.00000000000000355 ) ) ;
#5704 = ADVANCED_FACE ( 'NONE', ( #2850 ), #4463, .T. ) ;
#5705 = CARTESIAN_POINT ( 'NONE',  ( -38.25142132890803737, 7.323256995510599943, 9.000000000000008882 ) ) ;
#5706 = EDGE_LOOP ( 'NONE', ( #3194, #3252 ) ) ;
#5707 = DIRECTION ( 'NONE',  ( -0.000000000000000000, -1.396592535537253342E-14, 1.000000000000000000 ) ) ;
#5708 = ORIENTED_EDGE ( 'NONE', *, *, #824, .T. ) ;
#5709 = ORIENTED_EDGE ( 'NONE', *, *, #896, .F. ) ;
#5710 = CYLINDRICAL_SURFACE ( 'NONE', #5509, 16.50000000000000355 ) ;
#5711 = LINE ( 'NONE', #7284, #8395 ) ;
#5712 = ORIENTED_EDGE ( 'NONE', *, *, #857, .F. ) ;
#5713 = CARTESIAN_POINT ( 'NONE',  ( 0.000000000000000000, 0.000000000000000000, 11.99999999999999289 ) ) ;
#5714 = CARTESIAN_POINT ( 'NONE',  ( 0.000000000000000000, 118.0000000000009237, -278.4999999999995453 ) ) ;
#5715 = EDGE_CURVE ( 'NONE', #1582, #9006, #5962, .T. ) ;
#5716 = CARTESIAN_POINT ( 'NONE',  ( 56.00000000000001421, 33.75812545754028804, 9.000000000000000000 ) ) ;
#5717 = CARTESIAN_POINT ( 'NONE',  ( -20.16605508931465351, 37.08498654785389448, -32.21470564125841918 ) ) ;
#5718 = ORIENTED_EDGE ( 'NONE', *, *, #525, .F. ) ;
#5719 = ORIENTED_EDGE ( 'NONE', *, *, #4926, .T. ) ;
#5720 = DIRECTION ( 'NONE',  ( -0.000000000000000000, 1.000000000000000000, -0.000000000000000000 ) ) ;
#5721 = CARTESIAN_POINT ( 'NONE',  ( 38.00000000000000000, 30.00000000000000000, -4.500000000000011546 ) ) ;
#5722 = ORIENTED_EDGE ( 'NONE', *, *, #2097, .T. ) ;
#5723 = CARTESIAN_POINT ( 'NONE',  ( 0.000000000000000000, 88.00000000000051159, -220.4999999999997442 ) ) ;
#5724 = DIRECTION ( 'NONE',  ( 0.000000000000000000, 0.000000000000000000, 1.000000000000000000 ) ) ;
#5725 = FACE_OUTER_BOUND ( 'NONE', #9025, .T. ) ;
#5726 = EDGE_CURVE ( 'NONE', #1369, #6311, #5135, .T. ) ;
#5727 = AXIS2_PLACEMENT_3D ( 'NONE', #8418, #3244, #2500 ) ;
#5728 = CIRCLE ( 'NONE', #4007, 4.499999999999997335 ) ;
#5729 = CARTESIAN_POINT ( 'NONE',  ( 36.00000000000000000, 44.00000000000344613, -448.5000000000000568 ) ) ;
#5730 = CARTESIAN_POINT ( 'NONE',  ( 22.30828598448236022, 23.97312387797710187, -30.76279121407450745 ) ) ;
#5731 = DIRECTION ( 'NONE',  ( -0.000000000000000000, -6.982962677686266711E-15, 1.000000000000000000 ) ) ;
#5732 = VECTOR ( 'NONE', #8663, 1000.000000000000000 ) ;
#5733 = CIRCLE ( 'NONE', #1470, 3.000000000000001332 ) ;
#5734 = TOROIDAL_SURFACE ( 'NONE', #2572, 39.00000000000000000, 3.000000000000000000 ) ;
#5735 = ORIENTED_EDGE ( 'NONE', *, *, #7110, .F. ) ;
#5736 = PLANE ( 'NONE',  #9424 ) ;
#5737 = CARTESIAN_POINT ( 'NONE',  ( 22.50000000000000355, 27.00000000000000000, -30.62270399556511435 ) ) ;
#5738 = AXIS2_PLACEMENT_3D ( 'NONE', #8510, #7772, #9206 ) ;
#5739 = VECTOR ( 'NONE', #5570, 1000.000000000000000 ) ;
#5740 =( NAMED_UNIT ( * ) PLANE_ANGLE_UNIT ( ) SI_UNIT ( $, .RADIAN. ) );
#5741 = ORIENTED_EDGE ( 'NONE', *, *, #7708, .T. ) ;
#5742 = DIRECTION ( 'NONE',  ( -0.000000000000000000, -0.000000000000000000, 1.000000000000000000 ) ) ;
#5743 = DIRECTION ( 'NONE',  ( 0.000000000000000000, 0.000000000000000000, 1.000000000000000000 ) ) ;
#5744 = DIRECTION ( 'NONE',  ( 0.000000000000000000, 0.000000000000000000, -1.000000000000000000 ) ) ;
#5745 = CARTESIAN_POINT ( 'NONE',  ( -46.14815601432728442, 40.68147518853475475, -4.003848497544360008 ) ) ;
#5746 = CYLINDRICAL_SURFACE ( 'NONE', #5940, 4.999999999998637534 ) ;
#5747 = AXIS2_PLACEMENT_3D ( 'NONE', #9225, #8477, #7092 ) ;
#5748 = ORIENTED_EDGE ( 'NONE', *, *, #7441, .T. ) ;
#5749 = AXIS2_PLACEMENT_3D ( 'NONE', #2950, #5963, #2200 ) ;
#5750 = DIRECTION ( 'NONE',  ( 1.000000000000000000, 0.000000000000000000, 0.000000000000000000 ) ) ;
#5751 = DIRECTION ( 'NONE',  ( -0.2249990868562090629, -0.9743589743589742280, -0.000000000000000000 ) ) ;
#5752 = DIRECTION ( 'NONE',  ( 0.000000000000000000, 0.000000000000000000, -1.000000000000000000 ) ) ;
#5753 = ORIENTED_EDGE ( 'NONE', *, *, #7843, .F. ) ;
#5754 = CARTESIAN_POINT ( 'NONE',  ( 0.000000000000000000, 82.69999999999998863, 0.000000000000000000 ) ) ;
#5755 = ORIENTED_EDGE ( 'NONE', *, *, #927, .T. ) ;
#5756 = ORIENTED_EDGE ( 'NONE', *, *, #9649, .F. ) ;
#5757 = AXIS2_PLACEMENT_3D ( 'NONE', #8807, #4367, #8858 ) ;
#5758 = CARTESIAN_POINT ( 'NONE',  ( 27.00000000000000000, 0.000000000000000000, -10.50000000000000178 ) ) ;
#5759 = CARTESIAN_POINT ( 'NONE',  ( 0.000000000000000000, 44.00000000000002132, -106.5000000000000142 ) ) ;
#5760 = ORIENTED_EDGE ( 'NONE', *, *, #6031, .T. ) ;
#5761 = EDGE_CURVE ( 'NONE', #7192, #8269, #876, .T. ) ;
#5762 = SURFACE_STYLE_USAGE ( .BOTH. , #2652 ) ;
#5763 = EDGE_CURVE ( 'NONE', #5479, #5907, #9256, .T. ) ;
#5764 = DIRECTION ( 'NONE',  ( 0.000000000000000000, -1.000000000000000000, -1.110223024625174053E-14 ) ) ;
#5765 = AXIS2_PLACEMENT_3D ( 'NONE', #8162, #1490, #4501 ) ;
#5766 = CARTESIAN_POINT ( 'NONE',  ( 36.00000000000000000, 1.360878165056684352, -11.95826074310141429 ) ) ;
#5767 = CARTESIAN_POINT ( 'NONE',  ( 28.84508341260873010, 9.073146825426642081, 24.73839438735294038 ) ) ;
#5768 = LINE ( 'NONE', #2756, #1483 ) ;
#5769 = ORIENTED_EDGE ( 'NONE', *, *, #6630, .F. ) ;
#5770 = ORIENTED_EDGE ( 'NONE', *, *, #6736, .F. ) ;
#5771 = FACE_OUTER_BOUND ( 'NONE', #8827, .T. ) ;
#5772 = AXIS2_PLACEMENT_3D ( 'NONE', #9274, #2544, #6992 ) ;
#5773 = DIRECTION ( 'NONE',  ( 0.000000000000000000, 1.396592535537253342E-14, -1.000000000000000000 ) ) ;
#5774 = ORIENTED_EDGE ( 'NONE', *, *, #884, .T. ) ;
#5775 = CYLINDRICAL_SURFACE ( 'NONE', #111, 39.50000000000000000 ) ;
#5776 = ADVANCED_FACE ( 'NONE', ( #1406 ), #3741, .T. ) ;
#5777 = ADVANCED_FACE ( 'NONE', ( #9767 ), #570, .T. ) ;
#5778 = CARTESIAN_POINT ( 'NONE',  ( -38.43829896936482982, 5.866068028336100859, -8.990188665593597861 ) ) ;
#5779 = CARTESIAN_POINT ( 'NONE',  ( -37.99999999999997158, -95.70788891204318816, 0.000000000000000000 ) ) ;
#5780 = AXIS2_PLACEMENT_3D ( 'NONE', #7132, #7928, #360 ) ;
#5781 = DIRECTION ( 'NONE',  ( 0.000000000000000000, -1.000000000000000000, 0.000000000000000000 ) ) ;
#5782 = CARTESIAN_POINT ( 'NONE',  ( 28.61817604250836666, 4.592425496802573578E-15, -25.00000000000000000 ) ) ;
#5783 = ITEM_DEFINED_TRANSFORMATION ( 'NONE', 'NONE', #8199,  #3150 ) ;
#5784 = CARTESIAN_POINT ( 'NONE',  ( 5.204749076441192260E-15, 43.50000000000000711, 42.49999999999999289 ) ) ;
#5785 = AXIS2_PLACEMENT_3D ( 'NONE', #7612, #938, #3868 ) ;
#5786 = EDGE_CURVE ( 'NONE', #436, #219, #3641, .T. ) ;
#5787 = EDGE_CURVE ( 'NONE', #1942, #9001, #4591, .T. ) ;
#5788 = B_SPLINE_CURVE_WITH_KNOTS ( 'NONE', 3,
 ( #7125, #4855, #5797, #7877, #3379, #352 ),
 .UNSPECIFIED., .F., .F.,
 ( 4, 2, 4 ),
 ( 0.000000000000000000, 0.004076250747534592399, 0.008152501495069184798 ),
 .UNSPECIFIED. ) ;
#5789 = VERTEX_POINT ( 'NONE', #9016 ) ;
#5790 = CARTESIAN_POINT ( 'NONE',  ( -38.00000000000000000, 30.00000000000000000, -4.499999999999998224 ) ) ;
#5791 = CARTESIAN_POINT ( 'NONE',  ( 16.94953413446518908, 41.86783943791698448, -34.02907093693423946 ) ) ;
#5792 = AXIS2_PLACEMENT_3D ( 'NONE', #2363, #5979, #6073 ) ;
#5793 = CARTESIAN_POINT ( 'NONE',  ( 36.00000000000000711, 1.360878165055775746, -11.95826074310524767 ) ) ;
#5794 = ORIENTED_EDGE ( 'NONE', *, *, #5039, .F. ) ;
#5795 = DIRECTION ( 'NONE',  ( 0.000000000000000000, 0.000000000000000000, -1.000000000000000000 ) ) ;
#5796 = CARTESIAN_POINT ( 'NONE',  ( 3.440130798408041622E-14, 217.8800011913960759, 205.0000000000000568 ) ) ;
#5797 = CARTESIAN_POINT ( 'NONE',  ( 35.61464024155682040, 5.426187063174174874, -11.98701582130421528 ) ) ;
#5798 = EDGE_CURVE ( 'NONE', #6482, #739, #6256, .T. ) ;
#5799 = CARTESIAN_POINT ( 'NONE',  ( -45.71792120140096216, 41.02566303887925159, 1.570487309227079908 ) ) ;
#5800 = DIRECTION ( 'NONE',  ( 0.000000000000000000, 1.000000000000000000, 1.110223024625174053E-14 ) ) ;
#5801 = CIRCLE ( 'NONE', #7858, 36.00000000000000000 ) ;
#5802 = ORIENTED_EDGE ( 'NONE', *, *, #1798, .T. ) ;
#5803 = DIRECTION ( 'NONE',  ( 0.000000000000000000, -1.396592535537253342E-14, 1.000000000000000000 ) ) ;
#5804 = PRODUCT ( 'connecting rod cap', 'connecting rod cap', '', ( #3075 ) ) ;
#5805 = DIRECTION ( 'NONE',  ( 0.000000000000000000, -1.396592535537253342E-14, 1.000000000000000000 ) ) ;
#5806 = DIRECTION ( 'NONE',  ( 0.000000000000000000, 1.396592535537253342E-14, -1.000000000000000000 ) ) ;
#5807 = VERTEX_POINT ( 'NONE', #7434 ) ;
#5808 = PLANE ( 'NONE',  #5757 ) ;
#5809 = VERTEX_POINT ( 'NONE', #665 ) ;
#5810 = VERTEX_POINT ( 'NONE', #3688 ) ;
#5811 = VECTOR ( 'NONE', #139, 1000.000000000000114 ) ;
#5812 = DIRECTION ( 'NONE',  ( 0.000000000000000000, -1.000000000000000000, -1.396592535537253184E-14 ) ) ;
#5813 = CARTESIAN_POINT ( 'NONE',  ( 8.000000000000000000, 146.1386137946185215, -9.000000000000000000 ) ) ;
#5814 = EDGE_LOOP ( 'NONE', ( #1512, #1849, #1718, #2901 ) ) ;
#5815 = DIRECTION ( 'NONE',  ( -0.000000000000000000, -1.396592535537253342E-14, 1.000000000000000000 ) ) ;
#5816 = AXIS2_PLACEMENT_3D ( 'NONE', #9268, #3939, #3240 ) ;
#5817 = DIRECTION ( 'NONE',  ( 0.000000000000000000, -1.000000000000000000, -6.938893903907228378E-15 ) ) ;
#5818 = DIRECTION ( 'NONE',  ( 0.000000000000000000, 0.000000000000000000, 1.000000000000000000 ) ) ;
#5819 = CARTESIAN_POINT ( 'NONE',  ( -21.27186509289191108, 19.63035333585838771, -31.48934881529288887 ) ) ;
#5820 = EDGE_LOOP ( 'NONE', ( #5966, #9616, #6834, #5625 ) ) ;
#5821 = EDGE_CURVE ( 'NONE', #9022, #92, #7685, .T. ) ;
#5822 = EDGE_CURVE ( 'NONE', #2192, #7824, #6253, .T. ) ;
#5823 = ORIENTED_EDGE ( 'NONE', *, *, #6281, .F. ) ;
#5824 = DIRECTION ( 'NONE',  ( -1.000000000000000000, -2.584927402981196428E-16, 0.000000000000000000 ) ) ;
#5825 = DIRECTION ( 'NONE',  ( -1.000000000000000000, 0.000000000000000000, 0.000000000000000000 ) ) ;
#5826 = VERTEX_POINT ( 'NONE', #910 ) ;
#5827 = CIRCLE ( 'NONE', #604, 3.000000000000000000 ) ;
#5828 = CARTESIAN_POINT ( 'NONE',  ( -33.50000000000000000, 1.163217331341537924E-15, 5.510910596163087583E-16 ) ) ;
#5829 = DIRECTION ( 'NONE',  ( 0.000000000000000000, 0.000000000000000000, 1.000000000000000000 ) ) ;
#5830 = DIRECTION ( 'NONE',  ( 1.000000000000000000, 0.000000000000000000, 0.000000000000000000 ) ) ;
#5831 = CIRCLE ( 'NONE', #5988, 3.000000000000000000 ) ;
#5832 = EDGE_CURVE ( 'NONE', #3579, #2860, #2444, .T. ) ;
#5833 = CARTESIAN_POINT ( 'NONE',  ( -42.49999999999999289, 9.184850993605148733E-15, -25.00000000000000000 ) ) ;
#5834 = FACE_OUTER_BOUND ( 'NONE', #5616, .T. ) ;
#5835 = CYLINDRICAL_SURFACE ( 'NONE', #5364, 22.50000000000000000 ) ;
#5836 = CONTEXT_DEPENDENT_SHAPE_REPRESENTATION ( #7352, #2086 ) ;
#5837 = FACE_OUTER_BOUND ( 'NONE', #2757, .T. ) ;
#5838 = TOROIDAL_SURFACE ( 'NONE', #6470, 30.00000000000000000, 3.000000000000000000 ) ;
#5839 = EDGE_LOOP ( 'NONE', ( #5719, #5298 ) ) ;
#5840 = LINE ( 'NONE', #1371, #8896 ) ;
#5841 = CARTESIAN_POINT ( 'NONE',  ( -22.50000000000000355, 27.00000000000000000, 19.00000000000000000 ) ) ;
#5842 =( REPRESENTATION_RELATIONSHIP ('NONE','NONE', #7863, #6533 ) REPRESENTATION_RELATIONSHIP_WITH_TRANSFORMATION ( #986 )SHAPE_REPRESENTATION_RELATIONSHIP( ) );
#5843 = EDGE_CURVE ( 'NONE', #2981, #2660, #2937, .T. ) ;
#5844 = LINE ( 'NONE', #6778, #9530 ) ;
#5845 = EDGE_LOOP ( 'NONE', ( #4069, #3930, #1993, #7094 ) ) ;
#5846 = FACE_BOUND ( 'NONE', #365, .T. ) ;
#5847 = DIRECTION ( 'NONE',  ( -0.6611883232484578876, 2.268294906997739291E-16, -0.7502199685424887354 ) ) ;
#5848 = DIRECTION ( 'NONE',  ( 0.000000000000000000, 1.000000000000000000, 0.000000000000000000 ) ) ;
#5849 = CARTESIAN_POINT ( 'NONE',  ( -40.65962490957996778, 45.07230007233604852, 6.000000000000873968 ) ) ;
#5850 = CARTESIAN_POINT ( 'NONE',  ( 36.00000000000000711, 0.000000000000000000, -19.00000000000000000 ) ) ;
#5851 = ORIENTED_EDGE ( 'NONE', *, *, #7698, .F. ) ;
#5852 = LINE ( 'NONE', #751, #9686 ) ;
#5853 = LINE ( 'NONE', #9659, #1825 ) ;
#5854 = EDGE_CURVE ( 'NONE', #4317, #7963, #8454, .T. ) ;
#5855 = CARTESIAN_POINT ( 'NONE',  ( -38.75000000000000000, -1.938695552235898924E-16, 8.968695557326046952 ) ) ;
#5856 = EDGE_CURVE ( 'NONE', #6663, #1097, #8468, .T. ) ;
#5857 = CARTESIAN_POINT ( 'NONE',  ( 18.49218940641787157, 57.00000000000000711, 8.999999999999989342 ) ) ;
#5858 = VERTEX_POINT ( 'NONE', #3091 ) ;
#5859 = EDGE_LOOP ( 'NONE', ( #6793, #3498, #5404, #2074 ) ) ;
#5860 = PLANE ( 'NONE',  #1868 ) ;
#5861 = DIRECTION ( 'NONE',  ( -1.224646799147353207E-16, 1.000000000000000000, 0.000000000000000000 ) ) ;
#5862 = ORIENTED_EDGE ( 'NONE', *, *, #8028, .T. ) ;
#5863 = CARTESIAN_POINT ( 'NONE',  ( 0.000000000000000000, 44.00000000000000000, -71.50000000000001421 ) ) ;
#5864 = CARTESIAN_POINT ( 'NONE',  ( 4.776122516674677878E-15, 82.99999999999998579, -103.4999999999997300 ) ) ;
#5865 = DIRECTION ( 'NONE',  ( 1.224646799147351975E-16, 1.000000000000000000, 0.000000000000000000 ) ) ;
#5866 = DIRECTION ( 'NONE',  ( -0.000000000000000000, 1.396592535537253342E-14, -1.000000000000000000 ) ) ;
#5867 = ORIENTED_EDGE ( 'NONE', *, *, #9040, .T. ) ;
#5868 = DIRECTION ( 'NONE',  ( -0.000000000000000000, -0.000000000000000000, 1.000000000000000000 ) ) ;
#5869 = ORIENTED_EDGE ( 'NONE', *, *, #7535, .T. ) ;
#5870 = ORIENTED_EDGE ( 'NONE', *, *, #5884, .F. ) ;
#5871 = CARTESIAN_POINT ( 'NONE',  ( -36.00000000000000000, -4.063483783619555363E-15, 9.198662110077997056 ) ) ;
#5872 = CARTESIAN_POINT ( 'NONE',  ( 38.00000000000002842, -95.70788891204317395, -1.396097351027982582E-14 ) ) ;
#5873 = ORIENTED_EDGE ( 'NONE', *, *, #6317, .F. ) ;
#5874 = LINE ( 'NONE', #8880, #749 ) ;
#5875 = CARTESIAN_POINT ( 'NONE',  ( 0.000000000000000000, 59.50000000000000000, -42.49999999999999289 ) ) ;
#5876 = EDGE_CURVE ( 'NONE', #3843, #3737, #7833, .T. ) ;
#5877 = DIRECTION ( 'NONE',  ( -2.584927402981196428E-16, 1.000000000000000000, 0.000000000000000000 ) ) ;
#5878 = CARTESIAN_POINT ( 'NONE',  ( -14.81834100315696823, 34.33614129930919745, -39.83543996082572392 ) ) ;
#5879 = CARTESIAN_POINT ( 'NONE',  ( 35.94579507938281893, 18.82878930018264896, -12.35577881503228959 ) ) ;
#5880 = CIRCLE ( 'NONE', #9195, 26.99999999999999645 ) ;
#5881 = LINE ( 'NONE', #6673, #7097 ) ;
#5882 = DIRECTION ( 'NONE',  ( -0.000000000000000000, 6.982962677686266711E-15, -1.000000000000000000 ) ) ;
#5883 = EDGE_CURVE ( 'NONE', #5370, #428, #3260, .T. ) ;
#5884 = EDGE_CURVE ( 'NONE', #3750, #5465, #3987, .T. ) ;
#5885 = SHAPE_REPRESENTATION ( 'connecting rod', ( #3150 ), #6309 ) ;
#5886 = EDGE_LOOP ( 'NONE', ( #7894, #3752, #1435, #7856 ) ) ;
#5887 = TOROIDAL_SURFACE ( 'NONE', #4147, 30.00000000000000000, 3.000000000000000000 ) ;
#5888 = CARTESIAN_POINT ( 'NONE',  ( 64.56989347527186851, 91.23059238028164941, -410.4999999999994316 ) ) ;
#5889 = CARTESIAN_POINT ( 'NONE',  ( -64.56989347527186851, 91.23059238027872198, 7.500000000000000000 ) ) ;
#5890 = ORIENTED_EDGE ( 'NONE', *, *, #649, .T. ) ;
#5891 = DIRECTION ( 'NONE',  ( 0.05233595624294046927, -0.9986295347545740553, 0.000000000000000000 ) ) ;
#5892 = CIRCLE ( 'NONE', #1934, 80.00000000000000000 ) ;
#5893 = CARTESIAN_POINT ( 'NONE',  ( 29.63209163394999734, 32.52597647107646850, 91.00000000000009948 ) ) ;
#5894 = CARTESIAN_POINT ( 'NONE',  ( 0.000000000000000000, 59.50000000000000000, 0.000000000000000000 ) ) ;
#5895 = AXIS2_PLACEMENT_3D ( 'NONE', #3874, #1733, #1586 ) ;
#5896 = CARTESIAN_POINT ( 'NONE',  ( -40.85852819083312681, 44.91317744734357831, -8.764354722066594050 ) ) ;
#5897 = CYLINDRICAL_SURFACE ( 'NONE', #4818, 38.00000000000000000 ) ;
#5898 = EDGE_CURVE ( 'NONE', #6755, #2890, #5301, .T. ) ;
#5899 = ADVANCED_FACE ( 'NONE', ( #7780, #2394 ), #2497, .F. ) ;
#5900 = ORIENTED_EDGE ( 'NONE', *, *, #1732, .F. ) ;
#5901 = DIRECTION ( 'NONE',  ( 0.000000000000000000, 6.982962677686266711E-15, -1.000000000000000000 ) ) ;
#5902 = AXIS2_PLACEMENT_3D ( 'NONE', #9351, #2576, #5598 ) ;
#5903 = DIRECTION ( 'NONE',  ( -0.000000000000000000, -6.982962677686266711E-15, 1.000000000000000000 ) ) ;
#5904 = AXIS2_PLACEMENT_3D ( 'NONE', #4028, #255, #4074 ) ;
#5905 = CARTESIAN_POINT ( 'NONE',  ( -38.00000000000000711, 43.35812545754031078, 9.000000000000000000 ) ) ;
#5906 = LINE ( 'NONE', #2386, #4943 ) ;
#5907 = VERTEX_POINT ( 'NONE', #6986 ) ;
#5908 = VERTEX_POINT ( 'NONE', #7040 ) ;
#5909 = CARTESIAN_POINT ( 'NONE',  ( -35.99999999994373923, 1.369582187388012073, 9.198662110062654662 ) ) ;
#5910 = CARTESIAN_POINT ( 'NONE',  ( 11.40755706739557596, 46.44846455328577406, 36.26989445705414283 ) ) ;
#5911 = VERTEX_POINT ( 'NONE', #8370 ) ;
#5912 = CIRCLE ( 'NONE', #1629, 3.000000000000000000 ) ;
#5913 = CIRCLE ( 'NONE', #1637, 38.00000000000000000 ) ;
#5914 = DIRECTION ( 'NONE',  ( -0.000000000000000000, 1.000000000000000000, -0.000000000000000000 ) ) ;
#5915 = EDGE_CURVE ( 'NONE', #5975, #3843, #260, .T. ) ;
#5916 = DIRECTION ( 'NONE',  ( 0.000000000000000000, 1.396592535537253342E-14, -1.000000000000000000 ) ) ;
#5917 = LINE ( 'NONE', #7436, #8754 ) ;
#5918 = CARTESIAN_POINT ( 'NONE',  ( -38.00000000000000000, 30.00000000000000000, 9.000000000000000000 ) ) ;
#5919 = AXIS2_PLACEMENT_3D ( 'NONE', #1978, #2217, #1472 ) ;
#5920 = ORIENTED_EDGE ( 'NONE', *, *, #1677, .F. ) ;
#5921 = CARTESIAN_POINT ( 'NONE',  ( -34.51751045525497119, 98.22455240934164067, -220.4999999999996589 ) ) ;
#5922 = ORIENTED_EDGE ( 'NONE', *, *, #4362, .F. ) ;
#5923 = ORIENTED_EDGE ( 'NONE', *, *, #6068, .T. ) ;
#5924 = CARTESIAN_POINT ( 'NONE',  ( 0.000000000000000000, 90.00000000000000000, 0.000000000000000000 ) ) ;
#5925 = CIRCLE ( 'NONE', #3443, 30.00000000000000000 ) ;
#5926 = VERTEX_POINT ( 'NONE', #6157 ) ;
#5927 = CARTESIAN_POINT ( 'NONE',  ( 30.17675639024147571, 12.68201994043567993, -23.10183176285252316 ) ) ;
#5928 = VECTOR ( 'NONE', #9753, 1000.000000000000000 ) ;
#5929 = CARTESIAN_POINT ( 'NONE',  ( 16.39343562014086331, 29.16878081547237045, -39.21172498585710997 ) ) ;
#5930 = CARTESIAN_POINT ( 'NONE',  ( -14.29694774837543392, 18.69397035413119568, -40.02803085960839269 ) ) ;
#5931 = AXIS2_PLACEMENT_3D ( 'NONE', #5683, #8685, #3559 ) ;
#5932 = AXIS2_PLACEMENT_3D ( 'NONE', #6109, #5561, #7639 ) ;
#5933 = CARTESIAN_POINT ( 'NONE',  ( -9.642166362117846390, 40.40029384498048870, -41.39429707495553856 ) ) ;
#5934 = LINE ( 'NONE', #1377, #3141 ) ;
#5935 = CARTESIAN_POINT ( 'NONE',  ( -38.75000000000000000, -1.938695552235898924E-16, 8.968695557326046952 ) ) ;
#5936 = CARTESIAN_POINT ( 'NONE',  ( 0.000000000000000000, 44.00000000000052580, -220.5000000000000568 ) ) ;
#5937 = COLOUR_RGB ( '',0.7921568627450980005, 0.8196078431372548767, 0.9333333333333333481 ) ;
#5938 = ORIENTED_EDGE ( 'NONE', *, *, #4903, .F. ) ;
#5939 = DIRECTION ( 'NONE',  ( 0.000000000000000000, 0.000000000000000000, 1.000000000000000000 ) ) ;
#5940 = AXIS2_PLACEMENT_3D ( 'NONE', #3431, #6344, #8657 ) ;
#5941 = CARTESIAN_POINT ( 'NONE',  ( -1.517928073163156810, 49.50000000000000000, 38.00000000000001421 ) ) ;
#5942 = ORIENTED_EDGE ( 'NONE', *, *, #3837, .F. ) ;
#5943 = EDGE_CURVE ( 'NONE', #9042, #4155, #7675, .T. ) ;
#5944 = AXIS2_PLACEMENT_3D ( 'NONE', #3618, #2026, #5939 ) ;
#5945 = CYLINDRICAL_SURFACE ( 'NONE', #6619, 4.999999999999532818 ) ;
#5946 = FACE_OUTER_BOUND ( 'NONE', #5820, .T. ) ;
#5947 =( BOUNDED_SURFACE ( )  B_SPLINE_SURFACE ( 3, 2, ( 
 ( #8043, #6614, #8232 ),
 ( #8773, #3699, #1461 ),
 ( #5070, #673, #2010 ),
 ( #8186, #7494, #4335 ),
 ( #2858, #3499, #6515 ),
 ( #3601, #5871, #1315 ) ),
 .UNSPECIFIED., .F., .F., .F. ) 
 B_SPLINE_SURFACE_WITH_KNOTS ( ( 4, 2, 4 ),
 ( 3, 3 ),
 ( 0.000000000000000000, 0.004411853782887454820, 0.008823707565774909639 ),
 ( 0.000000000000000000, 1.000000000000000000 ),
 .UNSPECIFIED. ) 
 GEOMETRIC_REPRESENTATION_ITEM ( )  RATIONAL_B_SPLINE_SURFACE ( (
 ( 1.000000000000000000, 0.7071067811865476838, 1.000000000000000000),
 ( 1.000000000000000000, 0.7167217121882980546, 1.000000000000000000),
 ( 1.000000000000000000, 0.7239293624834132190, 1.000000000000000000),
 ( 1.000000000000000000, 0.7335575311262184650, 1.000000000000000000),
 ( 1.000000000000000000, 0.7359783963882945423, 1.000000000000000000),
 ( 1.000000000000000000, 0.7359800721939872004, 1.000000000000000000) ) ) 
 REPRESENTATION_ITEM ( '' )  SURFACE ( )  );
#5948 = DIRECTION ( 'NONE',  ( 0.7808688094430301652, -0.6246950475544243986, -1.425885742525141106E-16 ) ) ;
#5949 = EDGE_LOOP ( 'NONE', ( #5600, #2445, #418, #343 ) ) ;
#5950 = DIRECTION ( 'NONE',  ( 0.000000000000000000, 1.000000000000000000, -0.000000000000000000 ) ) ;
#5951 = CIRCLE ( 'NONE', #3724, 3.000000000000002665 ) ;
#5952 = DIRECTION ( 'NONE',  ( -0.000000000000000000, 1.000000000000000000, 0.000000000000000000 ) ) ;
#5953 = DIRECTION ( 'NONE',  ( 1.000000000000000000, 0.000000000000000000, 0.000000000000000000 ) ) ;
#5954 = CARTESIAN_POINT ( 'NONE',  ( -64.56989347527186851, -3.230592380278576758, -167.5000000000003411 ) ) ;
#5955 = ORIENTED_EDGE ( 'NONE', *, *, #5761, .F. ) ;
#5956 = EDGE_CURVE ( 'NONE', #1107, #7593, #4352, .T. ) ;
#5957 = ORIENTED_EDGE ( 'NONE', *, *, #7870, .F. ) ;
#5958 = CARTESIAN_POINT ( 'NONE',  ( -36.00000000000000711, 2.566756699247257608E-15, 11.95826074310139830 ) ) ;
#5959 = FACE_OUTER_BOUND ( 'NONE', #9322, .T. ) ;
#5960 = ORIENTED_EDGE ( 'NONE', *, *, #3375, .T. ) ;
#5961 = VECTOR ( 'NONE', #820, 1000.000000000000000 ) ;
#5962 = LINE ( 'NONE', #8969, #8602 ) ;
#5963 = DIRECTION ( 'NONE',  ( 0.000000000000000000, -6.982962677686266711E-15, 1.000000000000000000 ) ) ;
#5964 = CARTESIAN_POINT ( 'NONE',  ( -36.00000000000000000, -2.436318512709531699E-15, -11.95826074310139830 ) ) ;
#5965 = CARTESIAN_POINT ( 'NONE',  ( 0.000000000000000000, 44.00000000000027711, -185.5000000000000284 ) ) ;
#5966 = ORIENTED_EDGE ( 'NONE', *, *, #8592, .F. ) ;
#5967 = CIRCLE ( 'NONE', #2971, 16.00000000000000000 ) ;
#5968 = CARTESIAN_POINT ( 'NONE',  ( -22.50000000000000711, 25.47661594422683962, -30.62270399556510370 ) ) ;
#5969 = ORIENTED_EDGE ( 'NONE', *, *, #8234, .F. ) ;
#5970 = ADVANCED_FACE ( 'NONE', ( #2290 ), #87, .T. ) ;
#5971 = ORIENTED_EDGE ( 'NONE', *, *, #2554, .F. ) ;
#5972 = FACE_OUTER_BOUND ( 'NONE', #8352, .T. ) ;
#5973 = EDGE_CURVE ( 'NONE', #4814, #1369, #410, .T. ) ;
#5974 = DIRECTION ( 'NONE',  ( 0.000000000000000000, 1.000000000000000000, 0.000000000000000000 ) ) ;
#5975 = VERTEX_POINT ( 'NONE', #9269 ) ;
#5976 = CARTESIAN_POINT ( 'NONE',  ( 5.204748897115950779E-15, 10.49999999999999467, 42.49999999999999289 ) ) ;
#5977 = VECTOR ( 'NONE', #1746, 1000.000000000000000 ) ;
#5978 = CARTESIAN_POINT ( 'NONE',  ( 59.49561676565052437, 26.16163204501988204, -6.000000000000017764 ) ) ;
#5979 = DIRECTION ( 'NONE',  ( -0.000000000000000000, -1.000000000000000000, -0.000000000000000000 ) ) ;
#5980 = CARTESIAN_POINT ( 'NONE',  ( -41.58411118428359288, 19.80082565200941502, -8.944897408109570236 ) ) ;
#5981 = EDGE_CURVE ( 'NONE', #7572, #9745, #9070, .T. ) ;
#5982 = CIRCLE ( 'NONE', #7235, 9.000000000000000000 ) ;
#5983 = CARTESIAN_POINT ( 'NONE',  ( -10.07751074833245042, 40.07600644566563375, -41.29015100905607483 ) ) ;
#5984 = EDGE_CURVE ( 'NONE', #4576, #1313, #1356, .T. ) ;
#5985 = CARTESIAN_POINT ( 'NONE',  ( 35.96935747195002619, 18.85084205891911324, 12.38119851413849837 ) ) ;
#5986 = CARTESIAN_POINT ( 'NONE',  ( 0.000000000000000000, 2.066956952595139995E-12, -349.5000000000006821 ) ) ;
#5987 = CARTESIAN_POINT ( 'NONE',  ( 2.069653090559026923E-15, 82.00000000000000000, 16.89999999999999858 ) ) ;
#5988 = AXIS2_PLACEMENT_3D ( 'NONE', #5239, #5292, #9047 ) ;
#5989 = ORIENTED_EDGE ( 'NONE', *, *, #2592, .T. ) ;
#5990 = CYLINDRICAL_SURFACE ( 'NONE', #3423, 4.999999999999920952 ) ;
#5991 = AXIS2_PLACEMENT_3D ( 'NONE', #3668, #5847, #4305 ) ;
#5992 =( NAMED_UNIT ( * ) SI_UNIT ( $, .STERADIAN. ) SOLID_ANGLE_UNIT ( ) );
#5993 = VERTEX_POINT ( 'NONE', #4263 ) ;
#5994 = CARTESIAN_POINT ( 'NONE',  ( 38.89087296526012949, 82.89087296526375326, -463.4999999999995453 ) ) ;
#5995 = VECTOR ( 'NONE', #6517, 1000.000000000000000 ) ;
#5996 = SHAPE_DEFINITION_REPRESENTATION ( #5005, #7863 ) ;
#5997 = CARTESIAN_POINT ( 'NONE',  ( -42.49999999999999289, 6.755772121541169462, 15.00000000000000178 ) ) ;
#5998 = CARTESIAN_POINT ( 'NONE',  ( -16.50000000000000355, 27.00000000000000355, -42.49999999999999289 ) ) ;
#5999 = PLANE ( 'NONE',  #1499 ) ;
#6000 = EDGE_LOOP ( 'NONE', ( #1300, #6913, #6685, #7433 ) ) ;
#6001 = CARTESIAN_POINT ( 'NONE',  ( 0.000000000000000000, 88.00000000000065370, -238.4999999999997726 ) ) ;
#6002 = EDGE_CURVE ( 'NONE', #2441, #7048, #4676, .T. ) ;
#6003 = CYLINDRICAL_SURFACE ( 'NONE', #7988, 4.999999999996960653 ) ;
#6004 = PLANE ( 'NONE',  #5269 ) ;
#6005 = CYLINDRICAL_SURFACE ( 'NONE', #9376, 3.000000000000001332 ) ;
#6006 = ORIENTED_EDGE ( 'NONE', *, *, #4389, .T. ) ;
#6007 = ORIENTED_EDGE ( 'NONE', *, *, #836, .F. ) ;
#6008 = CARTESIAN_POINT ( 'NONE',  ( 0.000000000000000000, 201.1999999999999886, 19.00000000000000000 ) ) ;
#6009 = ORIENTED_EDGE ( 'NONE', *, *, #2201, .T. ) ;
#6010 = CARTESIAN_POINT ( 'NONE',  ( 38.75000000000000000, 0.000000000000000000, 8.968695557326032741 ) ) ;
#6011 = DIRECTION ( 'NONE',  ( 1.224646799147351975E-16, 1.000000000000000000, 0.000000000000000000 ) ) ;
#6012 = EDGE_CURVE ( 'NONE', #5630, #8332, #1674, .T. ) ;
#6013 = CARTESIAN_POINT ( 'NONE',  ( -10.90401222153918681, 14.60475312416670590, 41.07963372432891447 ) ) ;
#6014 = DIRECTION ( 'NONE',  ( -0.000000000000000000, 1.000000000000000000, -0.000000000000000000 ) ) ;
#6015 = VERTEX_POINT ( 'NONE', #356 ) ;
#6016 = CARTESIAN_POINT ( 'NONE',  ( 0.000000000000000000, 0.000000000000000000, 0.000000000000000000 ) ) ;
#6017 = ORIENTED_EDGE ( 'NONE', *, *, #2511, .T. ) ;
#6018 = ORIENTED_EDGE ( 'NONE', *, *, #2531, .F. ) ;
#6019 = DIRECTION ( 'NONE',  ( -0.6246950475544246206, 0.7808688094430300541, 0.000000000000000000 ) ) ;
#6020 = CARTESIAN_POINT ( 'NONE',  ( 26.99999999999999645, 0.000000000000000000, 19.00000000000000000 ) ) ;
#6021 = ORIENTED_EDGE ( 'NONE', *, *, #5639, .F. ) ;
#6022 = CARTESIAN_POINT ( 'NONE',  ( 15.02099037769146683, 33.84906546565670027, -39.75762989076778808 ) ) ;
#6023 = EDGE_CURVE ( 'NONE', #2849, #1500, #2621, .T. ) ;
#6024 = CARTESIAN_POINT ( 'NONE',  ( -16.50000000000000711, 26.45588764716129759, -39.16631205513226632 ) ) ;
#6025 = CARTESIAN_POINT ( 'NONE',  ( -41.57102972101731808, 19.78660200232220134, 8.882374446587782302 ) ) ;
#6026 = DIRECTION ( 'NONE',  ( -0.000000000000000000, -0.000000000000000000, -1.000000000000000000 ) ) ;
#6027 = DIRECTION ( 'NONE',  ( 0.000000000000000000, 1.000000000000000000, 1.110223024625831174E-14 ) ) ;
#6028 = CARTESIAN_POINT ( 'NONE',  ( -34.36931771216878673, 6.755772121541173014, -25.00000000000000000 ) ) ;
#6029 = DIRECTION ( 'NONE',  ( 0.000000000000000000, 0.000000000000000000, 1.000000000000000000 ) ) ;
#6030 =( REPRESENTATION_RELATIONSHIP ('NONE','NONE', #7863, #5885 ) REPRESENTATION_RELATIONSHIP_WITH_TRANSFORMATION ( #8502 )SHAPE_REPRESENTATION_RELATIONSHIP( ) );
#6031 = EDGE_CURVE ( 'NONE', #7968, #568, #1522, .T. ) ;
#6032 = ADVANCED_FACE ( 'NONE', ( #8021 ), #5746, .F. ) ;
#6033 = ORIENTED_EDGE ( 'NONE', *, *, #1913, .T. ) ;
#6034 = DIRECTION ( 'NONE',  ( 0.000000000000000000, 0.000000000000000000, 1.000000000000000000 ) ) ;
#6035 = CARTESIAN_POINT ( 'NONE',  ( -3.009083530917574301, 49.34798584471040073, 37.90942098416348216 ) ) ;
#6036 = ORIENTED_EDGE ( 'NONE', *, *, #1833, .T. ) ;
#6037 = DIRECTION ( 'NONE',  ( 0.000000000000000000, 0.000000000000000000, 1.000000000000000000 ) ) ;
#6038 = DIRECTION ( 'NONE',  ( 0.9782714335335037648, -3.447285348572542882E-16, 0.2073282477915243394 ) ) ;
#6039 = CARTESIAN_POINT ( 'NONE',  ( -29.05792083075651533, 9.946947166249813677, -24.48804261140644556 ) ) ;
#6040 = DIRECTION ( 'NONE',  ( 1.000000000000000000, 0.000000000000000000, 0.000000000000000000 ) ) ;
#6041 = ORIENTED_EDGE ( 'NONE', *, *, #7535, .F. ) ;
#6042 = FACE_OUTER_BOUND ( 'NONE', #6757, .T. ) ;
#6043 = CYLINDRICAL_SURFACE ( 'NONE', #1188, 4.499999999999998224 ) ;
#6044 = CARTESIAN_POINT ( 'NONE',  ( 0.000000000000000000, 57.99999999999981526, -121.4999999999999289 ) ) ;
#6045 = VECTOR ( 'NONE', #3144, 1000.000000000000000 ) ;
#6046 = CIRCLE ( 'NONE', #9687, 9.000000000000000000 ) ;
#6047 = CARTESIAN_POINT ( 'NONE',  ( -38.89087296526011528, 0.1091270347465924107, -463.5000000000006821 ) ) ;
#6048 = ORIENTED_EDGE ( 'NONE', *, *, #9111, .T. ) ;
#6049 = VERTEX_POINT ( 'NONE', #7128 ) ;
#6050 = CARTESIAN_POINT ( 'NONE',  ( -51.87408514266327586, 36.10073188586939352, -6.000000000000001776 ) ) ;
#6051 = EDGE_LOOP ( 'NONE', ( #3349, #2197, #8142 ) ) ;
#6052 = DIRECTION ( 'NONE',  ( -1.000000000000000000, 0.000000000000000000, 0.000000000000000000 ) ) ;
#6053 = AXIS2_PLACEMENT_3D ( 'NONE', #5656, #7836, #7887 ) ;
#6054 = VERTEX_POINT ( 'NONE', #2541 ) ;
#6055 = AXIS2_PLACEMENT_3D ( 'NONE', #6149, #8218, #7526 ) ;
#6056 = CARTESIAN_POINT ( 'NONE',  ( -42.50000000000000000, 43.60000000000000142, 0.000000000000000000 ) ) ;
#6057 = AXIS2_PLACEMENT_3D ( 'NONE', #2972, #5882, #5134 ) ;
#6058 = CARTESIAN_POINT ( 'NONE',  ( -12.43581723675746176, 16.10308240209351993, 40.64747046026343469 ) ) ;
#6059 = DIRECTION ( 'NONE',  ( 0.000000000000000000, 0.000000000000000000, 1.000000000000000000 ) ) ;
#6060 = ORIENTED_EDGE ( 'NONE', *, *, #4205, .T. ) ;
#6061 = DIRECTION ( 'NONE',  ( 0.000000000000000000, 0.000000000000000000, 1.000000000000000000 ) ) ;
#6062 = VERTEX_POINT ( 'NONE', #1931 ) ;
#6063 = ORIENTED_EDGE ( 'NONE', *, *, #7566, .F. ) ;
#6064 = AXIS2_PLACEMENT_3D ( 'NONE', #7525, #658, #6791 ) ;
#6065 =( NAMED_UNIT ( * ) SI_UNIT ( $, .STERADIAN. ) SOLID_ANGLE_UNIT ( ) );
#6066 = CIRCLE ( 'NONE', #9538, 80.00000000000000000 ) ;
#6067 = EDGE_CURVE ( 'NONE', #2860, #6293, #7198, .T. ) ;
#6068 = EDGE_CURVE ( 'NONE', #2893, #42, #6413, .T. ) ;
#6069 = DIRECTION ( 'NONE',  ( 0.000000000000000000, -0.000000000000000000, 1.000000000000000000 ) ) ;
#6070 = VERTEX_POINT ( 'NONE', #4900 ) ;
#6071 = FACE_BOUND ( 'NONE', #6094, .T. ) ;
#6072 = AXIS2_PLACEMENT_3D ( 'NONE', #8515, #2247, #2352 ) ;
#6073 = DIRECTION ( 'NONE',  ( 0.000000000000000000, 0.000000000000000000, -1.000000000000000000 ) ) ;
#6074 = CARTESIAN_POINT ( 'NONE',  ( 44.36405582980305695, 42.10875533616140132, 6.537503357773373658 ) ) ;
#6075 = CARTESIAN_POINT ( 'NONE',  ( 0.000000000000000000, 44.00000000000000000, 125.5000000000000000 ) ) ;
#6076 = CARTESIAN_POINT ( 'NONE',  ( 33.93740436489991907, 16.93754104060232990, 17.11580462105618849 ) ) ;
#6077 = EDGE_CURVE ( 'NONE', #6049, #4650, #236, .T. ) ;
#6078 = CARTESIAN_POINT ( 'NONE',  ( 21.41339544593806821, 31.91830051994898909, -9.042546674575055121 ) ) ;
#6079 = EDGE_CURVE ( 'NONE', #727, #464, #3882, .T. ) ;
#6080 = CARTESIAN_POINT ( 'NONE',  ( -34.51751045525497119, 98.22455240934218068, -296.4999999999997158 ) ) ;
#6081 = ORIENTED_EDGE ( 'NONE', *, *, #6460, .F. ) ;
#6082 = AXIS2_PLACEMENT_3D ( 'NONE', #990, #7767, #7026 ) ;
#6083 = APPLICATION_CONTEXT ( 'automotive_design' ) ;
#6084 = DIRECTION ( 'NONE',  ( 0.2840153447039201473, -0.9588197348681938292, -6.695402423213638926E-15 ) ) ;
#6085 = PRESENTATION_STYLE_ASSIGNMENT (( #6822 ) ) ;
#6086 = ORIENTED_EDGE ( 'NONE', *, *, #6079, .T. ) ;
#6087 = EDGE_CURVE ( 'NONE', #2059, #6246, #1651, .T. ) ;
#6088 = CARTESIAN_POINT ( 'NONE',  ( 64.56989347527186851, 91.23059238027872198, -7.500000000000000000 ) ) ;
#6089 = EDGE_CURVE ( 'NONE', #1458, #2284, #2470, .T. ) ;
#6090 = CARTESIAN_POINT ( 'NONE',  ( -30.18959104965164286, 12.66260854441431682, -23.08027587451877238 ) ) ;
#6091 = AXIS2_PLACEMENT_3D ( 'NONE', #5965, #2349, #8924 ) ;
#6092 = AXIS2_PLACEMENT_3D ( 'NONE', #5572, #425, #5817 ) ;
#6093 = CARTESIAN_POINT ( 'NONE',  ( 18.49218940641787157, 50.00000000000000711, 8.999999999999989342 ) ) ;
#6094 = EDGE_LOOP ( 'NONE', ( #9176, #672 ) ) ;
#6095 = CARTESIAN_POINT ( 'NONE',  ( 0.000000000000000000, 80.00000000000295586, -413.4999999999996021 ) ) ;
#6096 = FACE_OUTER_BOUND ( 'NONE', #6565, .T. ) ;
#6097 = STYLED_ITEM ( 'NONE', ( #8765 ), #5636 ) ;
#6098 = CARTESIAN_POINT ( 'NONE',  ( -34.51751045525497119, 98.22455240934127119, -167.4999999999996589 ) ) ;
#6099 = CARTESIAN_POINT ( 'NONE',  ( 16.50000000000000355, 27.00000000000000000, -19.00000000000000000 ) ) ;
#6100 = ORIENTED_EDGE ( 'NONE', *, *, #6163, .T. ) ;
#6101 = EDGE_CURVE ( 'NONE', #600, #7210, #1096, .T. ) ;
#6102 = VERTEX_POINT ( 'NONE', #5652 ) ;
#6103 = CARTESIAN_POINT ( 'NONE',  ( 38.00000000000000000, 1.387778780781445676E-14, -1.396097351027982582E-14 ) ) ;
#6104 = VERTEX_POINT ( 'NONE', #1887 ) ;
#6105 = CARTESIAN_POINT ( 'NONE',  ( 0.000000000000000000, 82.00000000000000000, 0.000000000000000000 ) ) ;
#6106 = AXIS2_PLACEMENT_3D ( 'NONE', #3120, #6135, #9150 ) ;
#6107 = ORIENTED_EDGE ( 'NONE', *, *, #169, .T. ) ;
#6108 = CARTESIAN_POINT ( 'NONE',  ( -27.00000000000000000, 2.384866689411004735E-12, -352.5000000000006821 ) ) ;
#6109 = CARTESIAN_POINT ( 'NONE',  ( 0.000000000000000000, -29.99999999999788969, -352.5000000000011369 ) ) ;
#6110 = PRODUCT_DEFINITION_CONTEXT ( 'detailed design', #5579, 'design' ) ;
#6111 = CARTESIAN_POINT ( 'NONE',  ( 7.361312762031869461, 5.725151525056723756, 37.28721686582088779 ) ) ;
#6112 = ORIENTED_EDGE ( 'NONE', *, *, #3615, .T. ) ;
#6113 = LINE ( 'NONE', #8229, #1161 ) ;
#6114 = VERTEX_POINT ( 'NONE', #4165 ) ;
#6115 = ORIENTED_EDGE ( 'NONE', *, *, #4123, .F. ) ;
#6116 = EDGE_LOOP ( 'NONE', ( #1011, #6006 ) ) ;
#6117 = CYLINDRICAL_SURFACE ( 'NONE', #2182, 4.999999999997658762 ) ;
#6118 = CARTESIAN_POINT ( 'NONE',  ( 36.00000000000000000, 1.367562764689258747, 11.95826074310137699 ) ) ;
#6119 = ORIENTED_EDGE ( 'NONE', *, *, #2331, .T. ) ;
#6120 = DIRECTION ( 'NONE',  ( -0.000000000000000000, -0.000000000000000000, -1.000000000000000000 ) ) ;
#6121 = CIRCLE ( 'NONE', #2647, 36.00000000000000000 ) ;
#6122 = CARTESIAN_POINT ( 'NONE',  ( -4.321438208914511137, 11.03837151023442864, -42.29342632910488220 ) ) ;
#6123 = ADVANCED_FACE ( 'NONE', ( #4215 ), #7178, .T. ) ;
#6124 = EDGE_CURVE ( 'NONE', #9290, #4174, #5286, .T. ) ;
#6125 = CARTESIAN_POINT ( 'NONE',  ( 45.11680347405963687, 41.50655722075229193, 3.021713879153999471 ) ) ;
#6126 = VERTEX_POINT ( 'NONE', #456 ) ;
#6127 = CARTESIAN_POINT ( 'NONE',  ( 36.00000000000000711, 1.360878165055775746, 11.95826074310521925 ) ) ;
#6128 = CARTESIAN_POINT ( 'NONE',  ( 0.000000000000000000, 44.00000000000129319, -331.5000000000000568 ) ) ;
#6129 = DIRECTION ( 'NONE',  ( -0.2840153447039201473, 0.9588197348681938292, 6.695402423213638926E-15 ) ) ;
#6130 = CIRCLE ( 'NONE', #1383, 4.999999999995917932 ) ;
#6131 = FACE_OUTER_BOUND ( 'NONE', #2300, .T. ) ;
#6132 = VERTEX_POINT ( 'NONE', #9503 ) ;
#6133 = EDGE_CURVE ( 'NONE', #9001, #419, #2608, .T. ) ;
#6134 = AXIS2_PLACEMENT_3D ( 'NONE', #7295, #2906, #528 ) ;
#6135 = DIRECTION ( 'NONE',  ( 0.000000000000000000, 1.000000000000000000, 0.000000000000000000 ) ) ;
#6136 = VECTOR ( 'NONE', #8100, 1000.000000000000000 ) ;
#6137 = CARTESIAN_POINT ( 'NONE',  ( -12.88223401312149718, 45.45073300229717006, 35.75121757147359602 ) ) ;
#6138 = ORIENTED_EDGE ( 'NONE', *, *, #9231, .F. ) ;
#6139 = CARTESIAN_POINT ( 'NONE',  ( 10.91291227974117284, 14.57740024686374092, -41.08267632162394278 ) ) ;
#6140 = DIRECTION ( 'NONE',  ( -0.000000000000000000, -1.396592535537253342E-14, 1.000000000000000000 ) ) ;
#6141 = CIRCLE ( 'NONE', #5668, 3.000000000000002665 ) ;
#6142 = CARTESIAN_POINT ( 'NONE',  ( -37.11354958857253905, 14.97467977947021467, -20.71189309187001015 ) ) ;
#6143 = ORIENTED_EDGE ( 'NONE', *, *, #3979, .T. ) ;
#6144 = AXIS2_PLACEMENT_3D ( 'NONE', #4460, #6836, #4561 ) ;
#6145 = EDGE_CURVE ( 'NONE', #6132, #3720, #9656, .T. ) ;
#6146 = CARTESIAN_POINT ( 'NONE',  ( 0.000000000000000000, 0.000000000000000000, -42.49999999999999289 ) ) ;
#6147 = EDGE_CURVE ( 'NONE', #727, #2052, #2037, .T. ) ;
#6148 = CARTESIAN_POINT ( 'NONE',  ( -33.15225502384995337, 16.20174071834880891, -18.59102390097200086 ) ) ;
#6149 = CARTESIAN_POINT ( 'NONE',  ( 0.000000000000000000, 44.00000000000292033, -410.5000000000001137 ) ) ;
#6150 = ORIENTED_EDGE ( 'NONE', *, *, #858, .F. ) ;
#6151 = EDGE_LOOP ( 'NONE', ( #7201, #5194, #8073, #9713, #9514 ) ) ;
#6152 =( NAMED_UNIT ( * ) PLANE_ANGLE_UNIT ( ) SI_UNIT ( $, .RADIAN. ) );
#6153 = TOROIDAL_SURFACE ( 'NONE', #1243, 30.00000000000000000, 3.000000000000000000 ) ;
#6154 = DIRECTION ( 'NONE',  ( 0.000000000000000000, -6.982962677686266711E-15, 1.000000000000000000 ) ) ;
#6155 = ORIENTED_EDGE ( 'NONE', *, *, #4550, .T. ) ;
#6156 = DIRECTION ( 'NONE',  ( 0.000000000000000000, 0.000000000000000000, 1.000000000000000000 ) ) ;
#6157 = CARTESIAN_POINT ( 'NONE',  ( 0.000000000000000000, -29.99999999999793232, -349.5000000000011369 ) ) ;
#6158 = CIRCLE ( 'NONE', #6475, 36.00000000000000000 ) ;
#6159 = ORIENTED_EDGE ( 'NONE', *, *, #4747, .T. ) ;
#6160 = FACE_OUTER_BOUND ( 'NONE', #270, .T. ) ;
#6161 = EDGE_CURVE ( 'NONE', #4276, #2485, #2135, .T. ) ;
#6162 = CARTESIAN_POINT ( 'NONE',  ( 8.000000000000000000, 146.1386137946185215, 9.000000000000000000 ) ) ;
#6163 = EDGE_CURVE ( 'NONE', #4093, #5141, #5129, .T. ) ;
#6164 = CARTESIAN_POINT ( 'NONE',  ( 36.00000000000000000, 1.367562764689259414, -11.95826074310141252 ) ) ;
#6165 = VERTEX_POINT ( 'NONE', #8213 ) ;
#6166 = CARTESIAN_POINT ( 'NONE',  ( -35.07508121066761220, 11.13553223319894059, 24.00071350851549568 ) ) ;
#6167 = ORIENTED_EDGE ( 'NONE', *, *, #1232, .T. ) ;
#6168 = ORIENTED_EDGE ( 'NONE', *, *, #4878, .T. ) ;
#6169 = CARTESIAN_POINT ( 'NONE',  ( 3.673940397442059178E-15, -29.99999999999733191, -392.5000000000011369 ) ) ;
#6170 = LINE ( 'NONE', #8430, #2317 ) ;
#6171 = ORIENTED_EDGE ( 'NONE', *, *, #3121, .F. ) ;
#6172 = DIRECTION ( 'NONE',  ( 0.000000000000000000, 1.396592535537253342E-14, -1.000000000000000000 ) ) ;
#6173 = PRODUCT_DEFINITION_SHAPE ( 'NONE', 'NONE',  #9795 ) ;
#6174 = DIRECTION ( 'NONE',  ( 0.000000000000000000, 0.000000000000000000, -1.000000000000000000 ) ) ;
#6175 = CARTESIAN_POINT ( 'NONE',  ( -38.93560560128498338, 16.96548799984307720, 17.05733898669022253 ) ) ;
#6176 = VERTEX_POINT ( 'NONE', #2933 ) ;
#6177 = CYLINDRICAL_SURFACE ( 'NONE', #8329, 16.00000000000000000 ) ;
#6178 = DIRECTION ( 'NONE',  ( 1.000000000000000000, 0.000000000000000000, 0.000000000000000000 ) ) ;
#6179 = CARTESIAN_POINT ( 'NONE',  ( 0.000000000000000000, 88.00000000000092371, -278.4999999999997726 ) ) ;
#6180 = DIRECTION ( 'NONE',  ( 0.000000000000000000, -1.000000000000000000, -6.938893903907228378E-15 ) ) ;
#6181 = EDGE_LOOP ( 'NONE', ( #1091, #8375, #5266, #1216, #2451 ) ) ;
#6182 = CARTESIAN_POINT ( 'NONE',  ( 34.51751045525497119, -10.22455240933926746, -334.5000000000007958 ) ) ;
#6183 = FACE_OUTER_BOUND ( 'NONE', #8105, .T. ) ;
#6184 = ORIENTED_EDGE ( 'NONE', *, *, #226, .F. ) ;
#6185 = FACE_OUTER_BOUND ( 'NONE', #8175, .T. ) ;
#6186 = ADVANCED_FACE ( 'NONE', ( #3671 ), #7371, .T. ) ;
#6187 = DIRECTION ( 'NONE',  ( 0.000000000000000000, 0.000000000000000000, 1.000000000000000000 ) ) ;
#6188 = EDGE_CURVE ( 'NONE', #3113, #2092, #2081, .T. ) ;
#6189 = DIRECTION ( 'NONE',  ( 1.000000000000000000, 0.000000000000000000, -2.478176394252581634E-16 ) ) ;
#6190 = VERTEX_POINT ( 'NONE', #8851 ) ;
#6191 = CARTESIAN_POINT ( 'NONE',  ( 16.50000000000000355, 27.00000000000000355, 39.16631205513227343 ) ) ;
#6192 = CARTESIAN_POINT ( 'NONE',  ( -33.93740436489990486, 16.93754104060232635, -17.11580462105619560 ) ) ;
#6193 = CARTESIAN_POINT ( 'NONE',  ( -5.951070332545921104, 5.288249647233161710, 37.53820483616466674 ) ) ;
#6194 = ORIENTED_EDGE ( 'NONE', *, *, #7597, .F. ) ;
#6195 = VERTEX_POINT ( 'NONE', #7520 ) ;
#6196 =( NAMED_UNIT ( * ) PLANE_ANGLE_UNIT ( ) SI_UNIT ( $, .RADIAN. ) );
#6197 = CARTESIAN_POINT ( 'NONE',  ( 0.000000000000000000, 99.00000000000345324, -448.4999999999992610 ) ) ;
#6198 = EDGE_CURVE ( 'NONE', #1920, #1252, #8903, .T. ) ;
#6199 = ORIENTED_EDGE ( 'NONE', *, *, #586, .T. ) ;
#6200 = FACE_OUTER_BOUND ( 'NONE', #7693, .T. ) ;
#6201 = EDGE_CURVE ( 'NONE', #4270, #4442, #9554, .T. ) ;
#6202 = DIRECTION ( 'NONE',  ( -1.224646799147353454E-16, 1.000000000000000000, 0.000000000000000000 ) ) ;
#6203 = ORIENTED_EDGE ( 'NONE', *, *, #5608, .T. ) ;
#6204 = CARTESIAN_POINT ( 'NONE',  ( -36.00000000000000000, -2.189125779142312269E-15, 11.95826074310139830 ) ) ;
#6205 = CIRCLE ( 'NONE', #1484, 3.000000000000002665 ) ;
#6206 = LINE ( 'NONE', #6892, #8292 ) ;
#6207 = AXIS2_PLACEMENT_3D ( 'NONE', #3885, #4712, #3330 ) ;
#6208 = LINE ( 'NONE', #9368, #8720 ) ;
#6209 = ORIENTED_EDGE ( 'NONE', *, *, #311, .T. ) ;
#6210 = LINE ( 'NONE', #2206, #1329 ) ;
#6211 = ORIENTED_EDGE ( 'NONE', *, *, #6763, .F. ) ;
#6212 = EDGE_LOOP ( 'NONE', ( #4726, #6637, #3484, #8725 ) ) ;
#6213 = CARTESIAN_POINT ( 'NONE',  ( -36.00000000000000711, 0.000000000000000000, 19.00000000000000000 ) ) ;
#6214 = CARTESIAN_POINT ( 'NONE',  ( 42.20738534279618648, 20.46397333320031109, 4.998731892602371829 ) ) ;
#6215 = EDGE_CURVE ( 'NONE', #4731, #2485, #3525, .T. ) ;
#6216 = CARTESIAN_POINT ( 'NONE',  ( 0.000000000000000000, 146.1386137946185215, -9.000000000000000000 ) ) ;
#6217 = EDGE_LOOP ( 'NONE', ( #4577, #7158, #1957, #791 ) ) ;
#6218 = ADVANCED_FACE ( 'NONE', ( #7322, #9556 ), #5999, .T. ) ;
#6219 = AXIS2_PLACEMENT_3D ( 'NONE', #8074, #465, #5101 ) ;
#6220 = AXIS2_PLACEMENT_3D ( 'NONE', #7072, #1775, #5344 ) ;
#6221 = DIRECTION ( 'NONE',  ( -0.000000000000000000, -1.396592535537253342E-14, 1.000000000000000000 ) ) ;
#6222 = CARTESIAN_POINT ( 'NONE',  ( 38.68750310502051803, 2.942672785201596142, 8.974572379110062670 ) ) ;
#6223 = CIRCLE ( 'NONE', #6064, 26.99999999999999645 ) ;
#6224 = TOROIDAL_SURFACE ( 'NONE', #683, 39.00000000000000000, 3.000000000000000000 ) ;
#6225 = CARTESIAN_POINT ( 'NONE',  ( -1.788814910032575099E-16, 49.50000000000000000, -38.00000000000000000 ) ) ;
#6226 = VERTEX_POINT ( 'NONE', #1392 ) ;
#6227 = CARTESIAN_POINT ( 'NONE',  ( 0.000000000000000000, 0.000000000000000000, 0.000000000000000000 ) ) ;
#6228 = FACE_OUTER_BOUND ( 'NONE', #7851, .T. ) ;
#6229 = DIRECTION ( 'NONE',  ( 1.000000000000000000, 3.469446951953613400E-15, 0.000000000000000000 ) ) ;
#6230 = DIRECTION ( 'NONE',  ( 0.000000000000000000, -1.000000000000000000, -1.110223024626063099E-14 ) ) ;
#6231 = AXIS2_PLACEMENT_3D ( 'NONE', #1210, #5669, #5764 ) ;
#6232 = ORIENTED_EDGE ( 'NONE', *, *, #3837, .T. ) ;
#6233 = CYLINDRICAL_SURFACE ( 'NONE', #6106, 9.000000000000000000 ) ;
#6234 = CYLINDRICAL_SURFACE ( 'NONE', #7955, 22.50000000000000355 ) ;
#6235 = EDGE_LOOP ( 'NONE', ( #4773, #6357 ) ) ;
#6236 = CARTESIAN_POINT ( 'NONE',  ( -34.51751045525497119, 98.22455240934206699, -281.4999999999997158 ) ) ;
#6237 = CARTESIAN_POINT ( 'NONE',  ( 38.00000000000000000, 30.00000000000000000, -1.396097351027982582E-14 ) ) ;
#6238 = CARTESIAN_POINT ( 'NONE',  ( -34.67950817397738206, 9.672003492554477333, -24.56801450019053235 ) ) ;
#6239 = AXIS2_PLACEMENT_3D ( 'NONE', #1, #6923, #5395 ) ;
#6240 = EDGE_LOOP ( 'NONE', ( #267, #2582, #2594, #2291 ) ) ;
#6241 = CARTESIAN_POINT ( 'NONE',  ( 13.08071832476437635, 16.92863173642205865, 40.43850196892979909 ) ) ;
#6242 = EDGE_CURVE ( 'NONE', #2788, #7561, #2768, .T. ) ;
#6243 = CARTESIAN_POINT ( 'NONE',  ( 0.000000000000000000, 83.00000000000295586, -413.4999999999995453 ) ) ;
#6244 = COLOUR_RGB ( '',0.7921568627450980005, 0.8196078431372548767, 0.9333333333333333481 ) ;
#6245 = CARTESIAN_POINT ( 'NONE',  ( -27.00000000000000000, 88.00000000000014211, -167.4999999999997158 ) ) ;
#6246 = VERTEX_POINT ( 'NONE', #4450 ) ;
#6247 = CIRCLE ( 'NONE', #5932, 3.000000000000002665 ) ;
#6248 = ORIENTED_EDGE ( 'NONE', *, *, #7720, .T. ) ;
#6249 = CARTESIAN_POINT ( 'NONE',  ( 8.000000000000000000, 146.1386137946185215, -4.699999999999999289 ) ) ;
#6250 = CARTESIAN_POINT ( 'NONE',  ( 5.204748896376249319E-15, 66.90000000000000568, 42.49999999999999289 ) ) ;
#6251 = DIRECTION ( 'NONE',  ( -0.000000000000000000, -0.000000000000000000, -1.000000000000000000 ) ) ;
#6252 = B_SPLINE_CURVE_WITH_KNOTS ( 'NONE', 3,
 ( #5263, #7590, #4614, #7488, #813, #7437, #5369, #3097, #720, #3842, #4423, #3796, #6801, #1412, #9074, #1602, #668, #4573, #2204, #8374, #5317, #8278, #6706, #626, #6111, #6659, #9674, #2296, #5216, #8227 ),
 .UNSPECIFIED., .F., .F.,
 ( 4, 2, 2, 2, 2, 2, 2, 2, 2, 2, 2, 2, 2, 2, 4 ),
 ( 0.07210155147349744942, 0.07435165487138742368, 0.07660175826927739795, 0.07772680996822238508, 0.07885186166716737222, 0.08110196506505731873, 0.08335206846294727911, 0.08560217186083723950, 0.09010237865661716028, 0.09235248205450712067, 0.09460258545239708106, 0.09910279224817700183, 0.1013528956460669761, 0.1036029990439569365, 0.1081032058397368711 ),
 .UNSPECIFIED. ) ;
#6253 = LINE ( 'NONE', #1002, #2779 ) ;
#6254 = ORIENTED_EDGE ( 'NONE', *, *, #6705, .F. ) ;
#6255 = CARTESIAN_POINT ( 'NONE',  ( 64.56989347527186851, -3.230592380278896059, -121.5000000000003553 ) ) ;
#6256 = CIRCLE ( 'NONE', #1979, 27.00000000000000000 ) ;
#6257 = TOROIDAL_SURFACE ( 'NONE', #5626, 13.00000000000000178, 3.000000000000000000 ) ;
#6258 = DIRECTION ( 'NONE',  ( -0.000000000000000000, 1.000000000000000000, 0.000000000000000000 ) ) ;
#6259 = EDGE_CURVE ( 'NONE', #8805, #5175, #5147, .T. ) ;
#6260 = CARTESIAN_POINT ( 'NONE',  ( 0.000000000000000000, 44.00000000000027711, -185.5000000000000284 ) ) ;
#6261 = ORIENTED_EDGE ( 'NONE', *, *, #1730, .F. ) ;
#6262 = DIRECTION ( 'NONE',  ( 0.000000000000000000, 1.000000000000000000, -0.000000000000000000 ) ) ;
#6263 = ORIENTED_EDGE ( 'NONE', *, *, #6077, .F. ) ;
#6264 = ORIENTED_EDGE ( 'NONE', *, *, #6525, .F. ) ;
#6265 = CARTESIAN_POINT ( 'NONE',  ( 37.87894679998809977, 15.82624810372622015, -19.28947475002228629 ) ) ;
#6266 = AXIS2_PLACEMENT_3D ( 'NONE', #6820, #3916, #8301 ) ;
#6267 = FACE_OUTER_BOUND ( 'NONE', #4426, .T. ) ;
#6268 = ORIENTED_EDGE ( 'NONE', *, *, #1459, .T. ) ;
#6269 = DIRECTION ( 'NONE',  ( -0.000000000000000000, -1.000000000000000000, -0.000000000000000000 ) ) ;
#6270 = LINE ( 'NONE', #6361, #5637 ) ;
#6271 = ADVANCED_FACE ( 'NONE', ( #1342 ), #5897, .F. ) ;
#6272 = ADVANCED_FACE ( 'NONE', ( #3577 ), #4409, .T. ) ;
#6273 = DIRECTION ( 'NONE',  ( 0.2840153447039201473, -0.9588197348681938292, -6.695402423213638926E-15 ) ) ;
#6274 = EDGE_LOOP ( 'NONE', ( #7831, #22 ) ) ;
#6275 = CARTESIAN_POINT ( 'NONE',  ( 0.000000000000000000, 82.00000000000000000, 0.000000000000000000 ) ) ;
#6276 = DIRECTION ( 'NONE',  ( 1.000000000000000000, 0.000000000000000000, 0.000000000000000000 ) ) ;
#6277 = DIRECTION ( 'NONE',  ( 0.000000000000000000, 0.000000000000000000, -1.000000000000000000 ) ) ;
#6278 = AXIS2_PLACEMENT_3D ( 'NONE', #870, #9133, #4679 ) ;
#6279 = EDGE_CURVE ( 'NONE', #9677, #6408, #5611, .T. ) ;
#6280 = DIRECTION ( 'NONE',  ( -0.000000000000000000, 1.000000000000000000, 0.000000000000000000 ) ) ;
#6281 = EDGE_CURVE ( 'NONE', #6675, #3720, #6868, .T. ) ;
#6282 = AXIS2_PLACEMENT_3D ( 'NONE', #534, #3557, #9584 ) ;
#6283 = CARTESIAN_POINT ( 'NONE',  ( 34.51751045525497119, 98.22455240934137066, -182.4999999999996589 ) ) ;
#6284 = ORIENTED_EDGE ( 'NONE', *, *, #7718, .T. ) ;
#6285 = CARTESIAN_POINT ( 'NONE',  ( 5.215008114947941031, 5.109482660837455725, -37.64225011243899388 ) ) ;
#6286 = ITEM_DEFINED_TRANSFORMATION ( 'NONE', 'NONE', #7889,  #3150 ) ;
#6287 = DIRECTION ( 'NONE',  ( 1.224646799147353207E-16, 1.000000000000000000, -0.000000000000000000 ) ) ;
#6288 = CARTESIAN_POINT ( 'NONE',  ( 0.000000000000000000, 44.00000000000297007, -413.5000000000001137 ) ) ;
#6289 = CIRCLE ( 'NONE', #9769, 3.000000000000000000 ) ;
#6290 = ORIENTED_EDGE ( 'NONE', *, *, #6790, .F. ) ;
#6291 = DIRECTION ( 'NONE',  ( 1.000000000000000000, 0.000000000000000000, 0.000000000000000000 ) ) ;
#6292 = CARTESIAN_POINT ( 'NONE',  ( -37.99898143101934522, 20.77404236749103461, -1.836434341383503144 ) ) ;
#6293 = VERTEX_POINT ( 'NONE', #7724 ) ;
#6294 = COLOUR_RGB ( '',0.7921568627450980005, 0.8196078431372548767, 0.9333333333333333481 ) ;
#6295 = DIRECTION ( 'NONE',  ( 1.000000000000000000, 0.000000000000000000, 0.000000000000000000 ) ) ;
#6296 = CARTESIAN_POINT ( 'NONE',  ( 0.000000000000000000, 8.000000000000000000, -103.5000000000002558 ) ) ;
#6297 = EDGE_LOOP ( 'NONE', ( #2425, #1681, #3073, #4386 ) ) ;
#6298 = DIRECTION ( 'NONE',  ( 0.000000000000000000, 0.000000000000000000, 1.000000000000000000 ) ) ;
#6299 = AXIS2_PLACEMENT_3D ( 'NONE', #3115, #6406, #9190 ) ;
#6300 = CARTESIAN_POINT ( 'NONE',  ( 39.87408514266326875, 45.70073188586939494, -6.000000000000013323 ) ) ;
#6301 = EDGE_CURVE ( 'NONE', #5087, #3696, #5297, .T. ) ;
#6302 = ORIENTED_EDGE ( 'NONE', *, *, #5267, .F. ) ;
#6303 = CARTESIAN_POINT ( 'NONE',  ( 0.000000000000000000, 88.00000000000014211, -167.4999999999997158 ) ) ;
#6304 = AXIS2_PLACEMENT_3D ( 'NONE', #8688, #6527, #4933 ) ;
#6305 = CARTESIAN_POINT ( 'NONE',  ( 0.000000000000000000, 0.000000000000000000, 0.000000000000000000 ) ) ;
#6306 = PRODUCT_DEFINITION_CONTEXT ( 'detailed design', #6083, 'design' ) ;
#6307 = LINE ( 'NONE', #170, #5732 ) ;
#6308 = ORIENTED_EDGE ( 'NONE', *, *, #3039, .T. ) ;
#6309 =( GEOMETRIC_REPRESENTATION_CONTEXT ( 3 ) GLOBAL_UNCERTAINTY_ASSIGNED_CONTEXT ( ( #8474 ) ) GLOBAL_UNIT_ASSIGNED_CONTEXT ( ( #7529, #6152, #3088 ) ) REPRESENTATION_CONTEXT ( 'NONE', 'WORKASPACE' ) );
#6310 = CARTESIAN_POINT ( 'NONE',  ( -34.51751045525497119, -10.22455240933841480, -395.5000000000008527 ) ) ;
#6311 = VERTEX_POINT ( 'NONE', #5443 ) ;
#6312 = ORIENTED_EDGE ( 'NONE', *, *, #9494, .F. ) ;
#6313 = CARTESIAN_POINT ( 'NONE',  ( 38.00000000000000000, 30.00000000000000000, 8.999999999999985789 ) ) ;
#6314 = DIRECTION ( 'NONE',  ( 0.000000000000000000, 0.000000000000000000, 1.000000000000000000 ) ) ;
#6315 = ORIENTED_EDGE ( 'NONE', *, *, #9327, .F. ) ;
#6316 = VECTOR ( 'NONE', #3763, 1000.000000000000000 ) ;
#6317 = EDGE_CURVE ( 'NONE', #6417, #8690, #6716, .T. ) ;
#6318 = EDGE_CURVE ( 'NONE', #1735, #7819, #3399, .T. ) ;
#6319 = DIRECTION ( 'NONE',  ( 0.000000000000000000, 1.000000000000000000, 0.000000000000000000 ) ) ;
#6320 = AXIS2_PLACEMENT_3D ( 'NONE', #9442, #2569, #4250 ) ;
#6321 = CARTESIAN_POINT ( 'NONE',  ( 35.99999999993861621, 1.369582187388820316, 9.198662110049854235 ) ) ;
#6322 = CARTESIAN_POINT ( 'NONE',  ( -5.219306349461369621, 48.89903369223895169, -37.64708542909072975 ) ) ;
#6323 = ORIENTED_EDGE ( 'NONE', *, *, #6866, .T. ) ;
#6324 = DIRECTION ( 'NONE',  ( 0.000000000000000000, 0.000000000000000000, -1.000000000000000000 ) ) ;
#6325 = CARTESIAN_POINT ( 'NONE',  ( 38.00000000000000000, 0.000000000000000000, 4.499999999999984013 ) ) ;
#6326 = ORIENTED_EDGE ( 'NONE', *, *, #8243, .F. ) ;
#6327 = CARTESIAN_POINT ( 'NONE',  ( 0.000000000000000000, 44.00000000000131450, -334.5000000000000000 ) ) ;
#6328 = EDGE_CURVE ( 'NONE', #7963, #8805, #8286, .T. ) ;
#6329 = DIRECTION ( 'NONE',  ( 0.000000000000000000, 6.982962677686266711E-15, -1.000000000000000000 ) ) ;
#6330 = DIRECTION ( 'NONE',  ( 1.000000000000000000, 0.000000000000000000, 0.000000000000000000 ) ) ;
#6331 = ITEM_DEFINED_TRANSFORMATION ( 'NONE', 'NONE', #8988,  #3150 ) ;
#6332 = CARTESIAN_POINT ( 'NONE',  ( -21.41339544593805755, 31.91830051994897488, -9.042546674575058674 ) ) ;
#6333 = EDGE_CURVE ( 'NONE', #9179, #6975, #46, .T. ) ;
#6334 = FACE_OUTER_BOUND ( 'NONE', #5264, .T. ) ;
#6335 = ORIENTED_EDGE ( 'NONE', *, *, #6147, .F. ) ;
#6336 = CARTESIAN_POINT ( 'NONE',  ( 5.345272439708891987, 11.38033848061421871, 42.16576887020493558 ) ) ;
#6337 = DIRECTION ( 'NONE',  ( 0.000000000000000000, 0.000000000000000000, 1.000000000000000000 ) ) ;
#6338 = CARTESIAN_POINT ( 'NONE',  ( -12.01451070171551194, 7.962257511791554165, 36.05638642681348927 ) ) ;
#6339 = EDGE_LOOP ( 'NONE', ( #8484, #1996, #120, #6168 ) ) ;
#6340 = DIRECTION ( 'NONE',  ( 1.000000000000000000, 0.000000000000000000, 0.000000000000000000 ) ) ;
#6341 = DIRECTION ( 'NONE',  ( -0.000000000000000000, 0.000000000000000000, 1.000000000000000000 ) ) ;
#6342 = CARTESIAN_POINT ( 'NONE',  ( 0.000000000000000000, 83.00000000000027001, -185.4999999999997442 ) ) ;
#6343 =( REPRESENTATION_RELATIONSHIP ('NONE','NONE', #7863, #7209 ) REPRESENTATION_RELATIONSHIP_WITH_TRANSFORMATION ( #7024 )SHAPE_REPRESENTATION_RELATIONSHIP( ) );
#6344 = DIRECTION ( 'NONE',  ( -0.000000000000000000, -1.396592535537253342E-14, 1.000000000000000000 ) ) ;
#6345 = CIRCLE ( 'NONE', #9251, 4.999999999997658762 ) ;
#6346 = VERTEX_POINT ( 'NONE', #9203 ) ;
#6347 = CARTESIAN_POINT ( 'NONE',  ( 10.91932038197806598, 39.41631401721728878, 41.08086571108974283 ) ) ;
#6348 = DIRECTION ( 'NONE',  ( -1.000000000000000000, 0.000000000000000000, 0.000000000000000000 ) ) ;
#6349 = DIRECTION ( 'NONE',  ( 1.000000000000000000, 0.000000000000000000, 0.000000000000000000 ) ) ;
#6350 = VERTEX_POINT ( 'NONE', #8456 ) ;
#6351 = CLOSED_SHELL ( 'NONE', ( #5970, #1069, #291, #265, #2045, #4343, #1529, #7420 ) ) ;
#6352 = DIRECTION ( 'NONE',  ( 0.000000000000000000, 1.000000000000000000, 1.110223024625459147E-14 ) ) ;
#6353 = EDGE_LOOP ( 'NONE', ( #5989, #9466, #5540, #6762 ) ) ;
#6354 = EDGE_LOOP ( 'NONE', ( #4462, #1592, #3325, #2651 ) ) ;
#6355 = B_SPLINE_CURVE_WITH_KNOTS ( 'NONE', 3,
 ( #7404, #6024, #3012, #730, #3759, #3957, #9032, #9738, #5930, #30, #2258, #6718, #5276, #5179, #1570, #639, #2168, #8288, #4534, #1519, #6122, #823, #7551, #6859, #8938, #2966 ),
 .UNSPECIFIED., .F., .F.,
 ( 4, 2, 2, 2, 2, 2, 2, 2, 2, 2, 2, 2, 4 ),
 ( 0.02606160857363950742, 0.02768925709268393182, 0.02931690561172835274, 0.03257220264981720848, 0.03582749968790606421, 0.03745514820695049207, 0.03908279672599491994, 0.04233809376408377567, 0.04396574228312818966, 0.04559339080217261753, 0.04884868784026145938, 0.05047633635930588031, 0.05210398487835030124 ),
 .UNSPECIFIED. ) ;
#6356 = FACE_BOUND ( 'NONE', #5072, .T. ) ;
#6357 = ORIENTED_EDGE ( 'NONE', *, *, #4396, .F. ) ;
#6358 = CARTESIAN_POINT ( 'NONE',  ( -36.00000000000000000, 44.00000000000000000, 45.50000000000000000 ) ) ;
#6359 = CARTESIAN_POINT ( 'NONE',  ( 39.00000000000000711, 1.291850614124398085E-17, -11.95826074310141074 ) ) ;
#6360 = CIRCLE ( 'NONE', #9202, 36.00000000000000711 ) ;
#6361 = CARTESIAN_POINT ( 'NONE',  ( -34.51751045525497119, -10.22455240934112553, 7.500000000000000000 ) ) ;
#6362 = CARTESIAN_POINT ( 'NONE',  ( 46.82301913658313453, 40.14158469073461077, -2.063463580652101115 ) ) ;
#6363 = EDGE_LOOP ( 'NONE', ( #8133, #54 ) ) ;
#6364 = EDGE_CURVE ( 'NONE', #8079, #1582, #8912, .T. ) ;
#6365 = VERTEX_POINT ( 'NONE', #1633 ) ;
#6366 = AXIS2_PLACEMENT_3D ( 'NONE', #4967, #5815, #9520 ) ;
#6367 = DIRECTION ( 'NONE',  ( -0.000000000000000000, -0.000000000000000000, 1.000000000000000000 ) ) ;
#6368 = AXIS2_PLACEMENT_3D ( 'NONE', #3669, #5091, #6683 ) ;
#6369 = DIRECTION ( 'NONE',  ( 0.000000000000000000, 0.000000000000000000, 1.000000000000000000 ) ) ;
#6370 = VERTEX_POINT ( 'NONE', #4648 ) ;
#6371 = FACE_OUTER_BOUND ( 'NONE', #2179, .T. ) ;
#6372 = ORIENTED_EDGE ( 'NONE', *, *, #5763, .F. ) ;
#6373 = EDGE_CURVE ( 'NONE', #739, #9215, #6785, .T. ) ;
#6374 = DIRECTION ( 'NONE',  ( 1.826024711554533667E-16, 4.720141315418149384E-32, 1.000000000000000000 ) ) ;
#6375 = CARTESIAN_POINT ( 'NONE',  ( 20.16213759143474604, 16.90614851658346751, -32.21723087228463100 ) ) ;
#6376 = AXIS2_PLACEMENT_3D ( 'NONE', #2189, #6692, #801 ) ;
#6377 = AXIS2_PLACEMENT_3D ( 'NONE', #7056, #1613, #3259 ) ;
#6378 = DIRECTION ( 'NONE',  ( 0.000000000000000000, 0.000000000000000000, -1.000000000000000000 ) ) ;
#6379 = ORIENTED_EDGE ( 'NONE', *, *, #1250, .F. ) ;
#6380 = AXIS2_PLACEMENT_3D ( 'NONE', #2595, #6262, #6403 ) ;
#6381 = CARTESIAN_POINT ( 'NONE',  ( -27.00000000000000000, 87.99999999999998579, -124.4999999999997158 ) ) ;
#6382 = EDGE_CURVE ( 'NONE', #2249, #409, #7175, .T. ) ;
#6383 = FACE_OUTER_BOUND ( 'NONE', #8756, .T. ) ;
#6384 = ADVANCED_FACE ( 'NONE', ( #6973 ), #152, .F. ) ;
#6385 = CARTESIAN_POINT ( 'NONE',  ( 4.807381861108111427E-15, 4.499999999999998224, 38.00000000000000000 ) ) ;
#6386 = VERTEX_POINT ( 'NONE', #5495 ) ;
#6387 = CARTESIAN_POINT ( 'NONE',  ( -6.735557395310464703E-15, -10.99999999999633893, -463.5000000000008527 ) ) ;
#6388 =( NAMED_UNIT ( * ) SI_UNIT ( $, .STERADIAN. ) SOLID_ANGLE_UNIT ( ) );
#6389 = CYLINDRICAL_SURFACE ( 'NONE', #4467, 42.49999999999999289 ) ;
#6390 = AXIS2_PLACEMENT_3D ( 'NONE', #2732, #9705, #8799 ) ;
#6391 = ORIENTED_EDGE ( 'NONE', *, *, #143, .T. ) ;
#6392 = PLANE ( 'NONE',  #5497 ) ;
#6393 = DIRECTION ( 'NONE',  ( 0.000000000000000000, 0.000000000000000000, 1.000000000000000000 ) ) ;
#6394 = ORIENTED_EDGE ( 'NONE', *, *, #6124, .F. ) ;
#6395 = FACE_OUTER_BOUND ( 'NONE', #1725, .T. ) ;
#6396 = CARTESIAN_POINT ( 'NONE',  ( 0.000000000000000000, 146.1386137946185215, 4.699999999999999289 ) ) ;
#6397 = CIRCLE ( 'NONE', #6091, 35.99999999999999289 ) ;
#6398 = UNCERTAINTY_MEASURE_WITH_UNIT (LENGTH_MEASURE( 1.000000000000000082E-05 ), #5469, 'distance_accuracy_value', 'NONE');
#6399 = CIRCLE ( 'NONE', #2133, 3.000000000000002665 ) ;
#6400 = EDGE_CURVE ( 'NONE', #1894, #6502, #1174, .T. ) ;
#6401 = LINE ( 'NONE', #5464, #7003 ) ;
#6402 = ORIENTED_EDGE ( 'NONE', *, *, #3468, .F. ) ;
#6403 = DIRECTION ( 'NONE',  ( 0.000000000000000000, 0.000000000000000000, 1.000000000000000000 ) ) ;
#6404 = VERTEX_POINT ( 'NONE', #198 ) ;
#6405 = ORIENTED_EDGE ( 'NONE', *, *, #196, .F. ) ;
#6406 = DIRECTION ( 'NONE',  ( 0.000000000000000000, 1.000000000000000000, -0.000000000000000000 ) ) ;
#6407 = LINE ( 'NONE', #1998, #4297 ) ;
#6408 = VERTEX_POINT ( 'NONE', #8506 ) ;
#6409 =( NAMED_UNIT ( * ) PLANE_ANGLE_UNIT ( ) SI_UNIT ( $, .RADIAN. ) );
#6410 = TOROIDAL_SURFACE ( 'NONE', #5620, 39.00000000000000000, 3.000000000000000000 ) ;
#6411 = CARTESIAN_POINT ( 'NONE',  ( 38.00000000000000000, 30.00000000000000000, 4.499999999999984013 ) ) ;
#6412 = CARTESIAN_POINT ( 'NONE',  ( 35.92308074463215917, 2.716313340183026170, -11.96609650565751259 ) ) ;
#6413 = CIRCLE ( 'NONE', #8939, 16.00000000000000000 ) ;
#6414 = CARTESIAN_POINT ( 'NONE',  ( 42.89579902271627532, 43.28336078182697833, -5.242718331025678857 ) ) ;
#6415 = ORIENTED_EDGE ( 'NONE', *, *, #6328, .T. ) ;
#6416 = CIRCLE ( 'NONE', #2467, 10.00000000000000178 ) ;
#6417 = VERTEX_POINT ( 'NONE', #3776 ) ;
#6418 = CARTESIAN_POINT ( 'NONE',  ( 0.000000000000000000, 82.00000000000000000, -14.89999999999999680 ) ) ;
#6419 = CARTESIAN_POINT ( 'NONE',  ( 4.653657836759941941E-15, 85.00000000000000000, 38.00000000000000000 ) ) ;
#6420 = ORIENTED_EDGE ( 'NONE', *, *, #6188, .F. ) ;
#6421 = CARTESIAN_POINT ( 'NONE',  ( 0.000000000000000000, 2.000000000000029310, 0.000000000000000000 ) ) ;
#6422 = ADVANCED_FACE ( 'NONE', ( #3924 ), #845, .F. ) ;
#6423 = AXIS2_PLACEMENT_3D ( 'NONE', #9648, #5038, #1282 ) ;
#6424 = EDGE_CURVE ( 'NONE', #814, #2857, #1985, .T. ) ;
#6425 = DIRECTION ( 'NONE',  ( -1.000000000000000000, 0.000000000000000000, 0.000000000000000000 ) ) ;
#6426 = ORIENTED_EDGE ( 'NONE', *, *, #3865, .T. ) ;
#6427 = DIRECTION ( 'NONE',  ( -0.000000000000000000, -0.000000000000000000, -1.000000000000000000 ) ) ;
#6428 = CYLINDRICAL_SURFACE ( 'NONE', #6320, 4.999999999996165734 ) ;
#6429 = CIRCLE ( 'NONE', #8311, 3.000000000000001332 ) ;
#6430 = CONTEXT_DEPENDENT_SHAPE_REPRESENTATION ( #2617, #7828 ) ;
#6431 = CARTESIAN_POINT ( 'NONE',  ( -22.48353060487813693, 30.00000000000000000, -9.407652717443333756 ) ) ;
#6432 = PRODUCT_DEFINITION_SHAPE ( 'NONE', 'NONE',  #9784 ) ;
#6433 = EDGE_CURVE ( 'NONE', #9468, #6601, #4968, .T. ) ;
#6434 = ORIENTED_EDGE ( 'NONE', *, *, #5984, .F. ) ;
#6435 = LINE ( 'NONE', #1827, #5150 ) ;
#6436 = CARTESIAN_POINT ( 'NONE',  ( 10.42211936681472650, 46.94398666455247593, -36.54437269544759914 ) ) ;
#6437 = CARTESIAN_POINT ( 'NONE',  ( -31.42648297920982969, 14.47834681900573628, 21.36666458372611643 ) ) ;
#6438 = ORIENTED_EDGE ( 'NONE', *, *, #759, .F. ) ;
#6439 = DIRECTION ( 'NONE',  ( 0.000000000000000000, 0.000000000000000000, 1.000000000000000000 ) ) ;
#6440 = CARTESIAN_POINT ( 'NONE',  ( 64.56989347527186851, -3.230592380279007081, -106.5000000000003411 ) ) ;
#6441 = ORIENTED_EDGE ( 'NONE', *, *, #2832, .F. ) ;
#6442 = AXIS2_PLACEMENT_3D ( 'NONE', #1835, #5508, #259 ) ;
#6443 = CARTESIAN_POINT ( 'NONE',  ( -45.63820559004887656, 41.08943552795723519, 4.922906327652894376 ) ) ;
#6444 = DIRECTION ( 'NONE',  ( 0.2840153447039201473, 0.9588197348681938292, 0.000000000000000000 ) ) ;
#6445 = ADVANCED_FACE ( 'NONE', ( #2764 ), #2863, .F. ) ;
#6446 = ORIENTED_EDGE ( 'NONE', *, *, #5121, .T. ) ;
#6447 = LINE ( 'NONE', #9505, #6529 ) ;
#6448 = DIRECTION ( 'NONE',  ( -1.000000000000000000, 0.000000000000000000, 0.000000000000000000 ) ) ;
#6449 = CARTESIAN_POINT ( 'NONE',  ( 38.00000000000000000, 0.000000000000000000, -4.500000000000011546 ) ) ;
#6450 = VERTEX_POINT ( 'NONE', #5875 ) ;
#6451 = VECTOR ( 'NONE', #7443, 1000.000000000000000 ) ;
#6452 = DIRECTION ( 'NONE',  ( 0.000000000000000000, 0.000000000000000000, -1.000000000000000000 ) ) ;
#6453 = ORIENTED_EDGE ( 'NONE', *, *, #6819, .F. ) ;
#6454 = ORIENTED_EDGE ( 'NONE', *, *, #1361, .F. ) ;
#6455 = DIRECTION ( 'NONE',  ( 0.000000000000000000, 6.982962677686266711E-15, -1.000000000000000000 ) ) ;
#6456 = CIRCLE ( 'NONE', #3779, 36.00000000000000000 ) ;
#6457 = DIRECTION ( 'NONE',  ( 0.000000000000000000, -1.000000000000000000, -7.116814260417670090E-15 ) ) ;
#6458 = VERTEX_POINT ( 'NONE', #7351 ) ;
#6459 = CARTESIAN_POINT ( 'NONE',  ( 0.000000000000000000, 56.13861379461851442, 4.699999999999999289 ) ) ;
#6460 = EDGE_CURVE ( 'NONE', #3200, #6883, #7897, .T. ) ;
#6461 = AXIS2_PLACEMENT_3D ( 'NONE', #6733, #6680, #9751 ) ;
#6462 = EDGE_CURVE ( 'NONE', #7593, #6970, #3717, .T. ) ;
#6463 = CARTESIAN_POINT ( 'NONE',  ( 0.000000000000000000, 201.1999999999999886, 19.00000000000000000 ) ) ;
#6464 = CARTESIAN_POINT ( 'NONE',  ( 0.000000000000000000, 85.00000000000000000, 0.000000000000000000 ) ) ;
#6465 = AXIS2_PLACEMENT_3D ( 'NONE', #3474, #3624, #4357 ) ;
#6466 = CARTESIAN_POINT ( 'NONE',  ( -39.00000000000000711, -8.576495761562840348E-23, -11.95826074310139830 ) ) ;
#6467 = CARTESIAN_POINT ( 'NONE',  ( -1.526853554897874998, 49.50000000000001421, -38.00000000000000000 ) ) ;
#6468 = EDGE_LOOP ( 'NONE', ( #5314, #6995, #3995, #2854 ) ) ;
#6469 = ORIENTED_EDGE ( 'NONE', *, *, #7510, .F. ) ;
#6470 = AXIS2_PLACEMENT_3D ( 'NONE', #2011, #7855, #1861 ) ;
#6471 = FACE_OUTER_BOUND ( 'NONE', #8316, .T. ) ;
#6472 = CARTESIAN_POINT ( 'NONE',  ( 22.48353060487813693, 30.00000000000000000, 9.407652717443331980 ) ) ;
#6473 = EDGE_LOOP ( 'NONE', ( #1480, #5722, #7445, #5666 ) ) ;
#6474 = DIRECTION ( 'NONE',  ( -0.000000000000000000, -1.000000000000000000, -0.000000000000000000 ) ) ;
#6475 = AXIS2_PLACEMENT_3D ( 'NONE', #9734, #2960, #1462 ) ;
#6476 = CARTESIAN_POINT ( 'NONE',  ( 0.000000000000000000, 87.99999999999981526, -121.4999999999997158 ) ) ;
#6477 = ORIENTED_EDGE ( 'NONE', *, *, #7638, .F. ) ;
#6478 = DIRECTION ( 'NONE',  ( -1.000000000000000000, 0.000000000000000000, 0.000000000000000000 ) ) ;
#6479 = CARTESIAN_POINT ( 'NONE',  ( 11.05780896201771846, 7.401308323443597459, -36.35707917540217693 ) ) ;
#6480 = CONTEXT_DEPENDENT_SHAPE_REPRESENTATION ( #8598, #3435 ) ;
#6481 = CARTESIAN_POINT ( 'NONE',  ( -38.00000000000000711, 43.35812545754031078, -9.000000000000000000 ) ) ;
#6482 = VERTEX_POINT ( 'NONE', #4022 ) ;
#6483 = CARTESIAN_POINT ( 'NONE',  ( 64.56989347527186851, -3.230592380278479503, -182.5000000000003695 ) ) ;
#6484 = CARTESIAN_POINT ( 'NONE',  ( -40.93484022786175558, 19.10799372182490430, -11.46031102006166691 ) ) ;
#6485 = EDGE_CURVE ( 'NONE', #8864, #3790, #709, .T. ) ;
#6486 = DIRECTION ( 'NONE',  ( -0.000000000000000000, -0.000000000000000000, 1.000000000000000000 ) ) ;
#6487 = ORIENTED_EDGE ( 'NONE', *, *, #4937, .T. ) ;
#6488 = ADVANCED_FACE ( 'NONE', ( #6334 ), #8749, .F. ) ;
#6489 = CARTESIAN_POINT ( 'NONE',  ( 0.000000000000000000, 115.0000000000001279, -164.4999999999995168 ) ) ;
#6490 = DIRECTION ( 'NONE',  ( -0.5108050941381118148, 2.405773426009763077E-16, -0.8596965486743298746 ) ) ;
#6491 = DIRECTION ( 'NONE',  ( 0.000000000000000000, 1.000000000000000000, 6.982962677686266711E-15 ) ) ;
#6492 = FACE_OUTER_BOUND ( 'NONE', #4760, .T. ) ;
#6493 = DIRECTION ( 'NONE',  ( 0.000000000000000000, 6.982962677686266711E-15, -1.000000000000000000 ) ) ;
#6494 = ORIENTED_EDGE ( 'NONE', *, *, #6382, .T. ) ;
#6495 = CARTESIAN_POINT ( 'NONE',  ( 38.00000000000000000, 0.000000000000000000, 4.499999999999984013 ) ) ;
#6496 = UNCERTAINTY_MEASURE_WITH_UNIT (LENGTH_MEASURE( 1.000000000000000082E-05 ), #7668, 'distance_accuracy_value', 'NONE');
#6497 = CARTESIAN_POINT ( 'NONE',  ( -22.48353060487813693, 30.00000000000000000, -9.407652717443333756 ) ) ;
#6498 = ORIENTED_EDGE ( 'NONE', *, *, #8013, .F. ) ;
#6499 = CARTESIAN_POINT ( 'NONE',  ( -27.00000000000000000, 1.373088835407637272E-16, 19.00000000000000000 ) ) ;
#6500 = ORIENTED_EDGE ( 'NONE', *, *, #681, .F. ) ;
#6501 = EDGE_CURVE ( 'NONE', #7705, #470, #2064, .T. ) ;
#6502 = VERTEX_POINT ( 'NONE', #5024 ) ;
#6503 = DIRECTION ( 'NONE',  ( 0.000000000000000000, 6.982962677686266711E-15, -1.000000000000000000 ) ) ;
#6504 = DIRECTION ( 'NONE',  ( -0.000000000000000000, -1.396592535537253342E-14, 1.000000000000000000 ) ) ;
#6505 = ORIENTED_EDGE ( 'NONE', *, *, #3714, .T. ) ;
#6506 =( NAMED_UNIT ( * ) SI_UNIT ( $, .STERADIAN. ) SOLID_ANGLE_UNIT ( ) );
#6507 = DIRECTION ( 'NONE',  ( -1.000000000000000000, 0.000000000000000000, 0.000000000000000000 ) ) ;
#6508 = CARTESIAN_POINT ( 'NONE',  ( 0.000000000000000000, 71.09999999999999432, -42.49999999999999289 ) ) ;
#6509 = CIRCLE ( 'NONE', #8869, 3.000000000000002665 ) ;
#6510 = FACE_BOUND ( 'NONE', #5706, .T. ) ;
#6511 = CARTESIAN_POINT ( 'NONE',  ( -21.71183648166782731, 32.95017504702511957, -31.18762856692088548 ) ) ;
#6512 = ORIENTED_EDGE ( 'NONE', *, *, #2699, .F. ) ;
#6513 = EDGE_CURVE ( 'NONE', #42, #4114, #7473, .T. ) ;
#6514 = ORIENTED_EDGE ( 'NONE', *, *, #7814, .F. ) ;
#6515 = CARTESIAN_POINT ( 'NONE',  ( -38.74999999995439026, 1.474284678808904792, 8.968695557329862567 ) ) ;
#6516 = EDGE_CURVE ( 'NONE', #750, #113, #3323, .T. ) ;
#6517 = DIRECTION ( 'NONE',  ( -0.2840153447039201473, -0.9588197348681938292, -1.339080484642727785E-14 ) ) ;
#6518 = ORIENTED_EDGE ( 'NONE', *, *, #2810, .F. ) ;
#6519 = DIRECTION ( 'NONE',  ( -1.000000000000000000, 0.000000000000000000, 0.000000000000000000 ) ) ;
#6520 = CIRCLE ( 'NONE', #353, 39.00000000000000711 ) ;
#6521 = DIRECTION ( 'NONE',  ( 0.000000000000000000, 0.000000000000000000, 1.000000000000000000 ) ) ;
#6522 = DIRECTION ( 'NONE',  ( -0.000000000000000000, -1.396592535537253342E-14, 1.000000000000000000 ) ) ;
#6523 = AXIS2_PLACEMENT_3D ( 'NONE', #5315, #1555, #1453 ) ;
#6524 = TOROIDAL_SURFACE ( 'NONE', #2256, 39.00000000000000000, 3.000000000000000000 ) ;
#6525 = EDGE_CURVE ( 'NONE', #5069, #6458, #1947, .T. ) ;
#6526 = DIRECTION ( 'NONE',  ( -0.000000000000000000, -1.396592535537253342E-14, 1.000000000000000000 ) ) ;
#6527 = DIRECTION ( 'NONE',  ( 1.000000000000000000, -0.000000000000000000, -0.000000000000000000 ) ) ;
#6528 = CARTESIAN_POINT ( 'NONE',  ( -21.16049240559656752, 32.41254911885545198, -9.000000000000000000 ) ) ;
#6529 = VECTOR ( 'NONE', #4083, 1000.000000000000000 ) ;
#6530 = ORIENTED_EDGE ( 'NONE', *, *, #7285, .T. ) ;
#6531 = DIRECTION ( 'NONE',  ( 0.000000000000000000, 1.000000000000000000, 1.387778780781445991E-14 ) ) ;
#6532 =( REPRESENTATION_RELATIONSHIP ('NONE','NONE', #7863, #6533 ) REPRESENTATION_RELATIONSHIP_WITH_TRANSFORMATION ( #6286 )SHAPE_REPRESENTATION_RELATIONSHIP( ) );
#6533 = SHAPE_REPRESENTATION ( 'piston ring', ( #3150 ), #4106 ) ;
#6534 = CARTESIAN_POINT ( 'NONE',  ( 0.000000000000000000, 44.00000000000051870, -220.5000000000000284 ) ) ;
#6535 = VECTOR ( 'NONE', #8961, 1000.000000000000000 ) ;
#6536 = AXIS2_PLACEMENT_3D ( 'NONE', #1039, #7073, #8048 ) ;
#6537 = CARTESIAN_POINT ( 'NONE',  ( -28.61817604250837022, 7.701505793815494272, 25.00000000000000000 ) ) ;
#6538 = ORIENTED_EDGE ( 'NONE', *, *, #6916, .F. ) ;
#6539 = CARTESIAN_POINT ( 'NONE',  ( -38.00000000000000000, 0.000000000000000000, 0.000000000000000000 ) ) ;
#6540 = DIRECTION ( 'NONE',  ( 1.000000000000000000, 0.000000000000000000, 0.000000000000000000 ) ) ;
#6541 = CARTESIAN_POINT ( 'NONE',  ( -38.00000000000000000, 30.00000000000000000, -9.000000000000000000 ) ) ;
#6542 = CARTESIAN_POINT ( 'NONE',  ( -42.53257082008197187, 40.94075435349854786, 7.864077496537053236 ) ) ;
#6543 = DIRECTION ( 'NONE',  ( 0.000000000000000000, -1.000000000000000000, -1.387778780781445676E-14 ) ) ;
#6544 = VECTOR ( 'NONE', #4129, 1000.000000000000000 ) ;
#6545 = ORIENTED_EDGE ( 'NONE', *, *, #558, .F. ) ;
#6546 = DIRECTION ( 'NONE',  ( 1.826024711554533667E-16, 4.720141315418149384E-32, 1.000000000000000000 ) ) ;
#6547 = EDGE_CURVE ( 'NONE', #55, #3942, #6598, .T. ) ;
#6548 = EDGE_CURVE ( 'NONE', #7105, #5217, #215, .T. ) ;
#6549 = DIRECTION ( 'NONE',  ( 0.000000000000000000, -1.000000000000000000, -1.480297366166875492E-14 ) ) ;
#6550 = CARTESIAN_POINT ( 'NONE',  ( 0.000000000000000000, 0.000000000000000000, -39.50000000000000000 ) ) ;
#6551 = EDGE_LOOP ( 'NONE', ( #4802, #4860 ) ) ;
#6552 = FACE_OUTER_BOUND ( 'NONE', #3933, .T. ) ;
#6553 = ORIENTED_EDGE ( 'NONE', *, *, #9241, .T. ) ;
#6554 = ORIENTED_EDGE ( 'NONE', *, *, #8990, .T. ) ;
#6555 = DIRECTION ( 'NONE',  ( 0.000000000000000000, -1.000000000000000000, 0.000000000000000000 ) ) ;
#6556 = CARTESIAN_POINT ( 'NONE',  ( 0.000000000000000000, 27.00000000000000000, 19.00000000000000000 ) ) ;
#6557 = EDGE_LOOP ( 'NONE', ( #7951, #506, #8231, #5337, #274 ) ) ;
#6558 = DIRECTION ( 'NONE',  ( 0.7808688094430301652, -0.6246950475544243986, -1.425885742525140859E-16 ) ) ;
#6559 = LINE ( 'NONE', #7941, #3385 ) ;
#6560 = EDGE_CURVE ( 'NONE', #1343, #5926, #6700, .T. ) ;
#6561 = AXIS2_PLACEMENT_3D ( 'NONE', #6093, #8307, #6189 ) ;
#6562 = CARTESIAN_POINT ( 'NONE',  ( 4.837354856632045452E-15, 59.50000000000000000, -39.50000000000000000 ) ) ;
#6563 = CARTESIAN_POINT ( 'NONE',  ( 28.61817604250836666, 6.755772121541173014, 25.00000000000000000 ) ) ;
#6564 = PLANE ( 'NONE',  #4166 ) ;
#6565 = EDGE_LOOP ( 'NONE', ( #5119, #7275, #7154, #5867 ) ) ;
#6566 = ORIENTED_EDGE ( 'NONE', *, *, #3317, .T. ) ;
#6567 = LINE ( 'NONE', #7346, #923 ) ;
#6568 = AXIS2_PLACEMENT_3D ( 'NONE', #3506, #6522, #2766 ) ;
#6569 = CIRCLE ( 'NONE', #7978, 3.000000000000002665 ) ;
#6570 = CARTESIAN_POINT ( 'NONE',  ( -55.00000000000000000, 44.00000000000345324, -448.5000000000000568 ) ) ;
#6571 = ORIENTED_EDGE ( 'NONE', *, *, #825, .F. ) ;
#6572 = CARTESIAN_POINT ( 'NONE',  ( 31.42648297920982969, 14.47834681900573983, -21.36666458372611288 ) ) ;
#6573 = EDGE_CURVE ( 'NONE', #5479, #243, #3505, .T. ) ;
#6574 = DIRECTION ( 'NONE',  ( 0.000000000000000000, 1.396592535537253342E-14, -1.000000000000000000 ) ) ;
#6575 = AXIS2_PLACEMENT_3D ( 'NONE', #3887, #2341, #5362 ) ;
#6576 = AXIS2_PLACEMENT_3D ( 'NONE', #2691, #3529, #6549 ) ;
#6577 = DIRECTION ( 'NONE',  ( -0.7808688094430302762, 0.6246950475544246206, -1.444897552425477806E-15 ) ) ;
#6578 = FACE_OUTER_BOUND ( 'NONE', #7574, .T. ) ;
#6579 = DIRECTION ( 'NONE',  ( 0.2840153447039201473, 0.9588197348681938292, 6.695402423213638926E-15 ) ) ;
#6580 = FACE_OUTER_BOUND ( 'NONE', #7611, .T. ) ;
#6581 = CIRCLE ( 'NONE', #1675, 39.00000000000000711 ) ;
#6582 = ADVANCED_FACE ( 'NONE', ( #535 ), #8107, .F. ) ;
#6583 = EDGE_CURVE ( 'NONE', #1500, #3585, #2112, .T. ) ;
#6584 = ORIENTED_EDGE ( 'NONE', *, *, #9391, .T. ) ;
#6585 = CARTESIAN_POINT ( 'NONE',  ( 0.000000000000000000, 99.00000000000365219, -463.4999999999993179 ) ) ;
#6586 = FACE_OUTER_BOUND ( 'NONE', #1842, .T. ) ;
#6587 = ORIENTED_EDGE ( 'NONE', *, *, #413, .T. ) ;
#6588 = CARTESIAN_POINT ( 'NONE',  ( -64.56989347527186851, -3.230592380278479503, -182.5000000000003695 ) ) ;
#6589 = CARTESIAN_POINT ( 'NONE',  ( -1.975879269120891401E-14, 275.7319541335547797, 433.0000000000000000 ) ) ;
#6590 = CARTESIAN_POINT ( 'NONE',  ( 0.000000000000000000, 0.000000000000000000, 9.000000000000000000 ) ) ;
#6591 = CARTESIAN_POINT ( 'NONE',  ( 0.000000000000000000, 2.000000000000029310, 0.000000000000000000 ) ) ;
#6592 = VECTOR ( 'NONE', #2013, 1000.000000000000000 ) ;
#6593 = ORIENTED_EDGE ( 'NONE', *, *, #2613, .T. ) ;
#6594 = CARTESIAN_POINT ( 'NONE',  ( 8.817456953860941711E-15, 116.0000000000036522, -463.4999999999990905 ) ) ;
#6595 = PRODUCT_DEFINITION_SHAPE ( 'NONE', 'NONE',  #9786 ) ;
#6596 = CARTESIAN_POINT ( 'NONE',  ( 39.00000000000000000, 44.00000000000000711, -68.50000000000000000 ) ) ;
#6597 = CARTESIAN_POINT ( 'NONE',  ( 22.20545528505506283, 30.46964945632733901, 9.285893317973695105 ) ) ;
#6598 = B_SPLINE_CURVE_WITH_KNOTS ( 'NONE', 3,
 ( #1966, #4981, #7302, #6621, #9586, #8002 ),
 .UNSPECIFIED., .F., .F.,
 ( 4, 2, 4 ),
 ( 0.000000000000000000, 0.004076250747534575919, 0.008152501495069151838 ),
 .UNSPECIFIED. ) ;
#6599 = CARTESIAN_POINT ( 'NONE',  ( 0.000000000000000000, 66.90000000000000568, 39.50000000000000000 ) ) ;
#6600 = ORIENTED_EDGE ( 'NONE', *, *, #5390, .F. ) ;
#6601 = VERTEX_POINT ( 'NONE', #75 ) ;
#6602 = CARTESIAN_POINT ( 'NONE',  ( -38.00000000000000000, 8.774964387392147458, 9.000000000000001776 ) ) ;
#6603 = CYLINDRICAL_SURFACE ( 'NONE', #3359, 36.00000000000000711 ) ;
#6604 = EDGE_CURVE ( 'NONE', #2860, #3947, #5840, .T. ) ;
#6605 = ORIENTED_EDGE ( 'NONE', *, *, #5121, .F. ) ;
#6606 = DIRECTION ( 'NONE',  ( -2.584927402981196428E-16, 1.000000000000000000, 0.000000000000000000 ) ) ;
#6607 = CARTESIAN_POINT ( 'NONE',  ( -34.51751045525497119, 98.22455240934084486, -106.4999999999996163 ) ) ;
#6608 = VECTOR ( 'NONE', #5742, 1000.000000000000000 ) ;
#6609 = CARTESIAN_POINT ( 'NONE',  ( 13.00000000000000178, 44.00000000000000000, 125.5000000000000000 ) ) ;
#6610 = DIRECTION ( 'NONE',  ( -0.000000000000000000, -0.000000000000000000, -1.000000000000000000 ) ) ;
#6611 = CARTESIAN_POINT ( 'NONE',  ( -17.85164787106539563, 13.22846389274119083, -33.55856506344969858 ) ) ;
#6612 = ORIENTED_EDGE ( 'NONE', *, *, #4320, .T. ) ;
#6613 = VERTEX_POINT ( 'NONE', #1467 ) ;
#6614 = CARTESIAN_POINT ( 'NONE',  ( -35.07692307692308020, 8.099967126823484520, 9.000000000000001776 ) ) ;
#6615 = ADVANCED_FACE ( 'NONE', ( #4388 ), #638, .T. ) ;
#6616 = EDGE_CURVE ( 'NONE', #6190, #7986, #5271, .T. ) ;
#6617 = DIRECTION ( 'NONE',  ( -1.000000000000000000, -2.584927402981193470E-16, 0.000000000000000000 ) ) ;
#6618 = ORIENTED_EDGE ( 'NONE', *, *, #1440, .T. ) ;
#6619 = AXIS2_PLACEMENT_3D ( 'NONE', #5994, #1387, #2876 ) ;
#6620 = DIRECTION ( 'NONE',  ( 0.000000000000000000, 1.396592535537253342E-14, -1.000000000000000000 ) ) ;
#6621 = CARTESIAN_POINT ( 'NONE',  ( -35.61464024155682750, 5.426187063174150005, -11.98701582130419929 ) ) ;
#6622 = VECTOR ( 'NONE', #4634, 1000.000000000000000 ) ;
#6623 = PRESENTATION_STYLE_ASSIGNMENT (( #3609 ) ) ;
#6624 = CIRCLE ( 'NONE', #6781, 40.00000000000000000 ) ;
#6625 = LINE ( 'NONE', #5833, #2965 ) ;
#6626 = VECTOR ( 'NONE', #6934, 1000.000000000000000 ) ;
#6627 = CARTESIAN_POINT ( 'NONE',  ( 32.31098884280702066, 15.41602615938555587, -20.00000000000001066 ) ) ;
#6628 = EDGE_CURVE ( 'NONE', #3898, #5053, #4434, .T. ) ;
#6629 = CARTESIAN_POINT ( 'NONE',  ( 34.51751045525497119, 98.22455240934094434, -121.4999999999996305 ) ) ;
#6630 = EDGE_CURVE ( 'NONE', #6878, #3858, #9061, .T. ) ;
#6631 = ITEM_DEFINED_TRANSFORMATION ( 'NONE', 'NONE', #939,  #3150 ) ;
#6632 = DIRECTION ( 'NONE',  ( -1.000000000000000000, 0.000000000000000000, 0.000000000000000000 ) ) ;
#6633 = AXIS2_PLACEMENT_3D ( 'NONE', #6724, #9742, #2266 ) ;
#6634 = ORIENTED_EDGE ( 'NONE', *, *, #237, .F. ) ;
#6635 = CYLINDRICAL_SURFACE ( 'NONE', #7842, 5.000000000000004441 ) ;
#6636 = DIRECTION ( 'NONE',  ( -0.000000000000000000, -0.000000000000000000, -1.000000000000000000 ) ) ;
#6637 = ORIENTED_EDGE ( 'NONE', *, *, #3003, .F. ) ;
#6638 = ADVANCED_FACE ( 'NONE', ( #9737, #5274, #2166, #9136, #6071, #4582, #7400, #777, #26, #3851 ), #2911, .F. ) ;
#6639 = CARTESIAN_POINT ( 'NONE',  ( 8.000000000000000000, 0.000000000000000000, 4.699999999999999289 ) ) ;
#6640 = EDGE_CURVE ( 'NONE', #386, #904, #3536, .T. ) ;
#6641 = CARTESIAN_POINT ( 'NONE',  ( 29.63209163394999024, 32.52597647107646139, 91.00000000000007105 ) ) ;
#6642 = FACE_BOUND ( 'NONE', #6889, .T. ) ;
#6643 = CARTESIAN_POINT ( 'NONE',  ( -38.00000000000000711, 43.35812545754031078, -9.000000000000001776 ) ) ;
#6644 = DIRECTION ( 'NONE',  ( -0.000000000000000000, 1.000000000000000000, 0.000000000000000000 ) ) ;
#6645 = ORIENTED_EDGE ( 'NONE', *, *, #5305, .T. ) ;
#6646 = DIRECTION ( 'NONE',  ( 0.000000000000000000, -1.000000000000000000, 0.000000000000000000 ) ) ;
#6647 = CARTESIAN_POINT ( 'NONE',  ( -64.56989347527186851, 91.23059238027872198, -53.50000000000000000 ) ) ;
#6648 = CARTESIAN_POINT ( 'NONE',  ( 5.478074134663603219E-16, 1.416042394625445253E-31, -9.000000000000007105 ) ) ;
#6649 = DIRECTION ( 'NONE',  ( 0.000000000000000000, 1.000000000000000000, 1.110223024626007879E-14 ) ) ;
#6650 = ORIENTED_EDGE ( 'NONE', *, *, #396, .T. ) ;
#6651 = PRODUCT_DEFINITION ( 'UNKNOWN', '', #8665, #4817 ) ;
#6652 = ORIENTED_EDGE ( 'NONE', *, *, #1850, .T. ) ;
#6653 = DIRECTION ( 'NONE',  ( 0.000000000000000000, 1.000000000000000000, 0.000000000000000000 ) ) ;
#6654 = CARTESIAN_POINT ( 'NONE',  ( 0.7603243710093101626, 49.49036847265527683, 37.99429473408355307 ) ) ;
#6655 = ORIENTED_EDGE ( 'NONE', *, *, #2511, .F. ) ;
#6656 = CARTESIAN_POINT ( 'NONE',  ( 8.000000000000000000, 146.1386137946185215, -4.699999999999999289 ) ) ;
#6657 = DIRECTION ( 'NONE',  ( 0.000000000000000000, 1.000000000000000000, 0.000000000000000000 ) ) ;
#6658 = CARTESIAN_POINT ( 'NONE',  ( -11.30349918882196825, 14.96810501381014014, 40.97114847522957604 ) ) ;
#6659 = CARTESIAN_POINT ( 'NONE',  ( 5.933886600181365267, 5.283713645550777827, 37.54083719092313487 ) ) ;
#6660 = ORIENTED_EDGE ( 'NONE', *, *, #1860, .T. ) ;
#6661 = CARTESIAN_POINT ( 'NONE',  ( 64.56989347527186851, -3.230592380278576758, -167.5000000000003411 ) ) ;
#6662 = ORIENTED_EDGE ( 'NONE', *, *, #6133, .T. ) ;
#6663 = VERTEX_POINT ( 'NONE', #2307 ) ;
#6664 = CARTESIAN_POINT ( 'NONE',  ( 3.673940397442059178E-15, 58.00000000000014921, -167.4999999999999147 ) ) ;
#6665 = CARTESIAN_POINT ( 'NONE',  ( -35.07692307692307310, 8.099967126823484520, 12.00000000000000000 ) ) ;
#6666 = EDGE_LOOP ( 'NONE', ( #1803, #696 ) ) ;
#6667 = CARTESIAN_POINT ( 'NONE',  ( 28.73430167230766941, 8.614342402022783673, -24.86864122103964903 ) ) ;
#6668 = DIRECTION ( 'NONE',  ( 0.000000000000000000, -1.000000000000000000, 0.000000000000000000 ) ) ;
#6669 = DIRECTION ( 'NONE',  ( 0.000000000000000000, 1.396592535537253342E-14, -1.000000000000000000 ) ) ;
#6670 = ADVANCED_FACE ( 'NONE', ( #5326 ), #8337, .F. ) ;
#6671 = DIRECTION ( 'NONE',  ( 1.000000000000000000, 0.000000000000000000, 0.000000000000000000 ) ) ;
#6672 = CARTESIAN_POINT ( 'NONE',  ( 35.01183351911119246, 17.94777509259554193, -14.79520435591613214 ) ) ;
#6673 = CARTESIAN_POINT ( 'NONE',  ( -34.36931771216878673, 90.00000000000000000, -25.00000000000000000 ) ) ;
#6674 = DIRECTION ( 'NONE',  ( -1.000000000000000000, 4.309547341991526830E-49, 1.826024711554533667E-16 ) ) ;
#6675 = VERTEX_POINT ( 'NONE', #1808 ) ;
#6676 = CIRCLE ( 'NONE', #9036, 8.000000000000000000 ) ;
#6677 = EDGE_CURVE ( 'NONE', #8537, #5171, #4018, .T. ) ;
#6678 = DIRECTION ( 'NONE',  ( -1.000000000000000000, 0.000000000000000000, 0.000000000000000000 ) ) ;
#6679 = ORIENTED_EDGE ( 'NONE', *, *, #8058, .F. ) ;
#6680 = DIRECTION ( 'NONE',  ( 0.000000000000000000, 1.396592535537253342E-14, -1.000000000000000000 ) ) ;
#6681 = AXIS2_PLACEMENT_3D ( 'NONE', #8957, #5901, #8906 ) ;
#6682 = DIRECTION ( 'NONE',  ( -1.000000000000000000, -2.157041537713704155E-32, -1.387778780781445676E-16 ) ) ;
#6683 = DIRECTION ( 'NONE',  ( 0.000000000000000000, 1.000000000000000000, 1.110223024625831648E-14 ) ) ;
#6684 = CARTESIAN_POINT ( 'NONE',  ( 0.000000000000000000, 88.00000000000024158, -182.4999999999997158 ) ) ;
#6685 = ORIENTED_EDGE ( 'NONE', *, *, #8891, .F. ) ;
#6686 = DIRECTION ( 'NONE',  ( 0.000000000000000000, 0.000000000000000000, 1.000000000000000000 ) ) ;
#6687 = EDGE_CURVE ( 'NONE', #712, #600, #6066, .T. ) ;
#6688 = CIRCLE ( 'NONE', #847, 39.00000000000000000 ) ;
#6689 = DIRECTION ( 'NONE',  ( 0.000000000000000000, 0.000000000000000000, -1.000000000000000000 ) ) ;
#6690 = EDGE_CURVE ( 'NONE', #5171, #8537, #1796, .T. ) ;
#6691 = AXIS2_PLACEMENT_3D ( 'NONE', #6969, #6374, #3360 ) ;
#6692 = DIRECTION ( 'NONE',  ( 0.000000000000000000, 1.396592535537253342E-14, -1.000000000000000000 ) ) ;
#6693 = FACE_BOUND ( 'NONE', #162, .T. ) ;
#6694 = VERTEX_POINT ( 'NONE', #7701 ) ;
#6695 = ORIENTED_EDGE ( 'NONE', *, *, #9539, .F. ) ;
#6696 = DIRECTION ( 'NONE',  ( 1.000000000000000000, 0.000000000000000000, 0.000000000000000000 ) ) ;
#6697 = DIRECTION ( 'NONE',  ( 0.000000000000000000, 0.000000000000000000, -1.000000000000000000 ) ) ;
#6698 = ORIENTED_EDGE ( 'NONE', *, *, #1833, .F. ) ;
#6699 = AXIS2_PLACEMENT_3D ( 'NONE', #8330, #1561, #9128 ) ;
#6700 = CIRCLE ( 'NONE', #2434, 30.00000000000000000 ) ;
#6701 = CARTESIAN_POINT ( 'NONE',  ( 0.000000000000000000, 201.1999999999999886, -19.00000000000000000 ) ) ;
#6702 = DIRECTION ( 'NONE',  ( 0.000000000000000000, -1.396592535537253342E-14, 1.000000000000000000 ) ) ;
#6703 = EDGE_CURVE ( 'NONE', #2458, #2236, #5379, .T. ) ;
#6704 = CARTESIAN_POINT ( 'NONE',  ( -35.07692307692307310, 8.099967126823484520, -12.00000000000000000 ) ) ;
#6705 = EDGE_CURVE ( 'NONE', #5810, #669, #4638, .T. ) ;
#6706 = CARTESIAN_POINT ( 'NONE',  ( 10.10997062534106661, 6.845081678325786179, 36.65712022074638554 ) ) ;
#6707 = AXIS2_PLACEMENT_3D ( 'NONE', #3390, #2644, #1802 ) ;
#6708 = ORIENTED_EDGE ( 'NONE', *, *, #9147, .T. ) ;
#6709 = CARTESIAN_POINT ( 'NONE',  ( -22.50000000000000355, 27.00000000000000355, -30.62270399556512146 ) ) ;
#6710 = ORIENTED_EDGE ( 'NONE', *, *, #2448, .T. ) ;
#6711 = ORIENTED_EDGE ( 'NONE', *, *, #7597, .T. ) ;
#6712 = DIRECTION ( 'NONE',  ( -1.224646799147353454E-16, 1.000000000000000000, 0.000000000000000000 ) ) ;
#6713 = DIRECTION ( 'NONE',  ( 0.2840153447039201473, -0.9588197348681938292, -1.339080484642727785E-14 ) ) ;
#6714 = VERTEX_POINT ( 'NONE', #7008 ) ;
#6715 = DIRECTION ( 'NONE',  ( 0.000000000000000000, 1.000000000000000000, 6.167905692361981744E-15 ) ) ;
#6716 = CIRCLE ( 'NONE', #8440, 42.49999999999999289 ) ;
#6717 = CARTESIAN_POINT ( 'NONE',  ( 14.27822852703363843, 35.28697577524101092, -40.03069123702749721 ) ) ;
#6718 = CARTESIAN_POINT ( 'NONE',  ( -12.40029125704825574, 16.10173202774726064, -40.65232041249223016 ) ) ;
#6719 = AXIS2_PLACEMENT_3D ( 'NONE', #1769, #5866, #4793 ) ;
#6720 = CARTESIAN_POINT ( 'NONE',  ( -37.49999999999999289, 15.41602615938556120, -20.00000000000000711 ) ) ;
#6721 = AXIS2_PLACEMENT_3D ( 'NONE', #7741, #1053, #4084 ) ;
#6722 = DIRECTION ( 'NONE',  ( 1.000000000000000000, -0.000000000000000000, -0.000000000000000000 ) ) ;
#6723 = CARTESIAN_POINT ( 'NONE',  ( -36.00000000000000711, 0.000000000000000000, -11.95826074310139653 ) ) ;
#6724 = CARTESIAN_POINT ( 'NONE',  ( 38.89087296526012949, 82.89087296526375326, -463.4999999999995453 ) ) ;
#6725 = CARTESIAN_POINT ( 'NONE',  ( 0.000000000000000000, 146.1386137946185215, -4.699999999999999289 ) ) ;
#6726 = EDGE_CURVE ( 'NONE', #8874, #2421, #51, .T. ) ;
#6727 = CIRCLE ( 'NONE', #3890, 16.89999999999999858 ) ;
#6728 = AXIS2_PLACEMENT_3D ( 'NONE', #1444, #7472, #6689 ) ;
#6729 = ORIENTED_EDGE ( 'NONE', *, *, #2286, .F. ) ;
#6730 = CARTESIAN_POINT ( 'NONE',  ( 0.000000000000000000, 44.00000000000000000, 45.50000000000000000 ) ) ;
#6731 = DIRECTION ( 'NONE',  ( 0.000000000000000000, 0.000000000000000000, 1.000000000000000000 ) ) ;
#6732 = ORIENTED_EDGE ( 'NONE', *, *, #5080, .F. ) ;
#6733 = CARTESIAN_POINT ( 'NONE',  ( 0.000000000000000000, 44.00000000000341061, -445.5000000000000568 ) ) ;
#6734 = DIRECTION ( 'NONE',  ( -0.8676749443124870398, -0.4971319653897971480, 1.363983531115275814E-14 ) ) ;
#6735 = CARTESIAN_POINT ( 'NONE',  ( 22.48353060487813693, 30.00000000000000000, 9.407652717443331980 ) ) ;
#6736 = EDGE_CURVE ( 'NONE', #7572, #9239, #8732, .T. ) ;
#6737 = CARTESIAN_POINT ( 'NONE',  ( 4.837354856632045452E-15, 66.90000000000000568, -39.50000000000000000 ) ) ;
#6738 = ORIENTED_EDGE ( 'NONE', *, *, #7870, .T. ) ;
#6739 = CARTESIAN_POINT ( 'NONE',  ( 4.776122516674677878E-15, 83.00000000000001421, -106.4999999999997300 ) ) ;
#6740 = AXIS2_PLACEMENT_3D ( 'NONE', #2115, #1967, #9438 ) ;
#6741 = DIRECTION ( 'NONE',  ( 0.000000000000000000, 1.000000000000000000, 0.000000000000000000 ) ) ;
#6742 = FACE_OUTER_BOUND ( 'NONE', #9140, .T. ) ;
#6743 = VERTEX_POINT ( 'NONE', #4778 ) ;
#6744 = B_SPLINE_CURVE_WITH_KNOTS ( 'NONE', 3,
 ( #4864, #4173, #7890, #8525, #7789, #6996 ),
 .UNSPECIFIED., .F., .F.,
 ( 4, 2, 4 ),
 ( 5.204170427930422054E-18, 0.004403506556374454928, 0.008807013112748904651 ),
 .UNSPECIFIED. ) ;
#6745 = ORIENTED_EDGE ( 'NONE', *, *, #9086, .F. ) ;
#6746 = CARTESIAN_POINT ( 'NONE',  ( -34.51751045525497119, 98.22455240934137066, -182.4999999999996589 ) ) ;
#6747 = CARTESIAN_POINT ( 'NONE',  ( 15.44126869452899342, 43.38077108205472143, 34.72573656951298204 ) ) ;
#6748 = EDGE_CURVE ( 'NONE', #8786, #3579, #4476, .T. ) ;
#6749 = EDGE_LOOP ( 'NONE', ( #2761, #2353, #6017, #8852, #7788, #6438 ) ) ;
#6750 = VECTOR ( 'NONE', #6026, 1000.000000000000000 ) ;
#6751 = DIRECTION ( 'NONE',  ( 0.000000000000000000, 6.982962677686266711E-15, -1.000000000000000000 ) ) ;
#6752 = CARTESIAN_POINT ( 'NONE',  ( 64.56989347527186851, -3.230592380277778730, -281.5000000000003411 ) ) ;
#6753 = CARTESIAN_POINT ( 'NONE',  ( -4.318967577120940149, 11.03842146916252709, 42.29341418321261159 ) ) ;
#6754 = DIRECTION ( 'NONE',  ( 0.000000000000000000, 1.396592535537253342E-14, -1.000000000000000000 ) ) ;
#6755 = VERTEX_POINT ( 'NONE', #6955 ) ;
#6756 = CARTESIAN_POINT ( 'NONE',  ( -10.11618904005518260, 6.847830009430027509, -36.65558679028881528 ) ) ;
#6757 = EDGE_LOOP ( 'NONE', ( #4657, #2903, #5467, #1231 ) ) ;
#6758 = ORIENTED_EDGE ( 'NONE', *, *, #6800, .T. ) ;
#6759 = CYLINDRICAL_SURFACE ( 'NONE', #3137, 4.499999999999998224 ) ;
#6760 = ADVANCED_FACE ( 'NONE', ( #7651, #1759 ), #9185, .F. ) ;
#6761 = CARTESIAN_POINT ( 'NONE',  ( -42.49999999999999289, 0.000000000000000000, 25.00000000000000000 ) ) ;
#6762 = ORIENTED_EDGE ( 'NONE', *, *, #6628, .T. ) ;
#6763 = EDGE_CURVE ( 'NONE', #568, #8786, #1021, .T. ) ;
#6764 = DIRECTION ( 'NONE',  ( 0.000000000000000000, -1.000000000000000000, -1.110223024626007879E-14 ) ) ;
#6765 = AXIS2_PLACEMENT_3D ( 'NONE', #1813, #7806, #1907 ) ;
#6766 = CARTESIAN_POINT ( 'NONE',  ( 8.291177961487147030, 41.30554115360457956, -41.69332821081462015 ) ) ;
#6767 = CARTESIAN_POINT ( 'NONE',  ( -38.00000000000000000, 30.00000000000000000, 9.000000000000000000 ) ) ;
#6768 = CARTESIAN_POINT ( 'NONE',  ( 39.87408514266326875, 45.70073188586938784, 5.999999999999986677 ) ) ;
#6769 = AXIS2_PLACEMENT_3D ( 'NONE', #4428, #1268, #8138 ) ;
#6770 = CARTESIAN_POINT ( 'NONE',  ( -3.777834788407179900, 43.07082917061043048, -42.33511356304557438 ) ) ;
#6771 = CARTESIAN_POINT ( 'NONE',  ( 37.83830693742153528, 20.62142837411937180, -3.619072189880271573 ) ) ;
#6772 = CARTESIAN_POINT ( 'NONE',  ( 33.07375552197755297, 170.6856313243669092, 19.00000000000000000 ) ) ;
#6773 = FACE_OUTER_BOUND ( 'NONE', #7496, .T. ) ;
#6774 = AXIS2_PLACEMENT_3D ( 'NONE', #1869, #1275, #8733 ) ;
#6775 = EDGE_LOOP ( 'NONE', ( #9583, #9480, #9715, #5502 ) ) ;
#6776 = PLANE ( 'NONE',  #1828 ) ;
#6777 = AXIS2_PLACEMENT_3D ( 'NONE', #5697, #1927, #8899 ) ;
#6778 = CARTESIAN_POINT ( 'NONE',  ( -34.51751045525497119, 98.22455240934084486, -106.4999999999996163 ) ) ;
#6779 = EDGE_LOOP ( 'NONE', ( #3938, #4527, #645, #2084, #2248, #6851 ) ) ;
#6780 = CARTESIAN_POINT ( 'NONE',  ( 0.000000000000000000, 44.00000000000000000, 122.5000000000000000 ) ) ;
#6781 = AXIS2_PLACEMENT_3D ( 'NONE', #1908, #7950, #7253 ) ;
#6782 = DIRECTION ( 'NONE',  ( 1.000000000000000000, 0.000000000000000000, 0.000000000000000000 ) ) ;
#6783 = CARTESIAN_POINT ( 'NONE',  ( -30.79577776033832848, 13.63940246838137327, -22.26551134511400676 ) ) ;
#6784 = AXIS2_PLACEMENT_3D ( 'NONE', #9104, #2227, #1488 ) ;
#6785 = LINE ( 'NONE', #2484, #388 ) ;
#6786 = ORIENTED_EDGE ( 'NONE', *, *, #6726, .F. ) ;
#6787 = CARTESIAN_POINT ( 'NONE',  ( 8.000000000000000000, 56.13861379461851442, 4.699999999999999289 ) ) ;
#6788 = FACE_OUTER_BOUND ( 'NONE', #8664, .T. ) ;
#6789 = ADVANCED_FACE ( 'NONE', ( #4051 ), #5423, .F. ) ;
#6790 = EDGE_CURVE ( 'NONE', #6246, #2059, #9699, .T. ) ;
#6791 = DIRECTION ( 'NONE',  ( 1.000000000000000000, 0.000000000000000000, 0.000000000000000000 ) ) ;
#6792 = DIRECTION ( 'NONE',  ( 0.000000000000000000, 0.000000000000000000, 1.000000000000000000 ) ) ;
#6793 = ORIENTED_EDGE ( 'NONE', *, *, #8005, .F. ) ;
#6794 = ORIENTED_EDGE ( 'NONE', *, *, #3935, .T. ) ;
#6795 = DIRECTION ( 'NONE',  ( -0.000000000000000000, -1.000000000000000000, -0.000000000000000000 ) ) ;
#6796 = CARTESIAN_POINT ( 'NONE',  ( 38.00000000000002842, -95.70788891204317395, -1.396097351027982582E-14 ) ) ;
#6797 = ORIENTED_EDGE ( 'NONE', *, *, #2161, .F. ) ;
#6798 = DIRECTION ( 'NONE',  ( -0.000000000000000000, -0.000000000000000000, 1.000000000000000000 ) ) ;
#6799 = CARTESIAN_POINT ( 'NONE',  ( 34.51751045525497119, -10.22455240934112553, -53.50000000000000000 ) ) ;
#6800 = EDGE_CURVE ( 'NONE', #2052, #419, #2116, .T. ) ;
#6801 = CARTESIAN_POINT ( 'NONE',  ( 20.13273825798856365, 16.92766526225891255, 32.23100027029526160 ) ) ;
#6802 = ORIENTED_EDGE ( 'NONE', *, *, #8918, .T. ) ;
#6803 = EDGE_CURVE ( 'NONE', #675, #9011, #9330, .T. ) ;
#6804 = CARTESIAN_POINT ( 'NONE',  ( -34.51751045525497119, -10.22455240934112553, -68.50000000000000000 ) ) ;
#6805 = ORIENTED_EDGE ( 'NONE', *, *, #6400, .F. ) ;
#6806 = ORIENTED_EDGE ( 'NONE', *, *, #6012, .F. ) ;
#6807 = DIRECTION ( 'NONE',  ( 0.000000000000000000, 0.000000000000000000, -1.000000000000000000 ) ) ;
#6808 = PLANE ( 'NONE',  #2167 ) ;
#6809 = ORIENTED_EDGE ( 'NONE', *, *, #3013, .F. ) ;
#6810 = CARTESIAN_POINT ( 'NONE',  ( 15.93608555936371474, 31.31104379841573859, -39.39949723096776779 ) ) ;
#6811 = DIRECTION ( 'NONE',  ( -0.000000000000000000, 1.000000000000000000, 0.000000000000000000 ) ) ;
#6812 = EDGE_CURVE ( 'NONE', #6404, #4714, #4682, .T. ) ;
#6813 = CYLINDRICAL_SURFACE ( 'NONE', #3705, 3.000000000000001332 ) ;
#6814 = DIRECTION ( 'NONE',  ( -0.000000000000000000, 0.000000000000000000, 1.000000000000000000 ) ) ;
#6815 = CARTESIAN_POINT ( 'NONE',  ( 36.00000000000000000, 43.99999999999999289, -71.50000000000001421 ) ) ;
#6816 = CARTESIAN_POINT ( 'NONE',  ( -35.38462345019670607, 6.767470074049371398, 11.99999999999999822 ) ) ;
#6817 = CYLINDRICAL_SURFACE ( 'NONE', #3122, 38.00000000000000000 ) ;
#6818 = ORIENTED_EDGE ( 'NONE', *, *, #3000, .T. ) ;
#6819 = EDGE_CURVE ( 'NONE', #6970, #9149, #5591, .T. ) ;
#6820 = CARTESIAN_POINT ( 'NONE',  ( -18.49218940641788933, 57.00000000000000000, -6.000000000000002665 ) ) ;
#6821 = AXIS2_PLACEMENT_3D ( 'NONE', #6169, #4045, #4133 ) ;
#6822 = SURFACE_STYLE_USAGE ( .BOTH. , #9100 ) ;
#6823 = VERTEX_POINT ( 'NONE', #1714 ) ;
#6824 = CARTESIAN_POINT ( 'NONE',  ( 27.00000000000000000, 88.00000000000078160, -238.4999999999997726 ) ) ;
#6825 = DIRECTION ( 'NONE',  ( 1.022417649572248246E-15, 9.173852775763019456E-17, -1.000000000000000000 ) ) ;
#6826 = AXIS2_PLACEMENT_3D ( 'NONE', #1287, #4947, #1192 ) ;
#6827 = CARTESIAN_POINT ( 'NONE',  ( -35.07143880316127138, 11.12454452648511172, -24.00602875074606501 ) ) ;
#6828 = ORIENTED_EDGE ( 'NONE', *, *, #4938, .F. ) ;
#6829 = CARTESIAN_POINT ( 'NONE',  ( 0.000000000000000000, 2.000000000000029310, 0.000000000000000000 ) ) ;
#6830 = CARTESIAN_POINT ( 'NONE',  ( 34.51751045525497119, -10.22455240934112553, 7.500000000000000000 ) ) ;
#6831 = DIRECTION ( 'NONE',  ( -1.000000000000000000, 0.000000000000000000, 1.826024711554533667E-16 ) ) ;
#6832 = AXIS2_PLACEMENT_3D ( 'NONE', #3335, #6546, #358 ) ;
#6833 = CARTESIAN_POINT ( 'NONE',  ( 0.000000000000000000, 0.000000000000000000, -19.00000000000000000 ) ) ;
#6834 = ORIENTED_EDGE ( 'NONE', *, *, #9053, .F. ) ;
#6835 = EDGE_LOOP ( 'NONE', ( #6420, #5603, #6446, #4965 ) ) ;
#6836 = DIRECTION ( 'NONE',  ( -0.000000000000000000, 0.000000000000000000, 1.000000000000000000 ) ) ;
#6837 = CARTESIAN_POINT ( 'NONE',  ( -42.49999999999999289, 9.184850993605148733E-15, -25.00000000000000000 ) ) ;
#6838 = ORIENTED_EDGE ( 'NONE', *, *, #1913, .F. ) ;
#6839 = DIRECTION ( 'NONE',  ( 0.000000000000000000, 1.000000000000000000, 0.000000000000000000 ) ) ;
#6840 = EDGE_CURVE ( 'NONE', #7268, #4696, #4733, .T. ) ;
#6841 = EDGE_CURVE ( 'NONE', #6062, #4174, #6559, .T. ) ;
#6842 = VECTOR ( 'NONE', #4169, 1000.000000000000000 ) ;
#6843 = ORIENTED_EDGE ( 'NONE', *, *, #8844, .T. ) ;
#6844 = VECTOR ( 'NONE', #9163, 1000.000000000000000 ) ;
#6845 = DIRECTION ( 'NONE',  ( -0.000000000000000000, -0.000000000000000000, -1.000000000000000000 ) ) ;
#6846 = CARTESIAN_POINT ( 'NONE',  ( -34.51751045525497119, -10.22455240934112553, -68.50000000000000000 ) ) ;
#6847 = DIRECTION ( 'NONE',  ( -0.7808688094430302762, -0.6246950475544246206, 0.000000000000000000 ) ) ;
#6848 = EDGE_LOOP ( 'NONE', ( #3897, #4354, #8683, #1579 ) ) ;
#6849 =( REPRESENTATION_RELATIONSHIP ('NONE','NONE', #7863, #6533 ) REPRESENTATION_RELATIONSHIP_WITH_TRANSFORMATION ( #5544 )SHAPE_REPRESENTATION_RELATIONSHIP( ) );
#6850 = CARTESIAN_POINT ( 'NONE',  ( -7.005562334781281209, 5.615177419099050660, -37.35040199839966846 ) ) ;
#6851 = ORIENTED_EDGE ( 'NONE', *, *, #3000, .F. ) ;
#6852 = ORIENTED_EDGE ( 'NONE', *, *, #7733, .F. ) ;
#6853 = CIRCLE ( 'NONE', #2587, 26.99999999999999645 ) ;
#6854 = AXIS2_PLACEMENT_3D ( 'NONE', #3904, #5526, #8385 ) ;
#6855 = DIRECTION ( 'NONE',  ( -0.000000000000000000, -0.000000000000000000, 1.000000000000000000 ) ) ;
#6856 = ORIENTED_EDGE ( 'NONE', *, *, #7208, .T. ) ;
#6857 = ADVANCED_FACE ( 'NONE', ( #2054 ), #375, .F. ) ;
#6858 = DIRECTION ( 'NONE',  ( 0.000000000000000000, 1.000000000000000000, 1.396592535537253342E-14 ) ) ;
#6859 = CARTESIAN_POINT ( 'NONE',  ( -1.084428430029599877, 10.52668298350335974, -42.48961905495222879 ) ) ;
#6860 = CARTESIAN_POINT ( 'NONE',  ( 39.87408514266326165, 45.70073188586938784, 8.999999999999982236 ) ) ;
#6861 = ORIENTED_EDGE ( 'NONE', *, *, #6198, .F. ) ;
#6862 = CARTESIAN_POINT ( 'NONE',  ( 38.43811293440706578, 5.867700902121785411, 8.990198382905868257 ) ) ;
#6863 = FACE_OUTER_BOUND ( 'NONE', #1856, .T. ) ;
#6864 = CARTESIAN_POINT ( 'NONE',  ( 21.16049240559657107, 32.41254911885545198, -9.000000000000001776 ) ) ;
#6865 = CARTESIAN_POINT ( 'NONE',  ( 38.43829896936481560, 5.866068028336108853, -8.990188665593608519 ) ) ;
#6866 = EDGE_CURVE ( 'NONE', #7790, #2490, #5913, .T. ) ;
#6867 = ORIENTED_EDGE ( 'NONE', *, *, #6812, .F. ) ;
#6868 = CIRCLE ( 'NONE', #862, 42.49999999999999289 ) ;
#6869 = CARTESIAN_POINT ( 'NONE',  ( 0.000000000000000000, 4.299999999999999822, 0.000000000000000000 ) ) ;
#6870 = ORIENTED_EDGE ( 'NONE', *, *, #2680, .F. ) ;
#6871 = DIRECTION ( 'NONE',  ( -0.000000000000000000, -1.396592535537253342E-14, 1.000000000000000000 ) ) ;
#6872 = DIRECTION ( 'NONE',  ( -1.000000000000000000, 1.224646799147351975E-16, 0.000000000000000000 ) ) ;
#6873 =( GEOMETRIC_REPRESENTATION_CONTEXT ( 3 ) GLOBAL_UNCERTAINTY_ASSIGNED_CONTEXT ( ( #4905 ) ) GLOBAL_UNIT_ASSIGNED_CONTEXT ( ( #7938, #2000, #7194 ) ) REPRESENTATION_CONTEXT ( 'NONE', 'WORKASPACE' ) );
#6874 = CIRCLE ( 'NONE', #8140, 27.00000000000000000 ) ;
#6875 = ADVANCED_FACE ( 'NONE', ( #1158 ), #4231, .F. ) ;
#6876 = ADVANCED_FACE ( 'NONE', ( #8674 ), #3398, .T. ) ;
#6877 = DIRECTION ( 'NONE',  ( 0.000000000000000000, 0.000000000000000000, 1.000000000000000000 ) ) ;
#6878 = VERTEX_POINT ( 'NONE', #4137 ) ;
#6879 = CARTESIAN_POINT ( 'NONE',  ( 8.000000000000000000, 56.13861379461851442, 4.699999999999999289 ) ) ;
#6880 = AXIS2_PLACEMENT_3D ( 'NONE', #8519, #4567, #3333 ) ;
#6881 = CARTESIAN_POINT ( 'NONE',  ( -34.51751045525497119, -10.22455240933926746, -334.5000000000007958 ) ) ;
#6882 = PLANE ( 'NONE',  #8722 ) ;
#6883 = VERTEX_POINT ( 'NONE', #7244 ) ;
#6884 = ORIENTED_EDGE ( 'NONE', *, *, #5080, .T. ) ;
#6885 = LINE ( 'NONE', #1789, #9511 ) ;
#6886 = ORIENTED_EDGE ( 'NONE', *, *, #9694, .T. ) ;
#6887 = DIRECTION ( 'NONE',  ( 0.000000000000000000, 0.000000000000000000, 1.000000000000000000 ) ) ;
#6888 = VECTOR ( 'NONE', #597, 1000.000000000000000 ) ;
#6889 = EDGE_LOOP ( 'NONE', ( #827, #12 ) ) ;
#6890 = CARTESIAN_POINT ( 'NONE',  ( -64.56989347527186851, 91.23059238027872198, -68.50000000000000000 ) ) ;
#6891 = SHAPE_REPRESENTATION ( 'piston pin', ( #3150 ), #140 ) ;
#6892 = CARTESIAN_POINT ( 'NONE',  ( -22.50000000000000355, 201.1999999999999886, 19.00000000000000000 ) ) ;
#6893 = CARTESIAN_POINT ( 'NONE',  ( 27.00000000000000000, 2.388173235768702660E-12, -352.5000000000006821 ) ) ;
#6894 = ORIENTED_EDGE ( 'NONE', *, *, #9288, .F. ) ;
#6895 = CARTESIAN_POINT ( 'NONE',  ( -36.00586460578344372, 13.29063381526359144, 22.58157404334720653 ) ) ;
#6896 = ORIENTED_EDGE ( 'NONE', *, *, #575, .F. ) ;
#6897 = ORIENTED_EDGE ( 'NONE', *, *, #6373, .T. ) ;
#6898 = VERTEX_POINT ( 'NONE', #6411 ) ;
#6899 = AXIS2_PLACEMENT_3D ( 'NONE', #7801, #231, #6174 ) ;
#6900 = CARTESIAN_POINT ( 'NONE',  ( -34.51751045525497119, -10.22455240933926746, -334.5000000000007958 ) ) ;
#6901 = EDGE_LOOP ( 'NONE', ( #8571, #3374, #2506, #7650 ) ) ;
#6902 = DIRECTION ( 'NONE',  ( 0.000000000000000000, 1.000000000000000000, 1.110223024625459147E-14 ) ) ;
#6903 = CARTESIAN_POINT ( 'NONE',  ( 35.92084013154260447, 2.742645516830546359, 9.186626416936240602 ) ) ;
#6904 = EDGE_CURVE ( 'NONE', #2059, #7457, #4327, .T. ) ;
#6905 = DIRECTION ( 'NONE',  ( 0.000000000000000000, 0.000000000000000000, -1.000000000000000000 ) ) ;
#6906 = EDGE_CURVE ( 'NONE', #7457, #6408, #4182, .T. ) ;
#6907 = ORIENTED_EDGE ( 'NONE', *, *, #9414, .F. ) ;
#6908 = DIRECTION ( 'NONE',  ( 0.000000000000000000, 1.000000000000000000, 1.110223024625676400E-14 ) ) ;
#6909 = LINE ( 'NONE', #3964, #9448 ) ;
#6910 = CARTESIAN_POINT ( 'NONE',  ( 36.00000000000000711, 0.000000000000000000, 11.95826074310138054 ) ) ;
#6911 = VECTOR ( 'NONE', #6324, 1000.000000000000000 ) ;
#6912 = DIRECTION ( 'NONE',  ( 0.000000000000000000, -6.982962677686266711E-15, 1.000000000000000000 ) ) ;
#6913 = ORIENTED_EDGE ( 'NONE', *, *, #5234, .F. ) ;
#6914 = CIRCLE ( 'NONE', #7553, 38.00000000000000000 ) ;
#6915 = CARTESIAN_POINT ( 'NONE',  ( 0.000000000000000000, 0.000000000000000000, 0.000000000000000000 ) ) ;
#6916 = EDGE_CURVE ( 'NONE', #7986, #6190, #7625, .T. ) ;
#6917 = AXIS2_PLACEMENT_3D ( 'NONE', #7556, #8942, #784 ) ;
#6918 = DIRECTION ( 'NONE',  ( 0.000000000000000000, 1.000000000000000000, 1.387778780781445991E-14 ) ) ;
#6919 = ORIENTED_EDGE ( 'NONE', *, *, #3676, .T. ) ;
#6920 = CARTESIAN_POINT ( 'NONE',  ( 38.89087296526012949, 82.89087296526375326, -463.4999999999995453 ) ) ;
#6921 = CONTEXT_DEPENDENT_SHAPE_REPRESENTATION ( #4013, #9506 ) ;
#6922 = CARTESIAN_POINT ( 'NONE',  ( 36.00000000000000000, 4.408728476930470856E-15, 11.95826074310138409 ) ) ;
#6923 = DIRECTION ( 'NONE',  ( 0.000000000000000000, 1.000000000000000000, -0.000000000000000000 ) ) ;
#6924 = ORIENTED_EDGE ( 'NONE', *, *, #8081, .F. ) ;
#6925 = TOROIDAL_SURFACE ( 'NONE', #4885, 39.00000000000000000, 3.000000000000000000 ) ;
#6926 = CARTESIAN_POINT ( 'NONE',  ( -27.00000000000000000, 2.384866689411015640E-12, -392.5000000000006821 ) ) ;
#6927 = ADVANCED_FACE ( 'NONE', ( #7337 ), #7898, .T. ) ;
#6928 = DIRECTION ( 'NONE',  ( 0.000000000000000000, 6.982962677686266711E-15, -1.000000000000000000 ) ) ;
#6929 = AXIS2_PLACEMENT_3D ( 'NONE', #3214, #1577, #1620 ) ;
#6930 = EDGE_CURVE ( 'NONE', #9492, #1448, #1859, .T. ) ;
#6931 = CARTESIAN_POINT ( 'NONE',  ( 0.000000000000000000, 5.000000000000497380, -217.5000000000003411 ) ) ;
#6932 = VERTEX_POINT ( 'NONE', #8713 ) ;
#6933 = ORIENTED_EDGE ( 'NONE', *, *, #3121, .T. ) ;
#6934 = DIRECTION ( 'NONE',  ( 0.000000000000000000, 6.982962677686266711E-15, -1.000000000000000000 ) ) ;
#6935 =( GEOMETRIC_REPRESENTATION_CONTEXT ( 3 ) GLOBAL_UNCERTAINTY_ASSIGNED_CONTEXT ( ( #6496 ) ) GLOBAL_UNIT_ASSIGNED_CONTEXT ( ( #7668, #4646, #2928 ) ) REPRESENTATION_CONTEXT ( 'NONE', 'WORKASPACE' ) );
#6936 = DIRECTION ( 'NONE',  ( -0.000000000000000000, 1.000000000000000000, -0.000000000000000000 ) ) ;
#6937 = EDGE_LOOP ( 'NONE', ( #4041, #8206 ) ) ;
#6938 = CARTESIAN_POINT ( 'NONE',  ( 4.837354856632044663E-15, 4.299999999999999822, 39.50000000000000000 ) ) ;
#6939 = DIRECTION ( 'NONE',  ( 0.6246950475544246206, 0.7808688094430300541, 0.000000000000000000 ) ) ;
#6940 = VECTOR ( 'NONE', #3009, 1000.000000000000000 ) ;
#6941 = ORIENTED_EDGE ( 'NONE', *, *, #7843, .T. ) ;
#6942 = CARTESIAN_POINT ( 'NONE',  ( -35.92232950245769985, 2.726233426714121055, 11.96616446274448897 ) ) ;
#6943 = FACE_OUTER_BOUND ( 'NONE', #7112, .T. ) ;
#6944 = DIRECTION ( 'NONE',  ( 0.000000000000000000, 1.000000000000000000, 0.000000000000000000 ) ) ;
#6945 = ORIENTED_EDGE ( 'NONE', *, *, #3132, .T. ) ;
#6946 = FACE_BOUND ( 'NONE', #3823, .T. ) ;
#6947 = ORIENTED_EDGE ( 'NONE', *, *, #6485, .T. ) ;
#6948 = VERTEX_POINT ( 'NONE', #9575 ) ;
#6949 = SURFACE_STYLE_FILL_AREA ( #3951 ) ;
#6950 = CARTESIAN_POINT ( 'NONE',  ( 41.57102972101732519, 19.78660200232220134, -8.882374446587776973 ) ) ;
#6951 = LINE ( 'NONE', #1711, #5484 ) ;
#6952 = EDGE_LOOP ( 'NONE', ( #8758, #4930 ) ) ;
#6953 =( BOUNDED_CURVE ( )  B_SPLINE_CURVE ( 3, ( #7969, #4997, #2684, #1285 ),
 .UNSPECIFIED., .F., .F. ) 
 B_SPLINE_CURVE_WITH_KNOTS ( ( 4, 4 ),
 ( 0.000000000000000000, 3.141592653589793116 ),
 .UNSPECIFIED. ) 
 CURVE ( )  GEOMETRIC_REPRESENTATION_ITEM ( )  RATIONAL_B_SPLINE_CURVE ( ( 1.000000000000000000, 0.3333333333333333703, 0.3333333333333333703, 1.000000000000000000 ) ) 
 REPRESENTATION_ITEM ( '' )  );
#6954 = EDGE_CURVE ( 'NONE', #4192, #7142, #572, .T. ) ;
#6955 = CARTESIAN_POINT ( 'NONE',  ( 4.776122516674677878E-15, 5.000000000003453238, -448.5000000000006253 ) ) ;
#6956 = FACE_OUTER_BOUND ( 'NONE', #3736, .T. ) ;
#6957 = B_SPLINE_CURVE_WITH_KNOTS ( 'NONE', 3,
 ( #8546, #7616, #3125, #9254, #2482, #5492, #294, #1731, #1773, #840, #2377, #3320, #6139, #193, #3872, #945, #9154, #5392, #4750, #1628, #2426, #3921, #985, #3972, #3175, #5441 ),
 .UNSPECIFIED., .F., .F.,
 ( 4, 2, 2, 2, 2, 2, 2, 2, 2, 2, 2, 2, 4 ),
 ( 0.05210398487835030124, 0.05373137181142222107, 0.05535875874449414785, 0.05861353261063799447, 0.06024091954370991431, 0.06186830647678184109, 0.06512308034292567382, 0.06837785420906951350, 0.07000524114214143334, 0.07163262807521333930, 0.07488740194135716510, 0.07651478887442908494, 0.07814217580750100478 ),
 .UNSPECIFIED. ) ;
#6958 = CARTESIAN_POINT ( 'NONE',  ( -41.82328895880188924, 20.05526521081599611, 7.567150892993692146 ) ) ;
#6959 = ORIENTED_EDGE ( 'NONE', *, *, #279, .T. ) ;
#6960 = B_SPLINE_CURVE_WITH_KNOTS ( 'NONE', 3,
 ( #551, #7225, #2729, #3475, #405, #1242 ),
 .UNSPECIFIED., .F., .F.,
 ( 4, 2, 4 ),
 ( 0.000000000000000000, 0.001235105069189790846, 0.002470210138379581692 ),
 .UNSPECIFIED. ) ;
#6961 = CARTESIAN_POINT ( 'NONE',  ( 38.00000000000000000, 8.774964387392147458, 8.999999999999987566 ) ) ;
#6962 = DIRECTION ( 'NONE',  ( 0.000000000000000000, -0.000000000000000000, -1.000000000000000000 ) ) ;
#6963 = DIRECTION ( 'NONE',  ( 1.826024711554533667E-16, 4.720141315418149384E-32, 1.000000000000000000 ) ) ;
#6964 = B_SPLINE_CURVE_WITH_KNOTS ( 'NONE', 3,
 ( #2446, #5458, #8472, #1700, #4815, #4719, #7782, #4037, #7042, #7832, #5607, #7230, #6347, #4902, #3481, #502, #1838, #2590, #7180, #5702, #7975, #9461, #2734, #1990, #9411, #313 ),
 .UNSPECIFIED., .F., .F.,
 ( 4, 2, 2, 2, 2, 2, 2, 2, 2, 2, 2, 2, 4 ),
 ( 0.07813732951528425119, 0.08139427294671908175, 0.08302274466243650397, 0.08465121637815392619, 0.08627968809387134841, 0.08790815980958877063, 0.09116510324102362894, 0.09279357495674105116, 0.09442204667245847338, 0.09767899010389331782, 0.09930746181961074004, 0.1009359335353281761, 0.1041928769667630067 ),
 .UNSPECIFIED. ) ;
#6965 = DIRECTION ( 'NONE',  ( 1.000000000000000000, 0.000000000000000000, 0.000000000000000000 ) ) ;
#6966 = ADVANCED_FACE ( 'NONE', ( #3593 ), #1951, .F. ) ;
#6967 = ORIENTED_EDGE ( 'NONE', *, *, #491, .F. ) ;
#6968 = CARTESIAN_POINT ( 'NONE',  ( 4.776122516674677878E-15, 83.00000000000051159, -220.4999999999997726 ) ) ;
#6969 = CARTESIAN_POINT ( 'NONE',  ( 18.49218940641787157, 50.00000000000000711, 5.999999999999987566 ) ) ;
#6970 = VERTEX_POINT ( 'NONE', #2602 ) ;
#6971 = CARTESIAN_POINT ( 'NONE',  ( -8.000000000000000000, 56.13861379461851442, 4.699999999999999289 ) ) ;
#6972 = DIRECTION ( 'NONE',  ( 0.000000000000000000, -1.000000000000000000, -1.110223024625831490E-14 ) ) ;
#6973 = FACE_OUTER_BOUND ( 'NONE', #9306, .T. ) ;
#6974 = EDGE_CURVE ( 'NONE', #8557, #2279, #5089, .T. ) ;
#6975 = VERTEX_POINT ( 'NONE', #8035 ) ;
#6976 = CARTESIAN_POINT ( 'NONE',  ( 16.07105183431474060, 23.22315241936314933, 39.34443500408111305 ) ) ;
#6977 = CARTESIAN_POINT ( 'NONE',  ( -35.94579507938280472, 18.82878930018265962, 12.35577881503228070 ) ) ;
#6978 = CARTESIAN_POINT ( 'NONE',  ( -20.17144731659636747, 16.92520595449664356, 32.21134797343268019 ) ) ;
#6979 = EDGE_LOOP ( 'NONE', ( #9620, #5755, #5440, #2596, #8550, #9762 ) ) ;
#6980 = EDGE_LOOP ( 'NONE', ( #1040, #8627, #7629, #6612, #960, #4944 ) ) ;
#6981 = SHAPE_REPRESENTATION_RELATIONSHIP ( 'NONE' , 'NONE' ,  #6891, #7289 ) ;
#6982 = DIRECTION ( 'NONE',  ( -0.000000000000000000, 1.000000000000000000, -0.000000000000000000 ) ) ;
#6983 = AXIS2_PLACEMENT_3D ( 'NONE', #4120, #1138, #9407 ) ;
#6984 = CYLINDRICAL_SURFACE ( 'NONE', #8551, 27.00000000000000000 ) ;
#6985 = LINE ( 'NONE', #2585, #7860 ) ;
#6986 = CARTESIAN_POINT ( 'NONE',  ( 33.50000000000000000, 1.271457047647291863E-14, -1.396097351027982582E-14 ) ) ;
#6987 = EDGE_CURVE ( 'NONE', #3402, #2660, #8735, .T. ) ;
#6988 = ADVANCED_FACE ( 'NONE', ( #8082 ), #3520, .F. ) ;
#6989 = ORIENTED_EDGE ( 'NONE', *, *, #1422, .T. ) ;
#6990 = CARTESIAN_POINT ( 'NONE',  ( 0.000000000000000000, 0.000000000000000000, -53.50000000000000000 ) ) ;
#6991 = CIRCLE ( 'NONE', #2727, 36.00000000000000000 ) ;
#6992 = DIRECTION ( 'NONE',  ( 0.000000000000000000, 0.000000000000000000, -1.000000000000000000 ) ) ;
#6993 = CIRCLE ( 'NONE', #2730, 5.000000000000004441 ) ;
#6994 = PLANE ( 'NONE',  #8254 ) ;
#6995 = ORIENTED_EDGE ( 'NONE', *, *, #6067, .F. ) ;
#6996 = CARTESIAN_POINT ( 'NONE',  ( 38.75000000000000000, 1.407165736303804697E-14, 8.968695557326032741 ) ) ;
#6997 = ORIENTED_EDGE ( 'NONE', *, *, #6687, .T. ) ;
#6998 = ORIENTED_EDGE ( 'NONE', *, *, #2464, .T. ) ;
#6999 = EDGE_CURVE ( 'NONE', #8364, #5096, #4466, .T. ) ;
#7000 = DIRECTION ( 'NONE',  ( -0.000000000000000000, 1.000000000000000000, -0.000000000000000000 ) ) ;
#7001 = DIRECTION ( 'NONE',  ( 1.000000000000000000, -1.224646799147353207E-16, -1.710332578358783443E-30 ) ) ;
#7002 = VERTEX_POINT ( 'NONE', #2851 ) ;
#7003 = VECTOR ( 'NONE', #362, 1000.000000000000000 ) ;
#7004 = AXIS2_PLACEMENT_3D ( 'NONE', #3929, #1738, #1830 ) ;
#7005 = AXIS2_PLACEMENT_3D ( 'NONE', #1684, #3974, #6972 ) ;
#7006 = EDGE_CURVE ( 'NONE', #8302, #4444, #6205, .T. ) ;
#7007 = EDGE_CURVE ( 'NONE', #8893, #2610, #9364, .T. ) ;
#7008 = CARTESIAN_POINT ( 'NONE',  ( 0.000000000000000000, 5.000000000000018652, -106.5000000000002842 ) ) ;
#7009 = FACE_OUTER_BOUND ( 'NONE', #1888, .T. ) ;
#7010 = AXIS2_PLACEMENT_3D ( 'NONE', #1783, #4027, #347 ) ;
#7011 = VECTOR ( 'NONE', #6668, 1000.000000000000000 ) ;
#7012 = LINE ( 'NONE', #8626, #4481 ) ;
#7013 = ORIENTED_EDGE ( 'NONE', *, *, #4031, .T. ) ;
#7014 = CARTESIAN_POINT ( 'NONE',  ( 35.61613899620193280, 5.416339294268711413, 11.98693117703043143 ) ) ;
#7015 = DIRECTION ( 'NONE',  ( -0.000000000000000000, -6.982962677686266711E-15, 1.000000000000000000 ) ) ;
#7016 = CARTESIAN_POINT ( 'NONE',  ( 0.000000000000000000, 85.00000000000000000, 0.000000000000000000 ) ) ;
#7017 = VECTOR ( 'NONE', #9670, 1000.000000000000000 ) ;
#7018 = CARTESIAN_POINT ( 'NONE',  ( 19.43475361544497915, 1.018532277898461791, -9.000000000000000000 ) ) ;
#7019 = CIRCLE ( 'NONE', #4176, 3.000000000000001332 ) ;
#7020 = DIRECTION ( 'NONE',  ( -0.000000000000000000, -1.396592535537253342E-14, 1.000000000000000000 ) ) ;
#7021 = ORIENTED_EDGE ( 'NONE', *, *, #5649, .F. ) ;
#7022 = EDGE_CURVE ( 'NONE', #5068, #7512, #5250, .T. ) ;
#7023 = CARTESIAN_POINT ( 'NONE',  ( -5.941547867088899801E-19, 4.499999999999996447, -38.00000000000000000 ) ) ;
#7024 = ITEM_DEFINED_TRANSFORMATION ( 'NONE', 'NONE', #5517,  #3150 ) ;
#7025 = DIRECTION ( 'NONE',  ( -0.000000000000000000, -1.396592535537253342E-14, 1.000000000000000000 ) ) ;
#7026 = DIRECTION ( 'NONE',  ( -1.000000000000000000, 0.000000000000000000, 0.000000000000000000 ) ) ;
#7027 = AXIS2_PLACEMENT_3D ( 'NONE', #6591, #2837, #4359 ) ;
#7028 = VERTEX_POINT ( 'NONE', #2242 ) ;
#7029 = FACE_OUTER_BOUND ( 'NONE', #7687, .T. ) ;
#7030 = CARTESIAN_POINT ( 'NONE',  ( -34.31168965457366937, 17.28908721122579450, -16.35373354657012968 ) ) ;
#7031 = EDGE_CURVE ( 'NONE', #2284, #3833, #8920, .T. ) ;
#7032 = AXIS2_PLACEMENT_3D ( 'NONE', #8004, #8051, #1273 ) ;
#7033 = PLANE ( 'NONE',  #5904 ) ;
#7034 = VERTEX_POINT ( 'NONE', #623 ) ;
#7035 = EDGE_CURVE ( 'NONE', #2164, #3750, #4783, .T. ) ;
#7036 = AXIS2_PLACEMENT_3D ( 'NONE', #1665, #9236, #2462 ) ;
#7037 = DIRECTION ( 'NONE',  ( 0.000000000000000000, 1.000000000000000000, 1.110223024625155594E-14 ) ) ;
#7038 = ORIENTED_EDGE ( 'NONE', *, *, #3852, .T. ) ;
#7039 = DIRECTION ( 'NONE',  ( 1.000000000000000000, 0.000000000000000000, 0.000000000000000000 ) ) ;
#7040 = CARTESIAN_POINT ( 'NONE',  ( -64.56989347527186851, 91.23059238027872198, -7.500000000000000000 ) ) ;
#7041 = ORIENTED_EDGE ( 'NONE', *, *, #4429, .T. ) ;
#7042 = CARTESIAN_POINT ( 'NONE',  ( 7.339079683623411121, 41.78784033566373068, 41.86433539560628248 ) ) ;
#7043 = CIRCLE ( 'NONE', #4835, 39.50000000000000000 ) ;
#7044 = DIRECTION ( 'NONE',  ( 0.000000000000000000, 0.000000000000000000, 1.000000000000000000 ) ) ;
#7045 = DIRECTION ( 'NONE',  ( 0.000000000000000000, -1.000000000000000000, -6.938893903907228378E-15 ) ) ;
#7046 = ORIENTED_EDGE ( 'NONE', *, *, #457, .F. ) ;
#7047 = FACE_OUTER_BOUND ( 'NONE', #4360, .T. ) ;
#7048 = VERTEX_POINT ( 'NONE', #8275 ) ;
#7049 = EDGE_CURVE ( 'NONE', #366, #9130, #7485, .T. ) ;
#7050 = EDGE_LOOP ( 'NONE', ( #1415, #7294, #1617, #9077, #8776 ) ) ;
#7051 = EDGE_CURVE ( 'NONE', #8417, #3157, #517, .T. ) ;
#7052 = CARTESIAN_POINT ( 'NONE',  ( 42.34547809345420433, 20.61079497481700784, 3.649084236565276917 ) ) ;
#7053 = AXIS2_PLACEMENT_3D ( 'NONE', #301, #2625, #3326 ) ;
#7054 = CARTESIAN_POINT ( 'NONE',  ( 0.000000000000000000, 0.000000000000000000, 14.89999999999994884 ) ) ;
#7055 = EDGE_LOOP ( 'NONE', ( #5575, #8813, #3135, #8599, #147, #6209 ) ) ;
#7056 = CARTESIAN_POINT ( 'NONE',  ( 0.000000000000000000, 44.00000000000014921, -167.5000000000000000 ) ) ;
#7057 = DIRECTION ( 'NONE',  ( 1.000000000000000000, 0.000000000000000000, 0.000000000000000000 ) ) ;
#7058 = VECTOR ( 'NONE', #5324, 1000.000000000000114 ) ;
#7059 = CARTESIAN_POINT ( 'NONE',  ( 0.000000000000000000, 44.00000000000000000, 7.500000000000000000 ) ) ;
#7060 = ORIENTED_EDGE ( 'NONE', *, *, #8448, .T. ) ;
#7061 = EDGE_CURVE ( 'NONE', #477, #214, #833, .T. ) ;
#7062 = EDGE_LOOP ( 'NONE', ( #6402, #5646, #7515, #7956, #4901, #4134 ) ) ;
#7063 = EDGE_CURVE ( 'NONE', #2605, #3234, #8246, .T. ) ;
#7064 = CARTESIAN_POINT ( 'NONE',  ( 0.000000000000000000, 44.00000000000345324, -448.5000000000000568 ) ) ;
#7065 = EDGE_LOOP ( 'NONE', ( #7038, #9338, #5291, #9701, #7907, #9068 ) ) ;
#7066 = LINE ( 'NONE', #5680, #2014 ) ;
#7067 = VECTOR ( 'NONE', #978, 1000.000000000000114 ) ;
#7068 = CYLINDRICAL_SURFACE ( 'NONE', #8290, 42.49999999999999289 ) ;
#7069 = CIRCLE ( 'NONE', #8172, 3.000000000000001332 ) ;
#7070 = DIRECTION ( 'NONE',  ( -0.000000000000000000, -1.396592535537253342E-14, 1.000000000000000000 ) ) ;
#7071 = DIRECTION ( 'NONE',  ( 1.000000000000000000, 0.000000000000000000, 0.000000000000000000 ) ) ;
#7072 = CARTESIAN_POINT ( 'NONE',  ( -38.00000000000000000, 0.000000000000000000, 0.000000000000000000 ) ) ;
#7073 = DIRECTION ( 'NONE',  ( 0.000000000000000000, -1.000000000000000000, 0.000000000000000000 ) ) ;
#7074 = AXIS2_PLACEMENT_3D ( 'NONE', #4633, #6814, #3265 ) ;
#7075 = EDGE_LOOP ( 'NONE', ( #2136, #1844, #6870, #177 ) ) ;
#7076 = DIRECTION ( 'NONE',  ( 1.000000000000000000, 0.000000000000000000, 0.000000000000000000 ) ) ;
#7077 = CARTESIAN_POINT ( 'NONE',  ( -32.31098884280702777, 15.41602615938555232, 20.00000000000000711 ) ) ;
#7078 = CARTESIAN_POINT ( 'NONE',  ( -21.71745043183799240, 21.07055850833088684, 31.18370712806141043 ) ) ;
#7079 = ORIENTED_EDGE ( 'NONE', *, *, #7441, .F. ) ;
#7080 = AXIS2_PLACEMENT_3D ( 'NONE', #9635, #9581, #2108 ) ;
#7081 = CARTESIAN_POINT ( 'NONE',  ( 34.51751045525497119, 98.22455240934218068, -296.4999999999997158 ) ) ;
#7082 = FACE_OUTER_BOUND ( 'NONE', #8561, .T. ) ;
#7083 = CARTESIAN_POINT ( 'NONE',  ( 38.89087296526010817, 0.1091270347473739105, -463.5000000000006821 ) ) ;
#7084 = TOROIDAL_SURFACE ( 'NONE', #8994, 39.00000000000000000, 3.000000000000000000 ) ;
#7085 = CARTESIAN_POINT ( 'NONE',  ( 51.87408514266326875, 36.10073188586937221, -6.000000000000012434 ) ) ;
#7086 = EDGE_LOOP ( 'NONE', ( #3453, #2212, #724, #9371 ) ) ;
#7087 = DIRECTION ( 'NONE',  ( 1.000000000000000000, 0.000000000000000000, 0.000000000000000000 ) ) ;
#7088 = EDGE_CURVE ( 'NONE', #1299, #2846, #4304, .T. ) ;
#7089 = DIRECTION ( 'NONE',  ( -0.2840153447039201473, 0.9588197348681938292, 6.695402423213638926E-15 ) ) ;
#7090 = CARTESIAN_POINT ( 'NONE',  ( 38.89087296526012949, 87.89087296526328430, -463.4999999999994884 ) ) ;
#7091 = EDGE_LOOP ( 'NONE', ( #6033, #3100, #2516, #6150, #9075, #3302, #5003, #5268, #7916 ) ) ;
#7092 = DIRECTION ( 'NONE',  ( -8.881784197001252323E-16, -1.000000000000000000, -1.439177994884462065E-14 ) ) ;
#7093 = VERTEX_POINT ( 'NONE', #2151 ) ;
#7094 = ORIENTED_EDGE ( 'NONE', *, *, #8384, .T. ) ;
#7095 = DIRECTION ( 'NONE',  ( 0.000000000000000000, 1.396592535537253342E-14, -1.000000000000000000 ) ) ;
#7096 = ORIENTED_EDGE ( 'NONE', *, *, #5459, .F. ) ;
#7097 = VECTOR ( 'NONE', #2917, 1000.000000000000000 ) ;
#7098 = FILL_AREA_STYLE ('',( #4230 ) ) ;
#7099 = DIRECTION ( 'NONE',  ( 1.826024711554533667E-16, 4.720141315418149384E-32, 1.000000000000000000 ) ) ;
#7100 = ORIENTED_EDGE ( 'NONE', *, *, #6583, .T. ) ;
#7101 = EDGE_CURVE ( 'NONE', #9006, #9283, #8217, .T. ) ;
#7102 = CARTESIAN_POINT ( 'NONE',  ( 38.75000000000000000, 7.762061961581897444E-15, 8.968695557326036294 ) ) ;
#7103 = CARTESIAN_POINT ( 'NONE',  ( 44.67208619510399359, 41.86233104391680371, -3.687280321797244742 ) ) ;
#7104 = ORIENTED_EDGE ( 'NONE', *, *, #2921, .T. ) ;
#7105 = VERTEX_POINT ( 'NONE', #7536 ) ;
#7106 = CARTESIAN_POINT ( 'NONE',  ( -64.56989347527186851, 91.23059238027872198, 7.500000000000000000 ) ) ;
#7107 = FACE_BOUND ( 'NONE', #807, .T. ) ;
#7108 = ORIENTED_EDGE ( 'NONE', *, *, #9273, .T. ) ;
#7109 = DIRECTION ( 'NONE',  ( -0.000000000000000000, 1.000000000000000000, -0.000000000000000000 ) ) ;
#7110 = EDGE_CURVE ( 'NONE', #4459, #750, #7587, .T. ) ;
#7111 = ADVANCED_FACE ( 'NONE', ( #2896 ), #1409, .T. ) ;
#7112 = EDGE_LOOP ( 'NONE', ( #1691, #834, #1509, #9188 ) ) ;
#7113 = DIRECTION ( 'NONE',  ( 0.000000000000000000, 0.000000000000000000, 1.000000000000000000 ) ) ;
#7114 = CARTESIAN_POINT ( 'NONE',  ( 8.076032789077842722, 5.986431857503589526, -37.13844015426569456 ) ) ;
#7115 = CONTEXT_DEPENDENT_SHAPE_REPRESENTATION ( #1095, #2175 ) ;
#7116 = CARTESIAN_POINT ( 'NONE',  ( -16.53687776098878004, 185.9428156621834205, 19.00000000000000000 ) ) ;
#7117 = ADVANCED_FACE ( 'NONE', ( #666, #3690 ), #9722, .F. ) ;
#7118 = ORIENTED_EDGE ( 'NONE', *, *, #8233, .F. ) ;
#7119 = DIRECTION ( 'NONE',  ( 0.000000000000000000, -6.982962677686266711E-15, 1.000000000000000000 ) ) ;
#7120 = CARTESIAN_POINT ( 'NONE',  ( -37.46939866218121296, 20.27127788529100627, -6.344287846222221638 ) ) ;
#7121 = CARTESIAN_POINT ( 'NONE',  ( -5.224092216471950323, 5.102071505809888663, 37.64644167275530151 ) ) ;
#7122 = ORIENTED_EDGE ( 'NONE', *, *, #2985, .F. ) ;
#7123 = PLANE ( 'NONE',  #5513 ) ;
#7124 =( LENGTH_UNIT ( ) NAMED_UNIT ( * ) SI_UNIT ( .MILLI., .METRE. ) );
#7125 = CARTESIAN_POINT ( 'NONE',  ( 35.07692307692307310, 8.099967126823520047, -12.00000000000001421 ) ) ;
#7126 = ORIENTED_EDGE ( 'NONE', *, *, #7152, .T. ) ;
#7127 = FACE_BOUND ( 'NONE', #5389, .T. ) ;
#7128 = CARTESIAN_POINT ( 'NONE',  ( -27.00000000000000000, 88.00000000000078160, -238.4999999999997726 ) ) ;
#7129 = ORIENTED_EDGE ( 'NONE', *, *, #8381, .F. ) ;
#7130 = FACE_OUTER_BOUND ( 'NONE', #2110, .T. ) ;
#7131 = PRODUCT ( 'Assem2', 'Assem2', '', ( #5197 ) ) ;
#7132 = CARTESIAN_POINT ( 'NONE',  ( 0.000000000000000000, 44.00000000000000000, 48.50000000000000000 ) ) ;
#7133 = CARTESIAN_POINT ( 'NONE',  ( 0.000000000000000000, 0.000000000000000000, -9.000000000000000000 ) ) ;
#7134 = EDGE_LOOP ( 'NONE', ( #1755, #9024, #1981, #964, #1588 ) ) ;
#7135 = AXIS2_PLACEMENT_3D ( 'NONE', #6556, #2797, #5011 ) ;
#7136 = CARTESIAN_POINT ( 'NONE',  ( 0.000000000000000000, 201.1999999999999886, 19.00000000000000000 ) ) ;
#7137 = ORIENTED_EDGE ( 'NONE', *, *, #951, .T. ) ;
#7138 = ORIENTED_EDGE ( 'NONE', *, *, #7328, .F. ) ;
#7139 = CARTESIAN_POINT ( 'NONE',  ( -8.000000000000000000, 146.1386137946185215, -9.000000000000000000 ) ) ;
#7140 = CARTESIAN_POINT ( 'NONE',  ( 40.93484022786175558, 19.10799372182490430, 11.46031102006165980 ) ) ;
#7141 = EDGE_CURVE ( 'NONE', #4546, #2176, #1926, .T. ) ;
#7142 = VERTEX_POINT ( 'NONE', #6890 ) ;
#7143 = DIRECTION ( 'NONE',  ( 0.000000000000000000, 1.000000000000000000, -0.000000000000000000 ) ) ;
#7144 = VECTOR ( 'NONE', #6154, 1000.000000000000000 ) ;
#7145 = CARTESIAN_POINT ( 'NONE',  ( 35.37782300509167044, 6.796919414593094899, -9.080507977783245366 ) ) ;
#7146 = CARTESIAN_POINT ( 'NONE',  ( -14.90385009140003980, 43.87139683070824958, -34.96046659721796601 ) ) ;
#7147 = ORIENTED_EDGE ( 'NONE', *, *, #3606, .T. ) ;
#7148 = ORIENTED_EDGE ( 'NONE', *, *, #8255, .T. ) ;
#7149 = AXIS2_PLACEMENT_3D ( 'NONE', #8309, #7206, #1100 ) ;
#7150 = LINE ( 'NONE', #2518, #8806 ) ;
#7151 = CONICAL_SURFACE ( 'NONE', #9366, 16.89999999999999858, 0.7853981633974533860 ) ;
#7152 = EDGE_CURVE ( 'NONE', #5908, #655, #2255, .T. ) ;
#7153 = DIRECTION ( 'NONE',  ( 0.000000000000000000, 0.000000000000000000, -1.000000000000000000 ) ) ;
#7154 = ORIENTED_EDGE ( 'NONE', *, *, #7816, .T. ) ;
#7155 = DIRECTION ( 'NONE',  ( 0.000000000000000000, -6.982962677686266711E-15, 1.000000000000000000 ) ) ;
#7156 = CIRCLE ( 'NONE', #4324, 42.49999999999999289 ) ;
#7157 = VECTOR ( 'NONE', #9712, 1000.000000000000000 ) ;
#7158 = ORIENTED_EDGE ( 'NONE', *, *, #3054, .F. ) ;
#7159 = LINE ( 'NONE', #7358, #6136 ) ;
#7160 = EDGE_CURVE ( 'NONE', #2301, #6176, #5277, .T. ) ;
#7161 = CARTESIAN_POINT ( 'NONE',  ( 22.50000000000000355, 27.00000000000000000, -30.62270399556511435 ) ) ;
#7162 = AXIS2_PLACEMENT_3D ( 'NONE', #5381, #3209, #5279 ) ;
#7163 = EDGE_CURVE ( 'NONE', #6482, #9664, #912, .T. ) ;
#7164 = DIRECTION ( 'NONE',  ( 0.000000000000000000, 1.000000000000000000, 6.167905692361981744E-15 ) ) ;
#7165 = ORIENTED_EDGE ( 'NONE', *, *, #7405, .T. ) ;
#7166 = AXIS2_PLACEMENT_3D ( 'NONE', #7136, #4725, #965 ) ;
#7167 = CARTESIAN_POINT ( 'NONE',  ( -34.51751045525497119, 98.22455240934137066, -182.4999999999996589 ) ) ;
#7168 = CARTESIAN_POINT ( 'NONE',  ( 13.19678273783079980, 45.23771696120127928, -35.64050340272510198 ) ) ;
#7169 = CARTESIAN_POINT ( 'NONE',  ( -28.61817604250836666, 6.755772121541173014, 25.00000000000000000 ) ) ;
#7170 = ORIENTED_EDGE ( 'NONE', *, *, #8367, .F. ) ;
#7171 = ADVANCED_FACE ( 'NONE', ( #6160 ), #4666, .T. ) ;
#7172 = CARTESIAN_POINT ( 'NONE',  ( 3.673940397442059178E-15, -29.99999999999728928, -395.5000000000011369 ) ) ;
#7173 = EDGE_CURVE ( 'NONE', #6102, #6190, #263, .T. ) ;
#7174 = CARTESIAN_POINT ( 'NONE',  ( -36.00000000000000000, 44.00000000000038369, -185.5000000000000284 ) ) ;
#7175 = CIRCLE ( 'NONE', #2923, 36.00000000000000000 ) ;
#7176 = FACE_OUTER_BOUND ( 'NONE', #930, .T. ) ;
#7177 = CARTESIAN_POINT ( 'NONE',  ( -38.00000000000000711, 43.35812545754031078, 9.000000000000001776 ) ) ;
#7178 = PLANE ( 'NONE',  #9714 ) ;
#7179 = ORIENTED_EDGE ( 'NONE', *, *, #1584, .T. ) ;
#7180 = CARTESIAN_POINT ( 'NONE',  ( 14.81592705459441461, 34.34295200856710295, 39.83639416681200629 ) ) ;
#7181 = CYLINDRICAL_SURFACE ( 'NONE', #1358, 36.00000000000000711 ) ;
#7182 = AXIS2_PLACEMENT_3D ( 'NONE', #7247, #3595, #4970 ) ;
#7183 = UNCERTAINTY_MEASURE_WITH_UNIT (LENGTH_MEASURE( 1.000000000000000082E-05 ), #4514, 'distance_accuracy_value', 'NONE');
#7184 = AXIS2_PLACEMENT_3D ( 'NONE', #3991, #2397, #4669 ) ;
#7185 = DIRECTION ( 'NONE',  ( -0.000000000000000000, -0.000000000000000000, -1.000000000000000000 ) ) ;
#7186 = ORIENTED_EDGE ( 'NONE', *, *, #529, .T. ) ;
#7187 = DIRECTION ( 'NONE',  ( 1.000000000000000000, -1.224646799147353207E-16, -8.551662891793917213E-31 ) ) ;
#7188 = ORIENTED_EDGE ( 'NONE', *, *, #9486, .F. ) ;
#7189 = ORIENTED_EDGE ( 'NONE', *, *, #539, .F. ) ;
#7190 = CYLINDRICAL_SURFACE ( 'NONE', #2027, 36.00000000000000000 ) ;
#7191 = CARTESIAN_POINT ( 'NONE',  ( 42.49999999999998579, 43.60000000000001563, -1.340988245066351766E-14 ) ) ;
#7192 = VERTEX_POINT ( 'NONE', #6108 ) ;
#7193 = VECTOR ( 'NONE', #60, 1000.000000000000000 ) ;
#7194 =( NAMED_UNIT ( * ) SI_UNIT ( $, .STERADIAN. ) SOLID_ANGLE_UNIT ( ) );
#7195 = CIRCLE ( 'NONE', #1668, 3.000000000000001776 ) ;
#7196 = DIRECTION ( 'NONE',  ( 0.000000000000000000, 0.000000000000000000, 1.000000000000000000 ) ) ;
#7197 = CARTESIAN_POINT ( 'NONE',  ( 38.75000000000000000, 1.407165736303804697E-14, 8.968695557326032741 ) ) ;
#7198 = CIRCLE ( 'NONE', #8146, 10.00000000000000178 ) ;
#7199 = CARTESIAN_POINT ( 'NONE',  ( -10.11618597238074457, 47.15158239365966608, -36.65529169731330938 ) ) ;
#7200 = CIRCLE ( 'NONE', #8945, 19.00000000000000000 ) ;
#7201 = ORIENTED_EDGE ( 'NONE', *, *, #4034, .F. ) ;
#7202 = DIRECTION ( 'NONE',  ( -0.000000000000000000, 6.982962677686266711E-15, -1.000000000000000000 ) ) ;
#7203 = CYLINDRICAL_SURFACE ( 'NONE', #4880, 36.00000000000000000 ) ;
#7204 = ORIENTED_EDGE ( 'NONE', *, *, #2347, .T. ) ;
#7205 = FACE_OUTER_BOUND ( 'NONE', #9473, .T. ) ;
#7206 = DIRECTION ( 'NONE',  ( -1.000000000000000000, 0.000000000000000000, 0.000000000000000000 ) ) ;
#7207 = ADVANCED_FACE ( 'NONE', ( #166, #7740 ), #3943, .F. ) ;
#7208 = EDGE_CURVE ( 'NONE', #8377, #1894, #2543, .T. ) ;
#7209 = SHAPE_REPRESENTATION ( 'piston', ( #3150 ), #9458 ) ;
#7210 = VERTEX_POINT ( 'NONE', #6255 ) ;
#7211 = DIRECTION ( 'NONE',  ( 0.000000000000000000, 1.396592535537253342E-14, -1.000000000000000000 ) ) ;
#7212 = CARTESIAN_POINT ( 'NONE',  ( 17.84507584410487979, 13.27679600926332348, -33.55323850504302641 ) ) ;
#7213 = AXIS2_PLACEMENT_3D ( 'NONE', #227, #8284, #3255 ) ;
#7214 = CARTESIAN_POINT ( 'NONE',  ( -1.089005715278706266, 43.47320422588422417, 42.48957434928771448 ) ) ;
#7215 = ORIENTED_EDGE ( 'NONE', *, *, #1780, .T. ) ;
#7216 = EDGE_CURVE ( 'NONE', #377, #9372, #1464, .T. ) ;
#7217 = AXIS2_PLACEMENT_3D ( 'NONE', #8777, #4061, #383 ) ;
#7218 = FACE_OUTER_BOUND ( 'NONE', #5886, .T. ) ;
#7219 = EDGE_CURVE ( 'NONE', #4459, #2407, #4929, .T. ) ;
#7220 = CARTESIAN_POINT ( 'NONE',  ( -38.25528128762173452, 16.23364213698987157, -18.58384758570924689 ) ) ;
#7221 = CARTESIAN_POINT ( 'NONE',  ( 0.000000000000000000, 44.00000000000107292, -299.5000000000001137 ) ) ;
#7222 = VERTEX_POINT ( 'NONE', #9319 ) ;
#7223 = CYLINDRICAL_SURFACE ( 'NONE', #3944, 10.00000000000000000 ) ;
#7224 = DIRECTION ( 'NONE',  ( 0.003308561095365516059, -0.9999945266967605884, -1.865865010260267889E-16 ) ) ;
#7225 = CARTESIAN_POINT ( 'NONE',  ( -24.50244656709699953, 30.00000000000000000, 9.000000000000005329 ) ) ;
#7226 = CARTESIAN_POINT ( 'NONE',  ( -33.50000000000001421, 50.80000000000001137, 5.510910596163086597E-16 ) ) ;
#7227 = CIRCLE ( 'NONE', #5816, 16.00000000000000000 ) ;
#7228 = DIRECTION ( 'NONE',  ( -0.000000000000000000, -1.396592535537253342E-14, 1.000000000000000000 ) ) ;
#7229 = ORIENTED_EDGE ( 'NONE', *, *, #872, .T. ) ;
#7230 = CARTESIAN_POINT ( 'NONE',  ( 10.09612187304171194, 40.09482001037829235, 41.29350813369849504 ) ) ;
#7231 = EDGE_CURVE ( 'NONE', #3947, #5678, #5559, .T. ) ;
#7232 = DIRECTION ( 'NONE',  ( 0.000000000000000000, 0.000000000000000000, 1.000000000000000000 ) ) ;
#7233 = CARTESIAN_POINT ( 'NONE',  ( 0.000000000000000000, 0.000000000000000000, -12.00000000000000000 ) ) ;
#7234 = ORIENTED_EDGE ( 'NONE', *, *, #3606, .F. ) ;
#7235 = AXIS2_PLACEMENT_3D ( 'NONE', #6539, #3376, #1925 ) ;
#7236 = DIRECTION ( 'NONE',  ( -1.000000000000000000, -2.584927402981194456E-16, 0.000000000000000000 ) ) ;
#7237 = ORIENTED_EDGE ( 'NONE', *, *, #4844, .T. ) ;
#7238 = VERTEX_POINT ( 'NONE', #3889 ) ;
#7239 = DIRECTION ( 'NONE',  ( 0.000000000000000000, 1.396592535537253342E-14, -1.000000000000000000 ) ) ;
#7240 = AXIS2_PLACEMENT_3D ( 'NONE', #4962, #3167, #9242 ) ;
#7241 = CARTESIAN_POINT ( 'NONE',  ( 0.000000000000000000, 0.000000000000000000, 0.000000000000000000 ) ) ;
#7242 = ORIENTED_EDGE ( 'NONE', *, *, #6616, .T. ) ;
#7243 = AXIS2_PLACEMENT_3D ( 'NONE', #1585, #4594, #2528 ) ;
#7244 = CARTESIAN_POINT ( 'NONE',  ( -38.75000000000000711, 0.000000000000000000, -8.968695557326046952 ) ) ;
#7245 = CARTESIAN_POINT ( 'NONE',  ( 35.99999999993861621, 1.369582187388819872, -9.198662110049884433 ) ) ;
#7246 = AXIS2_PLACEMENT_3D ( 'NONE', #3428, #7876, #6295 ) ;
#7247 = CARTESIAN_POINT ( 'NONE',  ( 0.000000000000000000, 88.00000000000062528, -235.4999999999997726 ) ) ;
#7248 = CARTESIAN_POINT ( 'NONE',  ( -21.01897245567792183, 18.93845229683762099, -31.65940312556445591 ) ) ;
#7249 = ORIENTED_EDGE ( 'NONE', *, *, #836, .T. ) ;
#7250 = ORIENTED_EDGE ( 'NONE', *, *, #6573, .F. ) ;
#7251 = CIRCLE ( 'NONE', #8511, 39.00000000000000000 ) ;
#7252 = CARTESIAN_POINT ( 'NONE',  ( -6.735557395310464703E-15, -15.99999999999246825, -448.5000000000009095 ) ) ;
#7253 = DIRECTION ( 'NONE',  ( 1.000000000000000000, 0.000000000000000000, 0.000000000000000000 ) ) ;
#7254 = EDGE_LOOP ( 'NONE', ( #4754, #3273, #8956, #8677 ) ) ;
#7255 = CARTESIAN_POINT ( 'NONE',  ( -34.51751045525497119, 98.22455240934175436, -235.4999999999996874 ) ) ;
#7256 = CARTESIAN_POINT ( 'NONE',  ( 0.000000000000000000, 71.09999999999999432, 0.000000000000000000 ) ) ;
#7257 = DIRECTION ( 'NONE',  ( -1.000000000000000000, 0.000000000000000000, -0.000000000000000000 ) ) ;
#7258 = CARTESIAN_POINT ( 'NONE',  ( 0.000000000000000000, 59.50000000000000000, 0.000000000000000000 ) ) ;
#7259 = PLANE ( 'NONE',  #609 ) ;
#7260 = CYLINDRICAL_SURFACE ( 'NONE', #6304, 10.00000000000000000 ) ;
#7261 = DIRECTION ( 'NONE',  ( -0.000000000000000000, -1.396592535537253342E-14, 1.000000000000000000 ) ) ;
#7262 = ADVANCED_FACE ( 'NONE', ( #5408 ), #114, .F. ) ;
#7263 = EDGE_CURVE ( 'NONE', #3392, #1976, #2361, .T. ) ;
#7264 = VERTEX_POINT ( 'NONE', #3836 ) ;
#7265 = DIRECTION ( 'NONE',  ( 1.224646799147351975E-16, 1.000000000000000000, 0.000000000000000000 ) ) ;
#7266 = CARTESIAN_POINT ( 'NONE',  ( 0.000000000000000000, 0.000000000000000000, 0.000000000000000000 ) ) ;
#7267 = CARTESIAN_POINT ( 'NONE',  ( 38.43811293440706578, 5.867700902121785411, -8.990198382905896679 ) ) ;
#7268 = VERTEX_POINT ( 'NONE', #9221 ) ;
#7269 = CARTESIAN_POINT ( 'NONE',  ( 22.50000000000000355, 27.00000000000000000, -42.50099999999999767 ) ) ;
#7270 = CARTESIAN_POINT ( 'NONE',  ( 2.498001805406598745E-14, 166.4800011913960418, 246.0000000000000853 ) ) ;
#7271 = CARTESIAN_POINT ( 'NONE',  ( 0.000000000000000000, 44.00000000000292744, -410.5000000000001137 ) ) ;
#7272 = EDGE_CURVE ( 'NONE', #3174, #4696, #6964, .T. ) ;
#7273 = CARTESIAN_POINT ( 'NONE',  ( -46.76575408810651169, 38.68305661054939293, -2.355730963840641845 ) ) ;
#7274 = CARTESIAN_POINT ( 'NONE',  ( 0.000000000000000000, 44.00000000000000000, 122.5000000000000000 ) ) ;
#7275 = ORIENTED_EDGE ( 'NONE', *, *, #3922, .F. ) ;
#7276 = FACE_BOUND ( 'NONE', #8897, .T. ) ;
#7277 = DIRECTION ( 'NONE',  ( 0.000000000000000000, -1.000000000000000000, -1.396592535537253342E-14 ) ) ;
#7278 = CARTESIAN_POINT ( 'NONE',  ( 0.000000000000000000, 2.709389518942276229E-12, -395.5000000000006821 ) ) ;
#7279 = ORIENTED_EDGE ( 'NONE', *, *, #3935, .F. ) ;
#7280 = DIRECTION ( 'NONE',  ( 0.6246950475544246206, 0.7808688094430300541, 0.000000000000000000 ) ) ;
#7281 = ORIENTED_EDGE ( 'NONE', *, *, #6516, .F. ) ;
#7282 = ORIENTED_EDGE ( 'NONE', *, *, #9392, .F. ) ;
#7283 = CARTESIAN_POINT ( 'NONE',  ( -35.92084013153765909, 2.742645516829498753, 9.186626416931201078 ) ) ;
#7284 = CARTESIAN_POINT ( 'NONE',  ( 36.00000000000000000, -2.189125779142312269E-15, -19.00000000000000000 ) ) ;
#7285 = EDGE_CURVE ( 'NONE', #750, #3010, #6991, .T. ) ;
#7286 = ORIENTED_EDGE ( 'NONE', *, *, #929, .T. ) ;
#7287 = ADVANCED_FACE ( 'NONE', ( #2690 ), #3052, .F. ) ;
#7288 = CARTESIAN_POINT ( 'NONE',  ( -35.92232950245771406, 2.726233426714136154, -11.96616446274449430 ) ) ;
#7289 = ADVANCED_BREP_SHAPE_REPRESENTATION ( '', ( #5622, #3150 ), #140 ) ;
#7290 = FACE_OUTER_BOUND ( 'NONE', #3098, .T. ) ;
#7291 = CARTESIAN_POINT ( 'NONE',  ( 28.76172182906352859, 8.624595239981923456, 24.83487261297700854 ) ) ;
#7292 = DIRECTION ( 'NONE',  ( -0.6246950475544231773, 0.7808688094430312754, 0.000000000000000000 ) ) ;
#7293 = ORIENTED_EDGE ( 'NONE', *, *, #9086, .T. ) ;
#7294 = ORIENTED_EDGE ( 'NONE', *, *, #167, .T. ) ;
#7295 = CARTESIAN_POINT ( 'NONE',  ( 0.000000000000000000, 88.00000000000011369, -164.4999999999997158 ) ) ;
#7296 = EDGE_CURVE ( 'NONE', #5498, #2350, #38, .T. ) ;
#7297 = DIRECTION ( 'NONE',  ( -1.000000000000000000, 0.000000000000000000, 0.000000000000000000 ) ) ;
#7298 = ORIENTED_EDGE ( 'NONE', *, *, #3166, .T. ) ;
#7299 = ADVANCED_FACE ( 'NONE', ( #7130 ), #1306, .F. ) ;
#7300 = DIRECTION ( 'NONE',  ( -0.2840153447039201473, -0.9588197348681938292, 0.000000000000000000 ) ) ;
#7301 = CIRCLE ( 'NONE', #4779, 39.00000000000000000 ) ;
#7302 = CARTESIAN_POINT ( 'NONE',  ( -35.92232950245770695, 2.726233426714121499, -11.96616446274449430 ) ) ;
#7303 = CARTESIAN_POINT ( 'NONE',  ( 0.000000000000000000, -26.99999999999788969, -352.5000000000010800 ) ) ;
#7304 = AXIS2_PLACEMENT_3D ( 'NONE', #8372, #1600, #3989 ) ;
#7305 = AXIS2_PLACEMENT_3D ( 'NONE', #8547, #9200, #2429 ) ;
#7306 = CARTESIAN_POINT ( 'NONE',  ( -16.50000000000000355, 27.00000000000000355, -39.16631205513226632 ) ) ;
#7307 = LINE ( 'NONE', #541, #7715 ) ;
#7308 = DIRECTION ( 'NONE',  ( 1.000000000000000000, 1.224646799147353207E-16, 1.710332578358783443E-30 ) ) ;
#7309 = CARTESIAN_POINT ( 'NONE',  ( 0.000000000000000000, 201.1999999999999886, 19.00000000000000000 ) ) ;
#7310 = AXIS2_PLACEMENT_3D ( 'NONE', #6829, #9108, #5299 ) ;
#7311 = CIRCLE ( 'NONE', #3060, 72.00000000000000000 ) ;
#7312 = ORIENTED_EDGE ( 'NONE', *, *, #8193, .T. ) ;
#7313 = CARTESIAN_POINT ( 'NONE',  ( 0.000000000000000000, 0.000000000000000000, 9.000000000000000000 ) ) ;
#7314 = EDGE_CURVE ( 'NONE', #8925, #3389, #2571, .T. ) ;
#7315 = AXIS2_PLACEMENT_3D ( 'NONE', #2088, #1938, #1893 ) ;
#7316 = AXIS2_PLACEMENT_3D ( 'NONE', #4829, #6172, #6902 ) ;
#7317 = CARTESIAN_POINT ( 'NONE',  ( -31.20919935692043623, 14.20696390824577193, 21.68222067966053856 ) ) ;
#7318 = EDGE_LOOP ( 'NONE', ( #4296, #723, #7732, #9167 ) ) ;
#7319 = FACE_OUTER_BOUND ( 'NONE', #8500, .T. ) ;
#7320 = DIRECTION ( 'NONE',  ( -0.9754875543223711087, -0.2200546099543453649, -6.668610067997926333E-15 ) ) ;
#7321 = CARTESIAN_POINT ( 'NONE',  ( 0.000000000000000000, 80.00000000000339639, -445.4999999999995453 ) ) ;
#7322 = FACE_BOUND ( 'NONE', #6937, .T. ) ;
#7323 = AXIS2_PLACEMENT_3D ( 'NONE', #7744, #2505, #1148 ) ;
#7324 = EDGE_LOOP ( 'NONE', ( #9129, #5083, #6924, #9259, #8403 ) ) ;
#7325 = PLANE ( 'NONE',  #3528 ) ;
#7326 = CARTESIAN_POINT ( 'NONE',  ( 6.123233995736883625E-16, 104.0000000000036522, -463.4999999999992610 ) ) ;
#7327 = ADVANCED_FACE ( 'NONE', ( #6395 ), #2640, .F. ) ;
#7328 = EDGE_CURVE ( 'NONE', #6613, #4739, #1141, .T. ) ;
#7329 = DIRECTION ( 'NONE',  ( 1.000000000000000000, 0.000000000000000000, 0.000000000000000000 ) ) ;
#7330 = DIRECTION ( 'NONE',  ( 0.000000000000000000, -0.000000000000000000, 1.000000000000000000 ) ) ;
#7331 = ORIENTED_EDGE ( 'NONE', *, *, #5427, .F. ) ;
#7332 = ORIENTED_EDGE ( 'NONE', *, *, #6501, .T. ) ;
#7333 = FACE_BOUND ( 'NONE', #8708, .T. ) ;
#7334 = CARTESIAN_POINT ( 'NONE',  ( 0.000000000000000000, 0.000000000000000000, 19.00000000000000000 ) ) ;
#7335 = ORIENTED_EDGE ( 'NONE', *, *, #872, .F. ) ;
#7336 = CARTESIAN_POINT ( 'NONE',  ( 0.000000000000000000, 87.99999999999984368, -124.4999999999997158 ) ) ;
#7337 = FACE_OUTER_BOUND ( 'NONE', #8230, .T. ) ;
#7338 = AXIS2_PLACEMENT_3D ( 'NONE', #6288, #585, #9304 ) ;
#7339 = DIRECTION ( 'NONE',  ( -0.000000000000000000, -1.000000000000000000, -0.000000000000000000 ) ) ;
#7340 = EDGE_CURVE ( 'NONE', #6694, #9372, #6447, .T. ) ;
#7341 = DIRECTION ( 'NONE',  ( 0.000000000000000000, -0.000000000000000000, 1.000000000000000000 ) ) ;
#7342 = ADVANCED_FACE ( 'NONE', ( #8701 ), #3689, .F. ) ;
#7343 = DIRECTION ( 'NONE',  ( 0.05233595624294046927, 0.9986295347545740553, 0.000000000000000000 ) ) ;
#7344 = ORIENTED_EDGE ( 'NONE', *, *, #3411, .F. ) ;
#7345 = EDGE_LOOP ( 'NONE', ( #3818, #1748, #4502, #5059 ) ) ;
#7346 = CARTESIAN_POINT ( 'NONE',  ( -8.000000000000000000, 56.13861379461851442, -4.699999999999999289 ) ) ;
#7347 = VECTOR ( 'NONE', #7339, 1000.000000000000000 ) ;
#7348 = CARTESIAN_POINT ( 'NONE',  ( 33.49999999999998579, 50.79999999999999716, -1.396097351027982582E-14 ) ) ;
#7349 = ORIENTED_EDGE ( 'NONE', *, *, #3809, .T. ) ;
#7350 = CARTESIAN_POINT ( 'NONE',  ( 0.000000000000000000, 88.00000000000092371, -278.4999999999997726 ) ) ;
#7351 = CARTESIAN_POINT ( 'NONE',  ( 22.50000000000000355, 27.00000000000000355, 19.00000000000000000 ) ) ;
#7352 =( REPRESENTATION_RELATIONSHIP ('NONE','NONE', #7863, #3875 ) REPRESENTATION_RELATIONSHIP_WITH_TRANSFORMATION ( #1082 )SHAPE_REPRESENTATION_RELATIONSHIP( ) );
#7353 = SURFACE_SIDE_STYLE ('',( #435 ) ) ;
#7354 = AXIS2_PLACEMENT_3D ( 'NONE', #9377, #9572, #2948 ) ;
#7355 = EDGE_CURVE ( 'NONE', #7034, #2556, #2736, .T. ) ;
#7356 = ADVANCED_FACE ( 'NONE', ( #7276, #2789 ), #8023, .T. ) ;
#7357 = DIRECTION ( 'NONE',  ( -0.6246950475544246206, -0.7808688094430300541, 0.000000000000000000 ) ) ;
#7358 = CARTESIAN_POINT ( 'NONE',  ( -37.99999999999997158, -95.70788891204318816, 9.000000000000000000 ) ) ;
#7359 = CARTESIAN_POINT ( 'NONE',  ( 64.56989347527186851, 91.23059238027872198, -68.50000000000000000 ) ) ;
#7360 = CYLINDRICAL_SURFACE ( 'NONE', #1937, 8.000000000000000000 ) ;
#7361 = AXIS2_PLACEMENT_3D ( 'NONE', #981, #6034, #5437 ) ;
#7362 = ORIENTED_EDGE ( 'NONE', *, *, #5049, .F. ) ;
#7363 = PRODUCT_RELATED_PRODUCT_CATEGORY ( 'part', '', ( #4295 ) ) ;
#7364 = LINE ( 'NONE', #1333, #1991 ) ;
#7365 = AXIS2_PLACEMENT_3D ( 'NONE', #9688, #4344, #6671 ) ;
#7366 = EDGE_LOOP ( 'NONE', ( #9210, #7982, #3467, #1113 ) ) ;
#7367 = DIRECTION ( 'NONE',  ( -0.2840153447039201473, -0.9588197348681938292, 0.000000000000000000 ) ) ;
#7368 = CARTESIAN_POINT ( 'NONE',  ( 3.380680409166961096E-14, 199.0800011913958940, 205.0000000000000568 ) ) ;
#7369 = CARTESIAN_POINT ( 'NONE',  ( 34.51751045525497119, 98.22455240934218068, -296.4999999999997158 ) ) ;
#7370 = CARTESIAN_POINT ( 'NONE',  ( -45.19700157866378021, 39.51972461558535343, 5.530920482694077656 ) ) ;
#7371 = CYLINDRICAL_SURFACE ( 'NONE', #2449, 72.00000000000000000 ) ;
#7372 = AXIS2_PLACEMENT_3D ( 'NONE', #4009, #2563, #2611 ) ;
#7373 = ORIENTED_EDGE ( 'NONE', *, *, #442, .F. ) ;
#7374 = FACE_OUTER_BOUND ( 'NONE', #691, .T. ) ;
#7375 = DIRECTION ( 'NONE',  ( -0.000000000000000000, -1.396592535537253342E-14, 1.000000000000000000 ) ) ;
#7376 = DIRECTION ( 'NONE',  ( -1.000000000000000000, 0.000000000000000000, 0.000000000000000000 ) ) ;
#7377 = CARTESIAN_POINT ( 'NONE',  ( 38.89087296526010817, 5.109127034743329077, -448.5000000000006253 ) ) ;
#7378 = VERTEX_POINT ( 'NONE', #8801 ) ;
#7379 = EDGE_LOOP ( 'NONE', ( #5202, #7482, #2682, #6021 ) ) ;
#7380 = CIRCLE ( 'NONE', #1226, 36.00000000000000000 ) ;
#7381 = CARTESIAN_POINT ( 'NONE',  ( -38.68750310502052514, 2.942672785202235186, 8.974572379110073328 ) ) ;
#7382 = LINE ( 'NONE', #1206, #9031 ) ;
#7383 = ORIENTED_EDGE ( 'NONE', *, *, #2329, .F. ) ;
#7384 = DIRECTION ( 'NONE',  ( -0.000000000000000000, 0.000000000000000000, 1.000000000000000000 ) ) ;
#7385 = EDGE_CURVE ( 'NONE', #7882, #1219, #9375, .T. ) ;
#7386 = CIRCLE ( 'NONE', #8179, 39.50000000000000000 ) ;
#7387 = CARTESIAN_POINT ( 'NONE',  ( -7.366085833555296780, 12.19526913461971418, 41.86916005539526253 ) ) ;
#7388 = CARTESIAN_POINT ( 'NONE',  ( 0.000000000000000000, 55.29999999999999716, 0.000000000000000000 ) ) ;
#7389 = ORIENTED_EDGE ( 'NONE', *, *, #5676, .T. ) ;
#7390 = AXIS2_PLACEMENT_3D ( 'NONE', #7812, #7070, #6918 ) ;
#7391 = CARTESIAN_POINT ( 'NONE',  ( -21.70447473549464945, 21.05808340735491413, -31.19180434134595359 ) ) ;
#7392 = EDGE_LOOP ( 'NONE', ( #1939, #9264, #8283, #2030 ) ) ;
#7393 = ORIENTED_EDGE ( 'NONE', *, *, #2476, .F. ) ;
#7394 = CARTESIAN_POINT ( 'NONE',  ( -38.00000000000000000, 8.774964387392142129, 9.000000000000000000 ) ) ;
#7395 = DIRECTION ( 'NONE',  ( 0.000000000000000000, 1.000000000000000000, 1.110223024625459147E-14 ) ) ;
#7396 = ORIENTED_EDGE ( 'NONE', *, *, #7035, .F. ) ;
#7397 = AXIS2_PLACEMENT_3D ( 'NONE', #4896, #4303, #7921 ) ;
#7398 = CARTESIAN_POINT ( 'NONE',  ( 38.89087296526010817, 5.109127034743539575, -463.5000000000006253 ) ) ;
#7399 = EDGE_CURVE ( 'NONE', #5569, #2871, #2935, .T. ) ;
#7400 = FACE_BOUND ( 'NONE', #1169, .T. ) ;
#7401 = CIRCLE ( 'NONE', #300, 80.00000000000000000 ) ;
#7402 = CYLINDRICAL_SURFACE ( 'NONE', #3590, 42.49999999999999289 ) ;
#7403 = VECTOR ( 'NONE', #6129, 1000.000000000000000 ) ;
#7404 = CARTESIAN_POINT ( 'NONE',  ( -16.50000000000000355, 27.00000000000000355, -39.16631205513226632 ) ) ;
#7405 = EDGE_CURVE ( 'NONE', #9517, #4951, #3936, .T. ) ;
#7406 = CARTESIAN_POINT ( 'NONE',  ( 37.86857072064281482, 20.65008878081377475, 3.643921329713813773 ) ) ;
#7407 = CARTESIAN_POINT ( 'NONE',  ( 64.56989347527186851, -3.230592380278896059, -121.5000000000003553 ) ) ;
#7408 = CARTESIAN_POINT ( 'NONE',  ( 0.000000000000000000, 4.999999999999997335, -103.5000000000002842 ) ) ;
#7409 = EDGE_CURVE ( 'NONE', #7819, #7775, #3730, .T. ) ;
#7410 = AXIS2_PLACEMENT_3D ( 'NONE', #3652, #4431, #6713 ) ;
#7411 = EDGE_CURVE ( 'NONE', #7673, #1147, #2577, .T. ) ;
#7412 = ORIENTED_EDGE ( 'NONE', *, *, #2007, .F. ) ;
#7413 = CARTESIAN_POINT ( 'NONE',  ( -22.86505473929885568, 55.46608166610121771, -6.000000000000002665 ) ) ;
#7414 = FACE_OUTER_BOUND ( 'NONE', #2334, .T. ) ;
#7415 = FILL_AREA_STYLE ('',( #4592 ) ) ;
#7416 = ORIENTED_EDGE ( 'NONE', *, *, #2252, .F. ) ;
#7417 = DIRECTION ( 'NONE',  ( 0.000000000000000000, 1.000000000000000000, 1.110223024625260355E-14 ) ) ;
#7418 = DIRECTION ( 'NONE',  ( -0.9408190721032818615, -0.3389092408989752836, -4.440892098500626162E-16 ) ) ;
#7419 = LINE ( 'NONE', #8113, #2100 ) ;
#7420 = ADVANCED_FACE ( 'NONE', ( #6042 ), #841, .T. ) ;
#7421 = CARTESIAN_POINT ( 'NONE',  ( -39.87408514266328297, 45.70073188586940205, -6.000000000000000888 ) ) ;
#7422 = ADVANCED_FACE ( 'NONE', ( #8070, #9057 ), #7325, .T. ) ;
#7423 = CARTESIAN_POINT ( 'NONE',  ( -18.49218940641788578, 50.00000000000000000, 0.000000000000000000 ) ) ;
#7424 = EDGE_LOOP ( 'NONE', ( #5709, #8772 ) ) ;
#7425 = CARTESIAN_POINT ( 'NONE',  ( 0.000000000000000000, 2.066956952595139995E-12, -349.5000000000006821 ) ) ;
#7426 = CARTESIAN_POINT ( 'NONE',  ( 20.91567205257127071, 32.91708769908554899, 9.000000000000000000 ) ) ;
#7427 = CARTESIAN_POINT ( 'NONE',  ( 0.000000000000000000, 88.00000000000062528, -235.4999999999997726 ) ) ;
#7428 = DIRECTION ( 'NONE',  ( 0.000000000000000000, -6.982962677686266711E-15, 1.000000000000000000 ) ) ;
#7429 = VERTEX_POINT ( 'NONE', #9611 ) ;
#7430 = ORIENTED_EDGE ( 'NONE', *, *, #6501, .F. ) ;
#7431 = CARTESIAN_POINT ( 'NONE',  ( 34.83584020179642238, 10.32017447555283240, -24.34589812489312521 ) ) ;
#7432 = PLANE ( 'NONE',  #197 ) ;
#7433 = ORIENTED_EDGE ( 'NONE', *, *, #6333, .F. ) ;
#7434 = CARTESIAN_POINT ( 'NONE',  ( 64.56989347527186851, 91.23059238027872198, -53.50000000000000000 ) ) ;
#7435 = CARTESIAN_POINT ( 'NONE',  ( 0.000000000000000000, 44.00000000000345324, -448.5000000000000568 ) ) ;
#7436 = CARTESIAN_POINT ( 'NONE',  ( -34.51751045525497119, -10.22455240934112553, -53.50000000000000000 ) ) ;
#7437 = CARTESIAN_POINT ( 'NONE',  ( 21.97307857159550792, 22.14475374174150346, 31.00309976465995732 ) ) ;
#7438 = ORIENTED_EDGE ( 'NONE', *, *, #1232, .F. ) ;
#7439 = CARTESIAN_POINT ( 'NONE',  ( -22.42296730809211880, 28.89794573088489926, -30.67919082926656671 ) ) ;
#7440 = ORIENTED_EDGE ( 'NONE', *, *, #6318, .T. ) ;
#7441 = EDGE_CURVE ( 'NONE', #8711, #1155, #359, .T. ) ;
#7442 = ORIENTED_EDGE ( 'NONE', *, *, #4021, .F. ) ;
#7443 = DIRECTION ( 'NONE',  ( -0.000000000000000000, -0.000000000000000000, 1.000000000000000000 ) ) ;
#7444 = DIRECTION ( 'NONE',  ( 0.000000000000000000, 1.000000000000000000, 0.000000000000000000 ) ) ;
#7445 = ORIENTED_EDGE ( 'NONE', *, *, #9039, .T. ) ;
#7446 = CARTESIAN_POINT ( 'NONE',  ( 31.20919935692043623, 14.20696390824577371, -21.68222067966054212 ) ) ;
#7447 = CARTESIAN_POINT ( 'NONE',  ( 16.50000000000000711, 28.08805146342248449, -39.16631205513228764 ) ) ;
#7448 = DIRECTION ( 'NONE',  ( 0.000000000000000000, 1.000000000000000000, 1.110223024625831174E-14 ) ) ;
#7449 = CARTESIAN_POINT ( 'NONE',  ( 3.036371446333995028, 49.30702749882180314, -37.88600836321936782 ) ) ;
#7450 = EDGE_CURVE ( 'NONE', #8417, #2147, #5852, .T. ) ;
#7451 = CARTESIAN_POINT ( 'NONE',  ( 0.000000000000000000, 2.066956952595139995E-12, -349.5000000000006821 ) ) ;
#7452 = LINE ( 'NONE', #3710, #4716 ) ;
#7453 = AXIS2_PLACEMENT_3D ( 'NONE', #969, #7000, #225 ) ;
#7454 = DIRECTION ( 'NONE',  ( 0.2249990868562079804, 0.9743589743589744501, -0.000000000000000000 ) ) ;
#7455 = CARTESIAN_POINT ( 'NONE',  ( -39.00000000000000000, 44.00000000000000711, 7.499999999999998224 ) ) ;
#7456 = AXIS2_PLACEMENT_3D ( 'NONE', #8129, #8323, #3642 ) ;
#7457 = VERTEX_POINT ( 'NONE', #8853 ) ;
#7458 = AXIS2_PLACEMENT_3D ( 'NONE', #6837, #6697, #2994 ) ;
#7459 = CARTESIAN_POINT ( 'NONE',  ( 3.673940397442059178E-15, 58.00000000000092371, -278.4999999999999432 ) ) ;
#7460 = EDGE_CURVE ( 'NONE', #2350, #6126, #5203, .T. ) ;
#7461 = ORIENTED_EDGE ( 'NONE', *, *, #3343, .F. ) ;
#7462 = DIRECTION ( 'NONE',  ( -0.000000000000000000, 1.000000000000000000, -0.000000000000000000 ) ) ;
#7463 = VECTOR ( 'NONE', #4554, 1000.000000000000000 ) ;
#7464 = APPLICATION_PROTOCOL_DEFINITION ( 'draft international standard', 'automotive_design', 1998, #7541 ) ;
#7465 = AXIS2_PLACEMENT_3D ( 'NONE', #8266, #754, #3084 ) ;
#7466 = CARTESIAN_POINT ( 'NONE',  ( 0.000000000000000000, 44.00000000000027711, -185.5000000000000284 ) ) ;
#7467 = AXIS2_PLACEMENT_3D ( 'NONE', #2826, #6029, #8245 ) ;
#7468 = DIRECTION ( 'NONE',  ( -1.000000000000000000, 0.000000000000000000, 0.000000000000000000 ) ) ;
#7469 = ORIENTED_EDGE ( 'NONE', *, *, #2592, .F. ) ;
#7470 = CARTESIAN_POINT ( 'NONE',  ( 0.000000000000000000, 44.00000000000000000, 7.500000000000000000 ) ) ;
#7471 = AXIS2_PLACEMENT_3D ( 'NONE', #3032, #9062, #8265 ) ;
#7472 = DIRECTION ( 'NONE',  ( 0.000000000000000000, -1.000000000000000000, 0.000000000000000000 ) ) ;
#7473 = CIRCLE ( 'NONE', #6536, 3.000000000000002665 ) ;
#7474 = EDGE_CURVE ( 'NONE', #1013, #5858, #4152, .T. ) ;
#7475 = DIRECTION ( 'NONE',  ( 0.000000000000000000, 6.982962677686266711E-15, -1.000000000000000000 ) ) ;
#7476 = EDGE_CURVE ( 'NONE', #61, #4673, #8892, .T. ) ;
#7477 = FACE_OUTER_BOUND ( 'NONE', #7050, .T. ) ;
#7478 = ORIENTED_EDGE ( 'NONE', *, *, #1003, .F. ) ;
#7479 = ORIENTED_EDGE ( 'NONE', *, *, #4196, .F. ) ;
#7480 = CARTESIAN_POINT ( 'NONE',  ( -27.00000000000000000, 88.00000000000062528, -235.4999999999997726 ) ) ;
#7481 = CARTESIAN_POINT ( 'NONE',  ( -5.941547867088899801E-19, 4.499999999999996447, -38.00000000000000000 ) ) ;
#7482 = ORIENTED_EDGE ( 'NONE', *, *, #3363, .F. ) ;
#7483 = AXIS2_PLACEMENT_3D ( 'NONE', #9076, #4525, #172 ) ;
#7484 = DIRECTION ( 'NONE',  ( 0.000000000000000000, 0.000000000000000000, -1.000000000000000000 ) ) ;
#7485 = LINE ( 'NONE', #2998, #224 ) ;
#7486 = CARTESIAN_POINT ( 'NONE',  ( 5.204748897115950779E-15, 10.49999999999999467, 42.49999999999999289 ) ) ;
#7487 = PRODUCT_DEFINITION ( 'UNKNOWN', '', #783, #2348 ) ;
#7488 = CARTESIAN_POINT ( 'NONE',  ( 22.30949557729517352, 23.98308780363642256, 30.76191168983328339 ) ) ;
#7489 = AXIS2_PLACEMENT_3D ( 'NONE', #4271, #7981, #563 ) ;
#7490 = ORIENTED_EDGE ( 'NONE', *, *, #2082, .T. ) ;
#7491 = FACE_OUTER_BOUND ( 'NONE', #319, .T. ) ;
#7492 = VERTEX_POINT ( 'NONE', #1344 ) ;
#7493 = VERTEX_POINT ( 'NONE', #9756 ) ;
#7494 = CARTESIAN_POINT ( 'NONE',  ( -35.92084013154272526, 2.742645516828847718, 9.186626416931201078 ) ) ;
#7495 = CARTESIAN_POINT ( 'NONE',  ( 33.07375552197755297, 170.6856313243669092, -8.999999999999998224 ) ) ;
#7496 = EDGE_LOOP ( 'NONE', ( #2922, #3130, #7544, #8271 ) ) ;
#7497 = DIRECTION ( 'NONE',  ( 1.000000000000000000, 0.000000000000000000, 0.000000000000000000 ) ) ;
#7498 = AXIS2_PLACEMENT_3D ( 'NONE', #8882, #8549, #5546 ) ;
#7499 = CARTESIAN_POINT ( 'NONE',  ( 9.623275513967769257, 40.41372816572258841, -41.39866399659786822 ) ) ;
#7500 = LINE ( 'NONE', #680, #5322 ) ;
#7501 = AXIS2_PLACEMENT_3D ( 'NONE', #9488, #2716, #8883 ) ;
#7502 = CARTESIAN_POINT ( 'NONE',  ( 21.02245786863052501, 35.05248633082526766, -31.65708728588714749 ) ) ;
#7503 = CIRCLE ( 'NONE', #561, 22.50000000000000355 ) ;
#7504 = CARTESIAN_POINT ( 'NONE',  ( 38.00000000000000000, 8.774964387392142129, -9.000000000000012434 ) ) ;
#7505 = PLANE ( 'NONE',  #7559 ) ;
#7506 = PLANE ( 'NONE',  #3792 ) ;
#7507 = PLANE ( 'NONE',  #512 ) ;
#7508 = ADVANCED_FACE ( 'NONE', ( #7374 ), #5583, .F. ) ;
#7509 = VECTOR ( 'NONE', #6558, 1000.000000000000114 ) ;
#7510 = EDGE_CURVE ( 'NONE', #1097, #1070, #2162, .T. ) ;
#7511 = AXIS2_PLACEMENT_3D ( 'NONE', #5445, #50, #4025 ) ;
#7512 = VERTEX_POINT ( 'NONE', #6739 ) ;
#7513 = CARTESIAN_POINT ( 'NONE',  ( -18.49218940641788578, 50.00000000000000000, -9.000000000000003553 ) ) ;
#7514 = CARTESIAN_POINT ( 'NONE',  ( 4.592425496802574367E-15, 8.000000000002970069, -413.5000000000005684 ) ) ;
#7515 = ORIENTED_EDGE ( 'NONE', *, *, #3307, .T. ) ;
#7516 = CIRCLE ( 'NONE', #2626, 3.000000000000002665 ) ;
#7517 = CARTESIAN_POINT ( 'NONE',  ( 0.000000000000000000, 0.000000000000000000, -19.00000000000000000 ) ) ;
#7518 = SHAPE_DEFINITION_REPRESENTATION ( #9432, #3875 ) ;
#7519 = DIRECTION ( 'NONE',  ( -0.000000000000000000, -1.000000000000000000, -0.000000000000000000 ) ) ;
#7520 = CARTESIAN_POINT ( 'NONE',  ( -64.56989347527186851, -3.230592380277680586, -296.5000000000003979 ) ) ;
#7521 = ADVANCED_FACE ( 'NONE', ( #9007 ), #2185, .T. ) ;
#7522 = ORIENTED_EDGE ( 'NONE', *, *, #2798, .F. ) ;
#7523 = DIRECTION ( 'NONE',  ( -1.000000000000000000, 0.000000000000000000, 0.000000000000000000 ) ) ;
#7524 = DIRECTION ( 'NONE',  ( 1.000000000000000000, 3.469446951953613400E-15, -1.734723475976806848E-16 ) ) ;
#7525 = CARTESIAN_POINT ( 'NONE',  ( 0.000000000000000000, 0.000000000000000000, -19.00000000000000000 ) ) ;
#7526 = DIRECTION ( 'NONE',  ( -1.000000000000000000, 0.000000000000000000, 0.000000000000000000 ) ) ;
#7527 = ORIENTED_EDGE ( 'NONE', *, *, #2883, .F. ) ;
#7528 = EDGE_LOOP ( 'NONE', ( #7644, #8170, #3229 ) ) ;
#7529 =( LENGTH_UNIT ( ) NAMED_UNIT ( * ) SI_UNIT ( .MILLI., .METRE. ) );
#7530 = CARTESIAN_POINT ( 'NONE',  ( 8.081115863019039836, 48.00201897425348108, 37.13251494121517027 ) ) ;
#7531 = ORIENTED_EDGE ( 'NONE', *, *, #2265, .F. ) ;
#7532 = TOROIDAL_SURFACE ( 'NONE', #9587, 30.00000000000000000, 3.000000000000000000 ) ;
#7533 = FACE_OUTER_BOUND ( 'NONE', #9311, .T. ) ;
#7534 = EDGE_CURVE ( 'NONE', #2105, #2383, #5892, .T. ) ;
#7535 = EDGE_CURVE ( 'NONE', #2606, #4444, #1314, .T. ) ;
#7536 = CARTESIAN_POINT ( 'NONE',  ( 0.000000000000000000, 55.29999999999999716, 39.50000000000000000 ) ) ;
#7537 = CARTESIAN_POINT ( 'NONE',  ( -15.96188528032805110, 22.67969624373726489, 39.38936965750943386 ) ) ;
#7538 = DIRECTION ( 'NONE',  ( -0.000000000000000000, -1.396592535537253342E-14, 1.000000000000000000 ) ) ;
#7539 = ORIENTED_EDGE ( 'NONE', *, *, #5267, .T. ) ;
#7540 = VECTOR ( 'NONE', #5125, 1000.000000000000000 ) ;
#7541 = APPLICATION_CONTEXT ( 'automotive_design' ) ;
#7542 = CARTESIAN_POINT ( 'NONE',  ( -5.941547867088899801E-19, 4.499999999999996447, -38.00000000000000000 ) ) ;
#7543 = EDGE_LOOP ( 'NONE', ( #5960, #8261, #3005, #2961 ) ) ;
#7544 = ORIENTED_EDGE ( 'NONE', *, *, #8856, .T. ) ;
#7545 = SURFACE_STYLE_USAGE ( .BOTH. , #819 ) ;
#7546 = DIRECTION ( 'NONE',  ( -0.9588197348681938292, -0.2840153447039201473, -3.966537103915348291E-15 ) ) ;
#7547 = ORIENTED_EDGE ( 'NONE', *, *, #167, .F. ) ;
#7548 = EDGE_CURVE ( 'NONE', #113, #7210, #202, .T. ) ;
#7549 = AXIS2_PLACEMENT_3D ( 'NONE', #6342, #1094, #7684 ) ;
#7550 = DIRECTION ( 'NONE',  ( 0.7808688094430302762, -0.6246950475544245096, -1.425885742525141106E-16 ) ) ;
#7551 = CARTESIAN_POINT ( 'NONE',  ( -2.167539772907318696, 10.63393969586085497, -42.44815053435993946 ) ) ;
#7552 = CARTESIAN_POINT ( 'NONE',  ( -42.10600729670321130, 20.35614527293011022, 5.790996345450050597 ) ) ;
#7553 = AXIS2_PLACEMENT_3D ( 'NONE', #3573, #450, #2726 ) ;
#7554 = B_SPLINE_CURVE_WITH_KNOTS ( 'NONE', 3,
 ( #6735, #2878, #1537, #8900, #3027, #9772 ),
 .UNSPECIFIED., .F., .F.,
 ( 4, 2, 4 ),
 ( 0.000000000000000000, 0.001235105069189791930, 0.002470210138379583861 ),
 .UNSPECIFIED. ) ;
#7555 = DIRECTION ( 'NONE',  ( 0.000000000000000000, 0.000000000000000000, 1.000000000000000000 ) ) ;
#7556 = CARTESIAN_POINT ( 'NONE',  ( 56.90275806167066719, 50.37932239495659559, 19.00000000000000000 ) ) ;
#7557 = DIRECTION ( 'NONE',  ( -0.000000000000000000, -0.000000000000000000, 1.000000000000000000 ) ) ;
#7558 = DIRECTION ( 'NONE',  ( 1.000000000000000000, 0.000000000000000000, 0.000000000000000000 ) ) ;
#7559 = AXIS2_PLACEMENT_3D ( 'NONE', #1427, #3017, #9689 ) ;
#7560 = CIRCLE ( 'NONE', #3311, 19.00000000000000000 ) ;
#7561 = VERTEX_POINT ( 'NONE', #6787 ) ;
#7562 = DIRECTION ( 'NONE',  ( -0.05233595624294046234, 0.9986295347545740553, 0.000000000000000000 ) ) ;
#7563 =( GEOMETRIC_REPRESENTATION_CONTEXT ( 3 ) GLOBAL_UNCERTAINTY_ASSIGNED_CONTEXT ( ( #7589 ) ) GLOBAL_UNIT_ASSIGNED_CONTEXT ( ( #5601, #1693, #6388 ) ) REPRESENTATION_CONTEXT ( 'NONE', 'WORKASPACE' ) );
#7564 = CARTESIAN_POINT ( 'NONE',  ( -22.50000000000000711, 28.52946383049328105, 30.62270399556512501 ) ) ;
#7565 = ORIENTED_EDGE ( 'NONE', *, *, #7567, .F. ) ;
#7566 = EDGE_CURVE ( 'NONE', #2981, #1057, #8103, .T. ) ;
#7567 = EDGE_CURVE ( 'NONE', #6408, #9677, #4935, .T. ) ;
#7568 = FACE_OUTER_BOUND ( 'NONE', #7345, .T. ) ;
#7569 = CIRCLE ( 'NONE', #8823, 16.89999999999999858 ) ;
#7570 = APPLICATION_PROTOCOL_DEFINITION ( 'draft international standard', 'automotive_design', 1998, #1792 ) ;
#7571 = CARTESIAN_POINT ( 'NONE',  ( -28.61817604250836666, 6.755772121541173014, -25.00000000000000000 ) ) ;
#7572 = VERTEX_POINT ( 'NONE', #6746 ) ;
#7573 = CARTESIAN_POINT ( 'NONE',  ( -34.36931771216878673, 7.682918477743852392, -25.00000000000000355 ) ) ;
#7574 = EDGE_LOOP ( 'NONE', ( #6441, #7756, #2395, #8335 ) ) ;
#7575 = CARTESIAN_POINT ( 'NONE',  ( 0.000000000000000000, 44.00000000000129319, -331.5000000000000568 ) ) ;
#7576 = CARTESIAN_POINT ( 'NONE',  ( 36.00000000000000711, 0.000000000000000000, 19.00000000000000000 ) ) ;
#7577 = CARTESIAN_POINT ( 'NONE',  ( -37.99999999999997158, -95.70788891204318816, -9.000000000000000000 ) ) ;
#7578 = LINE ( 'NONE', #6047, #6844 ) ;
#7579 = EDGE_LOOP ( 'NONE', ( #6553, #4891, #1873, #8497, #967, #1788, #4686, #1930 ) ) ;
#7580 = EDGE_CURVE ( 'NONE', #8377, #3915, #48, .T. ) ;
#7581 = ORIENTED_EDGE ( 'NONE', *, *, #4640, .T. ) ;
#7582 = DIRECTION ( 'NONE',  ( 0.000000000000000000, -0.000000000000000000, -1.000000000000000000 ) ) ;
#7583 = DIRECTION ( 'NONE',  ( 0.2840153447039201473, -0.9588197348681938292, -6.695402423213638926E-15 ) ) ;
#7584 = VERTEX_POINT ( 'NONE', #797 ) ;
#7585 = DIRECTION ( 'NONE',  ( -1.000000000000000000, -0.000000000000000000, 0.000000000000000000 ) ) ;
#7586 = ORIENTED_EDGE ( 'NONE', *, *, #2065, .F. ) ;
#7587 = LINE ( 'NONE', #6607, #7017 ) ;
#7588 = CARTESIAN_POINT ( 'NONE',  ( -15.64532519680036238, 21.64971895417695436, 39.51795754794819260 ) ) ;
#7589 = UNCERTAINTY_MEASURE_WITH_UNIT (LENGTH_MEASURE( 1.000000000000000082E-05 ), #5601, 'distance_accuracy_value', 'NONE');
#7590 = CARTESIAN_POINT ( 'NONE',  ( 22.50000000000001421, 26.23664794342694861, 30.62270399556519607 ) ) ;
#7591 = ORIENTED_EDGE ( 'NONE', *, *, #6400, .T. ) ;
#7592 = DIRECTION ( 'NONE',  ( 0.000000000000000000, 1.000000000000000000, -0.000000000000000000 ) ) ;
#7593 = VERTEX_POINT ( 'NONE', #6095 ) ;
#7594 = EDGE_CURVE ( 'NONE', #3697, #6948, #7633, .T. ) ;
#7595 = ORIENTED_EDGE ( 'NONE', *, *, #5430, .T. ) ;
#7596 = FILL_AREA_STYLE_COLOUR ( '', #6294 ) ;
#7597 = EDGE_CURVE ( 'NONE', #526, #7980, #5098, .T. ) ;
#7598 = CYLINDRICAL_SURFACE ( 'NONE', #1687, 10.00000000000000178 ) ;
#7599 = ORIENTED_EDGE ( 'NONE', *, *, #7754, .T. ) ;
#7600 = APPLICATION_CONTEXT ( 'automotive_design' ) ;
#7601 = DIRECTION ( 'NONE',  ( 0.000000000000000000, 0.000000000000000000, 1.000000000000000000 ) ) ;
#7602 = FACE_OUTER_BOUND ( 'NONE', #2758, .T. ) ;
#7603 = CARTESIAN_POINT ( 'NONE',  ( 45.63820559004886945, 41.08943552795722098, 4.922906327652880165 ) ) ;
#7604 = ADVANCED_FACE ( 'NONE', ( #3247 ), #2259, .F. ) ;
#7605 = ORIENTED_EDGE ( 'NONE', *, *, #3003, .T. ) ;
#7606 = DIRECTION ( 'NONE',  ( 0.000000000000000000, 1.000000000000000000, 0.000000000000000000 ) ) ;
#7607 = EDGE_CURVE ( 'NONE', #3830, #5087, #4819, .T. ) ;
#7608 = CYLINDRICAL_SURFACE ( 'NONE', #6917, 40.00000000000000000 ) ;
#7609 = DIRECTION ( 'NONE',  ( 1.000000000000000000, 0.000000000000000000, 0.000000000000000000 ) ) ;
#7610 = CARTESIAN_POINT ( 'NONE',  ( -16.89999999999999858, 201.1999999999999886, -19.00000000000000000 ) ) ;
#7611 = EDGE_LOOP ( 'NONE', ( #158, #8934, #6232, #7615 ) ) ;
#7612 = CARTESIAN_POINT ( 'NONE',  ( 38.00000000000000000, 30.00000000000000000, -1.396097351027982582E-14 ) ) ;
#7613 = AXIS2_PLACEMENT_3D ( 'NONE', #3238, #9456, #3331 ) ;
#7614 = FACE_OUTER_BOUND ( 'NONE', #944, .T. ) ;
#7615 = ORIENTED_EDGE ( 'NONE', *, *, #3866, .T. ) ;
#7616 = CARTESIAN_POINT ( 'NONE',  ( 0.5423453580125110474, 10.49999999999999822, -42.49999999999999289 ) ) ;
#7617 = CARTESIAN_POINT ( 'NONE',  ( 2.357651516770080119E-13, 275.7319541335541544, 91.00000000000002842 ) ) ;
#7618 = CARTESIAN_POINT ( 'NONE',  ( 38.89087296526012949, 87.89087296526328430, -463.4999999999994884 ) ) ;
#7619 = AXIS2_PLACEMENT_3D ( 'NONE', #4275, #9619, #2094 ) ;
#7620 = DIRECTION ( 'NONE',  ( 1.000000000000000000, 0.000000000000000000, 0.000000000000000000 ) ) ;
#7621 = EDGE_LOOP ( 'NONE', ( #7591, #4807, #5769, #8744 ) ) ;
#7622 = EDGE_CURVE ( 'NONE', #6346, #511, #6208, .T. ) ;
#7623 = DIRECTION ( 'NONE',  ( -0.000000000000000000, -0.000000000000000000, -1.000000000000000000 ) ) ;
#7624 = LINE ( 'NONE', #6881, #4474 ) ;
#7625 = CIRCLE ( 'NONE', #7784, 22.50000000000000355 ) ;
#7626 = VECTOR ( 'NONE', #5494, 1000.000000000000114 ) ;
#7627 = DIRECTION ( 'NONE',  ( -0.7808688094430302762, 0.6246950475544246206, 1.083673164319110031E-15 ) ) ;
#7628 = ORIENTED_EDGE ( 'NONE', *, *, #434, .F. ) ;
#7629 = ORIENTED_EDGE ( 'NONE', *, *, #7698, .T. ) ;
#7630 = CYLINDRICAL_SURFACE ( 'NONE', #1466, 4.499999999999998224 ) ;
#7631 = VERTEX_POINT ( 'NONE', #8570 ) ;
#7632 = CARTESIAN_POINT ( 'NONE',  ( -46.99999999999997158, -95.70788891204318816, 0.000000000000000000 ) ) ;
#7633 = CIRCLE ( 'NONE', #7149, 3.000000000000002665 ) ;
#7634 = VERTEX_POINT ( 'NONE', #4670 ) ;
#7635 = VECTOR ( 'NONE', #4496, 1000.000000000000000 ) ;
#7636 = DIRECTION ( 'NONE',  ( 1.000000000000000000, 0.000000000000000000, 0.000000000000000000 ) ) ;
#7637 = EDGE_CURVE ( 'NONE', #7705, #9557, #6307, .T. ) ;
#7638 = EDGE_CURVE ( 'NONE', #9197, #6102, #370, .T. ) ;
#7639 = DIRECTION ( 'NONE',  ( 0.000000000000000000, 0.000000000000000000, 1.000000000000000000 ) ) ;
#7640 = LINE ( 'NONE', #116, #4993 ) ;
#7641 = ORIENTED_EDGE ( 'NONE', *, *, #5289, .T. ) ;
#7642 = CARTESIAN_POINT ( 'NONE',  ( -8.409174973080904891, 6.127216200910215349, -37.05953128412806308 ) ) ;
#7643 = EDGE_LOOP ( 'NONE', ( #5660, #6434 ) ) ;
#7644 = ORIENTED_EDGE ( 'NONE', *, *, #7031, .F. ) ;
#7645 = EDGE_LOOP ( 'NONE', ( #3755, #4877, #2542, #142 ) ) ;
#7646 = AXIS2_PLACEMENT_3D ( 'NONE', #4652, #6928, #8406 ) ;
#7647 = CARTESIAN_POINT ( 'NONE',  ( 8.817456953860955911E-15, 116.0000000000036522, -463.4999999999990905 ) ) ;
#7648 = AXIS2_PLACEMENT_3D ( 'NONE', #6359, #1663, #972 ) ;
#7649 = CARTESIAN_POINT ( 'NONE',  ( 35.92232950245771406, 2.726233426714136154, 11.96616446274448364 ) ) ;
#7650 = ORIENTED_EDGE ( 'NONE', *, *, #5786, .T. ) ;
#7651 = FACE_BOUND ( 'NONE', #3210, .T. ) ;
#7652 = EDGE_CURVE ( 'NONE', #3200, #2458, #266, .T. ) ;
#7653 = CARTESIAN_POINT ( 'NONE',  ( 35.61613899620179069, 5.416339294269907789, 11.98693117703043320 ) ) ;
#7654 = CARTESIAN_POINT ( 'NONE',  ( -8.000000000000000000, 0.000000000000000000, -4.699999999999999289 ) ) ;
#7655 = ORIENTED_EDGE ( 'NONE', *, *, #7160, .T. ) ;
#7656 = DIRECTION ( 'NONE',  ( 0.000000000000000000, 1.396592535537253342E-14, -1.000000000000000000 ) ) ;
#7657 = CARTESIAN_POINT ( 'NONE',  ( 28.61817604250836666, 85.00000000000000000, 25.00000000000000000 ) ) ;
#7658 = CARTESIAN_POINT ( 'NONE',  ( -36.00000000000000711, 0.000000000000000000, 11.95826074310139475 ) ) ;
#7659 = FACE_OUTER_BOUND ( 'NONE', #3662, .T. ) ;
#7660 = ADVANCED_FACE ( 'NONE', ( #2545, #315 ), #9223, .F. ) ;
#7661 = ORIENTED_EDGE ( 'NONE', *, *, #8057, .T. ) ;
#7662 = CIRCLE ( 'NONE', #8003, 2.999999999999999112 ) ;
#7663 = VECTOR ( 'NONE', #5316, 1000.000000000000000 ) ;
#7664 = FACE_BOUND ( 'NONE', #121, .T. ) ;
#7665 = LINE ( 'NONE', #5439, #4875 ) ;
#7666 = ORIENTED_EDGE ( 'NONE', *, *, #6101, .F. ) ;
#7667 = CYLINDRICAL_SURFACE ( 'NONE', #2345, 4.999999999999532818 ) ;
#7668 =( LENGTH_UNIT ( ) NAMED_UNIT ( * ) SI_UNIT ( .MILLI., .METRE. ) );
#7669 = CARTESIAN_POINT ( 'NONE',  ( 0.000000000000000000, 115.0000000000009379, -278.4999999999996021 ) ) ;
#7670 = VECTOR ( 'NONE', #8415, 1000.000000000000000 ) ;
#7671 = AXIS2_PLACEMENT_3D ( 'NONE', #9612, #5952, #559 ) ;
#7672 = DIRECTION ( 'NONE',  ( 0.000000000000000000, -6.982962677686266711E-15, 1.000000000000000000 ) ) ;
#7673 = VERTEX_POINT ( 'NONE', #4086 ) ;
#7674 = CARTESIAN_POINT ( 'NONE',  ( 0.000000000000000000, 201.1999999999999886, 19.00000000000000000 ) ) ;
#7675 = CIRCLE ( 'NONE', #3104, 36.00000000000000000 ) ;
#7676 = CIRCLE ( 'NONE', #2938, 42.49999999999999289 ) ;
#7677 = FACE_OUTER_BOUND ( 'NONE', #1906, .T. ) ;
#7678 = CARTESIAN_POINT ( 'NONE',  ( 35.50556870864281933, 12.26072832895252063, 23.35972376110066762 ) ) ;
#7679 = ORIENTED_EDGE ( 'NONE', *, *, #130, .T. ) ;
#7680 = VERTEX_POINT ( 'NONE', #2593 ) ;
#7681 = FACE_BOUND ( 'NONE', #6666, .T. ) ;
#7682 = FACE_OUTER_BOUND ( 'NONE', #1608, .T. ) ;
#7683 = ORIENTED_EDGE ( 'NONE', *, *, #4049, .T. ) ;
#7684 = DIRECTION ( 'NONE',  ( 0.000000000000000000, 0.000000000000000000, 1.000000000000000000 ) ) ;
#7685 = LINE ( 'NONE', #1747, #7670 ) ;
#7686 = CIRCLE ( 'NONE', #2310, 42.49999999999999289 ) ;
#7687 = EDGE_LOOP ( 'NONE', ( #548, #1270, #4589, #1603 ) ) ;
#7688 = CARTESIAN_POINT ( 'NONE',  ( -35.61464024155682750, 5.426187063174151781, 11.98701582130420462 ) ) ;
#7689 = CARTESIAN_POINT ( 'NONE',  ( -21.41339544593806821, 31.91830051994898909, 9.042546674575055121 ) ) ;
#7690 = DIRECTION ( 'NONE',  ( 0.000000000000000000, 6.982962677686266711E-15, -1.000000000000000000 ) ) ;
#7691 = ORIENTED_EDGE ( 'NONE', *, *, #7733, .T. ) ;
#7692 = CARTESIAN_POINT ( 'NONE',  ( -8.060880137660445754, 5.990197287810386406, -37.13691840189704862 ) ) ;
#7693 = EDGE_LOOP ( 'NONE', ( #6662, #6159, #545, #1498, #8, #5563 ) ) ;
#7694 = ORIENTED_EDGE ( 'NONE', *, *, #8367, .T. ) ;
#7695 = AXIS2_PLACEMENT_3D ( 'NONE', #589, #8941, #640 ) ;
#7696 = DIRECTION ( 'NONE',  ( 1.000000000000000000, 0.000000000000000000, 0.000000000000000000 ) ) ;
#7697 = CARTESIAN_POINT ( 'NONE',  ( 41.82328895880188924, 20.05526521081599967, -7.567150892993687705 ) ) ;
#7698 = EDGE_CURVE ( 'NONE', #7867, #1945, #6401, .T. ) ;
#7699 = LINE ( 'NONE', #72, #7058 ) ;
#7700 = ORIENTED_EDGE ( 'NONE', *, *, #5039, .T. ) ;
#7701 = CARTESIAN_POINT ( 'NONE',  ( -38.89087296526011528, 10.10912703474051533, -463.5000000000005684 ) ) ;
#7702 = CIRCLE ( 'NONE', #4539, 26.99999999999999645 ) ;
#7703 = DIRECTION ( 'NONE',  ( -0.000000000000000000, -0.000000000000000000, -1.000000000000000000 ) ) ;
#7704 = CARTESIAN_POINT ( 'NONE',  ( 46.99999999999999289, 38.55812545754029941, 1.178097239641997529 ) ) ;
#7705 = VERTEX_POINT ( 'NONE', #9417 ) ;
#7706 = DIRECTION ( 'NONE',  ( 1.000000000000000000, 0.000000000000000000, 0.000000000000000000 ) ) ;
#7707 = DIRECTION ( 'NONE',  ( -0.000000000000000000, 1.000000000000000000, -0.000000000000000000 ) ) ;
#7708 = EDGE_CURVE ( 'NONE', #55, #3949, #8475, .T. ) ;
#7709 = CARTESIAN_POINT ( 'NONE',  ( -22.86505473929885568, 55.46608166610121771, -9.000000000000003553 ) ) ;
#7710 = AXIS2_PLACEMENT_3D ( 'NONE', #235, #7656, #6908 ) ;
#7711 = DIRECTION ( 'NONE',  ( 0.000000000000000000, 1.000000000000000000, 1.480297366166875492E-14 ) ) ;
#7712 = ORIENTED_EDGE ( 'NONE', *, *, #7216, .T. ) ;
#7713 = VECTOR ( 'NONE', #581, 1000.000000000000000 ) ;
#7714 = CARTESIAN_POINT ( 'NONE',  ( 34.51751045525497119, 98.22455240934206699, -281.4999999999997158 ) ) ;
#7715 = VECTOR ( 'NONE', #3563, 1000.000000000000000 ) ;
#7716 = CARTESIAN_POINT ( 'NONE',  ( 0.000000000000000000, 201.1999999999999886, -19.00000000000000000 ) ) ;
#7717 = ORIENTED_EDGE ( 'NONE', *, *, #5552, .T. ) ;
#7718 = EDGE_CURVE ( 'NONE', #3833, #7238, #8613, .T. ) ;
#7719 = CYLINDRICAL_SURFACE ( 'NONE', #2190, 36.00000000000000000 ) ;
#7720 = EDGE_CURVE ( 'NONE', #8697, #7983, #527, .T. ) ;
#7721 = ITEM_DEFINED_TRANSFORMATION ( 'NONE', 'NONE', #5359,  #3150 ) ;
#7722 = CARTESIAN_POINT ( 'NONE',  ( 10.60459098999964489, 169.5080723089007790, 9.000000000000000000 ) ) ;
#7723 = VECTOR ( 'NONE', #306, 1000.000000000000000 ) ;
#7724 = CARTESIAN_POINT ( 'NONE',  ( -24.73913988196212799, 57.80868809443030898, -6.000000000000001776 ) ) ;
#7725 = ORIENTED_EDGE ( 'NONE', *, *, #3715, .T. ) ;
#7726 = CARTESIAN_POINT ( 'NONE',  ( 14.30246221144289365, 18.70272353247155550, 40.02611047924081333 ) ) ;
#7727 = CARTESIAN_POINT ( 'NONE',  ( -36.96688160980076532, 19.79455021543952853, 8.976003120565676952 ) ) ;
#7728 = AXIS2_PLACEMENT_3D ( 'NONE', #6179, #7015, #3861 ) ;
#7729 = DIRECTION ( 'NONE',  ( -2.584927402981196428E-16, 1.000000000000000000, 0.000000000000000000 ) ) ;
#7730 = VERTEX_POINT ( 'NONE', #7090 ) ;
#7731 = ADVANCED_FACE ( 'NONE', ( #963, #3294, #9275, #3337, #2502, #4722, #7742, #5515, #3992 ), #6994, .T. ) ;
#7732 = ORIENTED_EDGE ( 'NONE', *, *, #3375, .F. ) ;
#7733 = EDGE_CURVE ( 'NONE', #5068, #5789, #8577, .T. ) ;
#7734 = EDGE_CURVE ( 'NONE', #7631, #6054, #1874, .T. ) ;
#7735 = DIRECTION ( 'NONE',  ( 0.000000000000000000, 1.000000000000000000, 1.387778780781445991E-14 ) ) ;
#7736 = ORIENTED_EDGE ( 'NONE', *, *, #6382, .F. ) ;
#7737 = DIRECTION ( 'NONE',  ( 1.000000000000000000, -0.000000000000000000, -0.000000000000000000 ) ) ;
#7738 = DIRECTION ( 'NONE',  ( 0.000000000000000000, 0.000000000000000000, -1.000000000000000000 ) ) ;
#7739 = EDGE_LOOP ( 'NONE', ( #5366, #9193 ) ) ;
#7740 = FACE_OUTER_BOUND ( 'NONE', #1511, .T. ) ;
#7741 = CARTESIAN_POINT ( 'NONE',  ( 0.000000000000000000, 0.000000000000000000, 7.500000000000000000 ) ) ;
#7742 = FACE_BOUND ( 'NONE', #2793, .T. ) ;
#7743 = ORIENTED_EDGE ( 'NONE', *, *, #6485, .F. ) ;
#7744 = CARTESIAN_POINT ( 'NONE',  ( 0.000000000000000000, 88.00000000000062528, -235.4999999999997726 ) ) ;
#7745 = ORIENTED_EDGE ( 'NONE', *, *, #5093, .T. ) ;
#7746 = EDGE_LOOP ( 'NONE', ( #4565, #3487, #6302, #7937, #7279 ) ) ;
#7747 = CARTESIAN_POINT ( 'NONE',  ( -38.00000000000000000, 30.00000000000000000, 4.499999999999998224 ) ) ;
#7748 = CARTESIAN_POINT ( 'NONE',  ( 40.72421531039962872, 18.88325044838213174, -12.28175801635091702 ) ) ;
#7749 = CARTESIAN_POINT ( 'NONE',  ( 3.673940397442059178E-15, 58.00000000000012079, -164.4999999999999147 ) ) ;
#7750 = ORIENTED_EDGE ( 'NONE', *, *, #4302, .F. ) ;
#7751 = CARTESIAN_POINT ( 'NONE',  ( 16.50000000000000355, 27.00000000000000000, -42.49999999999999289 ) ) ;
#7752 = PRODUCT_DEFINITION_SHAPE ( 'NONE', 'NONE',  #9799 ) ;
#7753 = LINE ( 'NONE', #2513, #9404 ) ;
#7754 = EDGE_CURVE ( 'NONE', #5858, #6932, #505, .T. ) ;
#7755 = CARTESIAN_POINT ( 'NONE',  ( 43.57913267144411407, 42.73669386284405647, -7.238448179184760356 ) ) ;
#7756 = ORIENTED_EDGE ( 'NONE', *, *, #1347, .F. ) ;
#7757 = CARTESIAN_POINT ( 'NONE',  ( 0.000000000000000000, 27.00000000000000000, -19.00000000000000000 ) ) ;
#7758 = CARTESIAN_POINT ( 'NONE',  ( 21.93588259989741474, 30.94682878293378181, -9.185314602748587021 ) ) ;
#7759 = CARTESIAN_POINT ( 'NONE',  ( -6.735557395310464703E-15, -10.99999999999633893, -463.5000000000008527 ) ) ;
#7760 = ADVANCED_FACE ( 'NONE', ( #1251 ), #1478, .F. ) ;
#7761 = DIRECTION ( 'NONE',  ( -1.000000000000000000, 0.000000000000000000, 0.000000000000000000 ) ) ;
#7762 = CARTESIAN_POINT ( 'NONE',  ( -36.00000000000000711, 2.566756699247257608E-15, -11.95826074310139830 ) ) ;
#7763 = ORIENTED_EDGE ( 'NONE', *, *, #2274, .F. ) ;
#7764 = FACE_OUTER_BOUND ( 'NONE', #2548, .T. ) ;
#7765 = CONTEXT_DEPENDENT_SHAPE_REPRESENTATION ( #9568, #1839 ) ;
#7766 = DIRECTION ( 'NONE',  ( -0.9743589743589743390, -0.2249990868562085078, 0.000000000000000000 ) ) ;
#7767 = DIRECTION ( 'NONE',  ( 0.000000000000000000, 0.000000000000000000, -1.000000000000000000 ) ) ;
#7768 = ORIENTED_EDGE ( 'NONE', *, *, #7827, .T. ) ;
#7769 = VECTOR ( 'NONE', #1152, 1000.000000000000000 ) ;
#7770 = ADVANCED_FACE ( 'NONE', ( #3438 ), #7802, .F. ) ;
#7771 = DIRECTION ( 'NONE',  ( 0.000000000000000000, 0.000000000000000000, 1.000000000000000000 ) ) ;
#7772 = DIRECTION ( 'NONE',  ( -1.000000000000000000, 0.000000000000000000, -0.000000000000000000 ) ) ;
#7773 = CARTESIAN_POINT ( 'NONE',  ( 38.75000000000000000, 0.000000000000000000, 8.968695557326032741 ) ) ;
#7774 = ORIENTED_EDGE ( 'NONE', *, *, #3193, .F. ) ;
#7775 = VERTEX_POINT ( 'NONE', #6550 ) ;
#7776 = DIRECTION ( 'NONE',  ( -1.000000000000000000, 0.000000000000000000, 0.000000000000000000 ) ) ;
#7777 = AXIS2_PLACEMENT_3D ( 'NONE', #7271, #1136, #2034 ) ;
#7778 = ORIENTED_EDGE ( 'NONE', *, *, #4186, .F. ) ;
#7779 = CARTESIAN_POINT ( 'NONE',  ( -34.51751045525497119, 98.22455240934218068, -296.4999999999997158 ) ) ;
#7780 = FACE_BOUND ( 'NONE', #614, .T. ) ;
#7781 = ORIENTED_EDGE ( 'NONE', *, *, #6687, .F. ) ;
#7782 = CARTESIAN_POINT ( 'NONE',  ( 5.857842503286820879, 42.43457242303053079, 42.09737057855444675 ) ) ;
#7783 = EDGE_CURVE ( 'NONE', #3898, #8185, #8895, .T. ) ;
#7784 = AXIS2_PLACEMENT_3D ( 'NONE', #5621, #7196, #3447 ) ;
#7785 = DIRECTION ( 'NONE',  ( 0.000000000000000000, 0.000000000000000000, 1.000000000000000000 ) ) ;
#7786 = AXIS2_PLACEMENT_3D ( 'NONE', #4752, #9105, #1632 ) ;
#7787 = DIRECTION ( 'NONE',  ( 0.000000000000000000, 1.000000000000000000, 1.396592535537253342E-14 ) ) ;
#7788 = ORIENTED_EDGE ( 'NONE', *, *, #7031, .T. ) ;
#7789 = CARTESIAN_POINT ( 'NONE',  ( 38.74999999999985789, 1.473196481563952220, 8.968695557326922696 ) ) ;
#7790 = VERTEX_POINT ( 'NONE', #1349 ) ;
#7791 = VERTEX_POINT ( 'NONE', #6449 ) ;
#7792 = B_SPLINE_CURVE_WITH_KNOTS ( 'NONE', 3,
 ( #8421, #1652, #9175, #863, #6164, #3893 ),
 .UNSPECIFIED., .F., .F.,
 ( 4, 2, 4 ),
 ( 0.000000000000000000, 0.004076250747534584593, 0.008152501495069169185 ),
 .UNSPECIFIED. ) ;
#7793 = CARTESIAN_POINT ( 'NONE',  ( 40.69420296662805470, 18.85096335803782708, 12.28680423883746720 ) ) ;
#7794 = CARTESIAN_POINT ( 'NONE',  ( -64.56989347527186851, 91.23059238028143625, -395.4999999999994316 ) ) ;
#7795 = ORIENTED_EDGE ( 'NONE', *, *, #3101, .T. ) ;
#7796 = VECTOR ( 'NONE', #6944, 1000.000000000000000 ) ;
#7797 = PRESENTATION_LAYER_ASSIGNMENT (  '', '', ( #4791 ) ) ;
#7798 = AXIS2_PLACEMENT_3D ( 'NONE', #5936, #5186, #6632 ) ;
#7799 = DIRECTION ( 'NONE',  ( 1.000000000000000000, 0.000000000000000000, 0.000000000000000000 ) ) ;
#7800 = PRODUCT_RELATED_PRODUCT_CATEGORY ( 'part', '', ( #7131 ) ) ;
#7801 = CARTESIAN_POINT ( 'NONE',  ( -8.000000000000000000, 0.000000000000000000, -4.699999999999999289 ) ) ;
#7802 = TOROIDAL_SURFACE ( 'NONE', #4796, 39.00000000000000711, 3.000000000000000000 ) ;
#7803 = VECTOR ( 'NONE', #1272, 1000.000000000000000 ) ;
#7804 = CARTESIAN_POINT ( 'NONE',  ( 46.76575408810595746, 38.68305661055223510, -2.355730963841967451 ) ) ;
#7805 = ORIENTED_EDGE ( 'NONE', *, *, #5981, .F. ) ;
#7806 = DIRECTION ( 'NONE',  ( 0.000000000000000000, 1.396592535537253342E-14, -1.000000000000000000 ) ) ;
#7807 = CARTESIAN_POINT ( 'NONE',  ( -18.49218940641788578, 50.00000000000000000, 5.999999999999995559 ) ) ;
#7808 = ORIENTED_EDGE ( 'NONE', *, *, #3548, .T. ) ;
#7809 = CARTESIAN_POINT ( 'NONE',  ( -24.73913988196211733, 57.80868809443031608, 5.999999999999993783 ) ) ;
#7810 = AXIS2_PLACEMENT_3D ( 'NONE', #9289, #1112, #6273 ) ;
#7811 = CARTESIAN_POINT ( 'NONE',  ( 0.000000000000000000, 90.00000000000000000, 0.000000000000000000 ) ) ;
#7812 = CARTESIAN_POINT ( 'NONE',  ( 0.000000000000000000, 44.00000000000341061, -445.5000000000000568 ) ) ;
#7813 = CARTESIAN_POINT ( 'NONE',  ( 6.305957672760420962, 5.398488742121388739, -37.47488542492347108 ) ) ;
#7814 = EDGE_CURVE ( 'NONE', #600, #2407, #562, .T. ) ;
#7815 = CARTESIAN_POINT ( 'NONE',  ( 35.99999999999999289, 1.367562764689260968, 11.95826074310138232 ) ) ;
#7816 = EDGE_CURVE ( 'NONE', #4093, #2105, #1146, .T. ) ;
#7817 = DIRECTION ( 'NONE',  ( 0.000000000000000000, -6.982962677686266711E-15, 1.000000000000000000 ) ) ;
#7818 = VECTOR ( 'NONE', #2229, 1000.000000000000000 ) ;
#7819 = VERTEX_POINT ( 'NONE', #7979 ) ;
#7820 = DIRECTION ( 'NONE',  ( 0.2840153447039201473, 0.9588197348681938292, 6.695402423213638926E-15 ) ) ;
#7821 = CARTESIAN_POINT ( 'NONE',  ( 1.947188410644288225E-15, 0.000000000000000000, -14.89999999999994884 ) ) ;
#7822 = AXIS2_PLACEMENT_3D ( 'NONE', #9626, #2153, #6059 ) ;
#7823 = CARTESIAN_POINT ( 'NONE',  ( -16.93509384916590221, 12.16844084220302591, 34.02159017231275584 ) ) ;
#7824 = VERTEX_POINT ( 'NONE', #611 ) ;
#7825 =( LENGTH_UNIT ( ) NAMED_UNIT ( * ) SI_UNIT ( .MILLI., .METRE. ) );
#7826 = CARTESIAN_POINT ( 'NONE',  ( 28.61817604250836666, 6.755772121541173014, -25.00000000000000000 ) ) ;
#7827 = EDGE_CURVE ( 'NONE', #2490, #228, #9562, .T. ) ;
#7828 = PRODUCT_DEFINITION_SHAPE ( 'NONE', 'NONE',  #9800 ) ;
#7829 = DIRECTION ( 'NONE',  ( 0.000000000000000000, 0.000000000000000000, 1.000000000000000000 ) ) ;
#7830 = DIRECTION ( 'NONE',  ( 0.000000000000000000, 1.000000000000000000, 7.195889974422311904E-15 ) ) ;
#7831 = ORIENTED_EDGE ( 'NONE', *, *, #7886, .F. ) ;
#7832 = CARTESIAN_POINT ( 'NONE',  ( 8.291410368236471484, 41.27567254111546191, 41.68617496033771630 ) ) ;
#7833 = CIRCLE ( 'NONE', #3732, 22.50000000000000000 ) ;
#7834 = VECTOR ( 'NONE', #3421, 1000.000000000000000 ) ;
#7835 = LINE ( 'NONE', #5409, #9724 ) ;
#7836 = DIRECTION ( 'NONE',  ( 0.000000000000000000, -6.982962677686266711E-15, 1.000000000000000000 ) ) ;
#7837 = ORIENTED_EDGE ( 'NONE', *, *, #7110, .T. ) ;
#7838 = CYLINDRICAL_SURFACE ( 'NONE', #2755, 27.00000000000000000 ) ;
#7839 = ORIENTED_EDGE ( 'NONE', *, *, #7886, .T. ) ;
#7840 = EDGE_LOOP ( 'NONE', ( #1517, #6248 ) ) ;
#7841 = CARTESIAN_POINT ( 'NONE',  ( 40.19332265333130749, 18.31580235979165394, -13.91473622094117779 ) ) ;
#7842 = AXIS2_PLACEMENT_3D ( 'NONE', #6585, #9746, #693 ) ;
#7843 = EDGE_CURVE ( 'NONE', #511, #4124, #7156, .T. ) ;
#7844 = EDGE_LOOP ( 'NONE', ( #5923, #3766, #2957, #975 ) ) ;
#7845 = EDGE_CURVE ( 'NONE', #4276, #4853, #6688, .T. ) ;
#7846 = CARTESIAN_POINT ( 'NONE',  ( 0.000000000000000000, 88.00000000000024158, -182.4999999999997158 ) ) ;
#7847 = DIRECTION ( 'NONE',  ( 0.000000000000000000, 0.000000000000000000, 1.000000000000000000 ) ) ;
#7848 = AXIS2_PLACEMENT_3D ( 'NONE', #273, #6314, #2509 ) ;
#7849 = CARTESIAN_POINT ( 'NONE',  ( 22.50000000000000355, 27.00000000000000000, -19.00000000000000000 ) ) ;
#7850 = EDGE_LOOP ( 'NONE', ( #9527, #2643, #7683, #9651, #5253 ) ) ;
#7851 = EDGE_LOOP ( 'NONE', ( #3645, #8705, #3799, #4048, #4319 ) ) ;
#7852 = PRODUCT_DEFINITION_SHAPE ( 'NONE', 'NONE',  #9774 ) ;
#7853 = DIRECTION ( 'NONE',  ( 0.000000000000000000, -0.000000000000000000, 1.000000000000000000 ) ) ;
#7854 = EDGE_CURVE ( 'NONE', #2953, #1117, #5191, .T. ) ;
#7855 = DIRECTION ( 'NONE',  ( 0.000000000000000000, 0.000000000000000000, -1.000000000000000000 ) ) ;
#7856 = ORIENTED_EDGE ( 'NONE', *, *, #2565, .T. ) ;
#7857 = FACE_OUTER_BOUND ( 'NONE', #7254, .T. ) ;
#7858 = AXIS2_PLACEMENT_3D ( 'NONE', #185, #5535, #3814 ) ;
#7859 = ORIENTED_EDGE ( 'NONE', *, *, #2699, .T. ) ;
#7860 = VECTOR ( 'NONE', #7737, 1000.000000000000000 ) ;
#7862 = CARTESIAN_POINT ( 'NONE',  ( -38.74999999995905142, 1.474284678808437166, -8.968695557329473544 ) ) ;
#7861 =( REPRESENTATION_RELATIONSHIP ('NONE','NONE', #7863, #6533 ) REPRESENTATION_RELATIONSHIP_WITH_TRANSFORMATION ( #9543 )SHAPE_REPRESENTATION_RELATIONSHIP( ) );
#7863 = SHAPE_REPRESENTATION ( 'Assem2', ( #4572, #1403, #5671, #5359, #6777, #8192, #7889, #9151, #625, #5192, #6465, #2195, #8988, #4248, #5517, #5991, #2993, #8508, #5200, #2521, #5681, #4724, #5036, #2203, #2999, #8199, #6784, #939, #9313, #2676 ), #6935 ) ;
#7864 = CARTESIAN_POINT ( 'NONE',  ( 13.81829575465643600, 9.183473494300748996, -35.42162690789832880 ) ) ;
#7865 = CARTESIAN_POINT ( 'NONE',  ( 0.000000000000000000, 88.00000000000062528, -235.4999999999997726 ) ) ;
#7866 = VECTOR ( 'NONE', #5375, 1000.000000000000000 ) ;
#7867 = VERTEX_POINT ( 'NONE', #6497 ) ;
#7868 = EDGE_CURVE ( 'NONE', #2537, #3697, #9536, .T. ) ;
#7869 = CARTESIAN_POINT ( 'NONE',  ( 7.340762937072482508, 12.18386254729662355, 41.87325420106240159 ) ) ;
#7870 = EDGE_CURVE ( 'NONE', #4673, #3338, #2862, .T. ) ;
#7871 = EDGE_CURVE ( 'NONE', #3702, #8164, #3543, .T. ) ;
#7872 = LINE ( 'NONE', #8197, #2748 ) ;
#7873 = CARTESIAN_POINT ( 'NONE',  ( -22.45192382029518186, 25.48204853819343896, 30.65797908702993269 ) ) ;
#7874 = ORIENTED_EDGE ( 'NONE', *, *, #212, .F. ) ;
#7875 = CIRCLE ( 'NONE', #7243, 36.00000000000000000 ) ;
#7876 = DIRECTION ( 'NONE',  ( 0.000000000000000000, 0.000000000000000000, 1.000000000000000000 ) ) ;
#7877 = CARTESIAN_POINT ( 'NONE',  ( 35.92232950245771406, 2.726233426714135710, -11.96616446274450496 ) ) ;
#7878 = DIRECTION ( 'NONE',  ( 0.000000000000000000, 6.982962677686266711E-15, -1.000000000000000000 ) ) ;
#7879 = LINE ( 'NONE', #1697, #3925 ) ;
#7880 = VECTOR ( 'NONE', #7707, 1000.000000000000000 ) ;
#7881 = CARTESIAN_POINT ( 'NONE',  ( -38.00000000000000000, 8.774964387392142129, 9.000000000000000000 ) ) ;
#7882 = VERTEX_POINT ( 'NONE', #9613 ) ;
#7883 = DIRECTION ( 'NONE',  ( 0.000000000000000000, 1.000000000000000000, 1.396592535537253184E-14 ) ) ;
#7884 = AXIS2_PLACEMENT_3D ( 'NONE', #1168, #8775, #3313 ) ;
#7885 = LINE ( 'NONE', #1992, #4355 ) ;
#7886 = EDGE_CURVE ( 'NONE', #2669, #7730, #1004, .T. ) ;
#7887 = DIRECTION ( 'NONE',  ( 0.000000000000000000, -1.000000000000000000, -6.938893903907228378E-15 ) ) ;
#7888 = ORIENTED_EDGE ( 'NONE', *, *, #457, .T. ) ;
#7889 = AXIS2_PLACEMENT_3D ( 'NONE', #8795, #2033, #8064 ) ;
#7890 = CARTESIAN_POINT ( 'NONE',  ( 38.43829896936481560, 5.866068028336099083, 8.990188665593580097 ) ) ;
#7891 = EDGE_LOOP ( 'NONE', ( #2891, #7332, #9329, #3181 ) ) ;
#7892 = ORIENTED_EDGE ( 'NONE', *, *, #5391, .F. ) ;
#7893 = CARTESIAN_POINT ( 'NONE',  ( 22.48353060487813693, 30.00000000000000000, -9.407652717443333756 ) ) ;
#7894 = ORIENTED_EDGE ( 'NONE', *, *, #8057, .F. ) ;
#7895 = AXIS2_PLACEMENT_3D ( 'NONE', #5872, #4286, #5174 ) ;
#7896 = SURFACE_STYLE_FILL_AREA ( #4871 ) ;
#7897 = B_SPLINE_CURVE_WITH_KNOTS ( 'NONE', 3,
 ( #4289, #3276, #5778, #1778, #9639, #3558 ),
 .UNSPECIFIED., .F., .F.,
 ( 4, 2, 4 ),
 ( 5.204170427930421283E-18, 0.004403506556374468806, 0.008807013112748930672 ),
 .UNSPECIFIED. ) ;
#7898 = CYLINDRICAL_SURFACE ( 'NONE', #2413, 22.50000000000000355 ) ;
#7899 = PRODUCT_DEFINITION_FORMATION_WITH_SPECIFIED_SOURCE ( 'ANY', '', #5804, .NOT_KNOWN. ) ;
#7900 = DIRECTION ( 'NONE',  ( -1.000000000000000000, 0.000000000000000000, 0.000000000000000000 ) ) ;
#7901 = EDGE_CURVE ( 'NONE', #5329, #1097, #4181, .T. ) ;
#7902 = EDGE_CURVE ( 'NONE', #9393, #4774, #2268, .T. ) ;
#7903 = CARTESIAN_POINT ( 'NONE',  ( 42.53257082007836232, 40.94075435349706282, -7.864077496538554257 ) ) ;
#7904 = ORIENTED_EDGE ( 'NONE', *, *, #3266, .T. ) ;
#7905 = DIRECTION ( 'NONE',  ( 0.000000000000000000, 0.000000000000000000, 1.000000000000000000 ) ) ;
#7906 = LINE ( 'NONE', #430, #5995 ) ;
#7907 = ORIENTED_EDGE ( 'NONE', *, *, #5973, .T. ) ;
#7908 = LINE ( 'NONE', #8590, #1533 ) ;
#7909 = ADVANCED_FACE ( 'NONE', ( #5249 ), #2905, .F. ) ;
#7910 = SHAPE_REPRESENTATION ( 'crankshaft', ( #3150 ), #3462 ) ;
#7911 = EDGE_CURVE ( 'NONE', #3790, #8864, #1323, .T. ) ;
#7912 = ORIENTED_EDGE ( 'NONE', *, *, #8932, .T. ) ;
#7913 = CARTESIAN_POINT ( 'NONE',  ( 38.89087296526010817, 5.109127034743539575, -463.5000000000006253 ) ) ;
#7914 = LINE ( 'NONE', #8007, #1866 ) ;
#7915 = CARTESIAN_POINT ( 'NONE',  ( -0.5436264760480056246, 43.49999999999998579, 42.49999999999997868 ) ) ;
#7916 = ORIENTED_EDGE ( 'NONE', *, *, #5152, .F. ) ;
#7917 = DIRECTION ( 'NONE',  ( 0.000000000000000000, -1.000000000000000000, 0.000000000000000000 ) ) ;
#7918 = CARTESIAN_POINT ( 'NONE',  ( 12.00259602746866250, 46.04487025914832543, -36.06020307805493275 ) ) ;
#7919 = CARTESIAN_POINT ( 'NONE',  ( -32.08864635371470087, 15.20863889184842677, 20.35920528421719666 ) ) ;
#7920 = ORIENTED_EDGE ( 'NONE', *, *, #7783, .T. ) ;
#7921 = DIRECTION ( 'NONE',  ( 1.000000000000000000, 0.000000000000000000, 0.000000000000000000 ) ) ;
#7922 = FACE_OUTER_BOUND ( 'NONE', #7850, .T. ) ;
#7923 = CARTESIAN_POINT ( 'NONE',  ( -20.91567205257127071, 32.91708769908554899, 9.000000000000000000 ) ) ;
#7924 = CARTESIAN_POINT ( 'NONE',  ( -38.43829896936481560, 5.866068028336102635, 8.990188665593596085 ) ) ;
#7925 = ORIENTED_EDGE ( 'NONE', *, *, #9171, .F. ) ;
#7926 = DIRECTION ( 'NONE',  ( 0.000000000000000000, 1.000000000000000000, 7.116814260417671668E-15 ) ) ;
#7927 = PRODUCT_DEFINITION_SHAPE ( 'NONE', 'NONE',  #9783 ) ;
#7928 = DIRECTION ( 'NONE',  ( 0.000000000000000000, 0.000000000000000000, -1.000000000000000000 ) ) ;
#7929 = CARTESIAN_POINT ( 'NONE',  ( 8.000000000000000000, 56.13861379461851442, -4.699999999999999289 ) ) ;
#7930 = ORIENTED_EDGE ( 'NONE', *, *, #7314, .F. ) ;
#7931 = AXIS2_PLACEMENT_3D ( 'NONE', #258, #6341, #1834 ) ;
#7932 = CARTESIAN_POINT ( 'NONE',  ( 4.776122516674677878E-15, 83.00000000000048317, -217.4999999999997726 ) ) ;
#7933 = ORIENTED_EDGE ( 'NONE', *, *, #6101, .T. ) ;
#7934 = VERTEX_POINT ( 'NONE', #1544 ) ;
#7935 = FACE_OUTER_BOUND ( 'NONE', #3152, .T. ) ;
#7936 = DIRECTION ( 'NONE',  ( 0.000000000000000000, 0.000000000000000000, -1.000000000000000000 ) ) ;
#7937 = ORIENTED_EDGE ( 'NONE', *, *, #5843, .F. ) ;
#7938 =( LENGTH_UNIT ( ) NAMED_UNIT ( * ) SI_UNIT ( .MILLI., .METRE. ) );
#7939 = EDGE_CURVE ( 'NONE', #3666, #1055, #7953, .T. ) ;
#7940 = AXIS2_PLACEMENT_3D ( 'NONE', #961, #9173, #8565 ) ;
#7941 = CARTESIAN_POINT ( 'NONE',  ( 64.56989347527186851, 91.23059238028079676, -349.4999999999994316 ) ) ;
#7942 = AXIS2_PLACEMENT_3D ( 'NONE', #5105, #5861, #4322 ) ;
#7943 = DIRECTION ( 'NONE',  ( 1.224646799147353207E-16, 1.000000000000000000, -0.000000000000000000 ) ) ;
#7944 = CARTESIAN_POINT ( 'NONE',  ( -13.21277494855672785, 45.22652564705542488, -35.63472970977266385 ) ) ;
#7945 = ORIENTED_EDGE ( 'NONE', *, *, #6790, .T. ) ;
#7946 = ORIENTED_EDGE ( 'NONE', *, *, #9706, .F. ) ;
#7947 = AXIS2_PLACEMENT_3D ( 'NONE', #2839, #6646, #4411 ) ;
#7948 = CYLINDRICAL_SURFACE ( 'NONE', #9293, 39.50000000000000000 ) ;
#7949 = AXIS2_PLACEMENT_3D ( 'NONE', #9654, #9704, #4448 ) ;
#7950 = DIRECTION ( 'NONE',  ( 0.000000000000000000, -0.000000000000000000, -1.000000000000000000 ) ) ;
#7951 = ORIENTED_EDGE ( 'NONE', *, *, #7022, .F. ) ;
#7952 = ADVANCED_FACE ( 'NONE', ( #6742 ), #1445, .T. ) ;
#7953 = CIRCLE ( 'NONE', #7471, 4.999999999998637534 ) ;
#7954 = CARTESIAN_POINT ( 'NONE',  ( 0.000000000000000000, 90.00000000000000000, -42.49999999999999289 ) ) ;
#7955 = AXIS2_PLACEMENT_3D ( 'NONE', #3970, #1820, #1080 ) ;
#7956 = ORIENTED_EDGE ( 'NONE', *, *, #1003, .T. ) ;
#7957 = CYLINDRICAL_SURFACE ( 'NONE', #8978, 3.000000000000002665 ) ;
#7958 = CARTESIAN_POINT ( 'NONE',  ( 22.46115511501117368, 25.47746477120169928, -30.65135327755691108 ) ) ;
#7959 = CIRCLE ( 'NONE', #3230, 42.49999999999999289 ) ;
#7960 = AXIS2_PLACEMENT_3D ( 'NONE', #9426, #1307, #372 ) ;
#7961 = DIRECTION ( 'NONE',  ( 1.000000000000000000, 0.000000000000000000, 0.000000000000000000 ) ) ;
#7962 = ADVANCED_FACE ( 'NONE', ( #9711 ), #6004, .F. ) ;
#7963 = VERTEX_POINT ( 'NONE', #849 ) ;
#7964 = AXIS2_PLACEMENT_3D ( 'NONE', #6499, #9614, #2047 ) ;
#7965 = CARTESIAN_POINT ( 'NONE',  ( 2.168264348519254536, 10.60684284338997330, 42.45817456853662009 ) ) ;
#7966 = CARTESIAN_POINT ( 'NONE',  ( -39.87807037908323338, 17.97749726453407604, -14.72107270787983069 ) ) ;
#7967 = CARTESIAN_POINT ( 'NONE',  ( -29.46327251676849812, 11.19057916209783166, 24.00514173334030232 ) ) ;
#7968 = VERTEX_POINT ( 'NONE', #2939 ) ;
#7969 = CARTESIAN_POINT ( 'NONE',  ( 33.49999999999998579, 50.79999999999999716, -1.396097351027982582E-14 ) ) ;
#7970 = DIRECTION ( 'NONE',  ( -0.3695588326719999595, -3.197263200508187574E-16, -0.9292073338034460006 ) ) ;
#7971 = DIRECTION ( 'NONE',  ( 0.000000000000000000, -6.982962677686266711E-15, 1.000000000000000000 ) ) ;
#7972 = CARTESIAN_POINT ( 'NONE',  ( -42.50000000000000000, 43.59999999999999432, 8.999999999999994671 ) ) ;
#7973 = DIRECTION ( 'NONE',  ( 0.000000000000000000, 0.000000000000000000, -1.000000000000000000 ) ) ;
#7974 = ORIENTED_EDGE ( 'NONE', *, *, #9398, .T. ) ;
#7975 = CARTESIAN_POINT ( 'NONE',  ( 15.62682147519417875, 32.32396566420332107, 39.52317312723607046 ) ) ;
#7976 = FACE_OUTER_BOUND ( 'NONE', #2453, .T. ) ;
#7977 = CIRCLE ( 'NONE', #6568, 27.00000000000000000 ) ;
#7978 = AXIS2_PLACEMENT_3D ( 'NONE', #4611, #3196, #1650 ) ;
#7979 = CARTESIAN_POINT ( 'NONE',  ( 0.000000000000000000, 4.299999999999999822, -39.50000000000000000 ) ) ;
#7980 = VERTEX_POINT ( 'NONE', #3734 ) ;
#7981 = DIRECTION ( 'NONE',  ( 0.000000000000000000, 1.000000000000000000, 0.000000000000000000 ) ) ;
#7982 = ORIENTED_EDGE ( 'NONE', *, *, #1782, .T. ) ;
#7983 = VERTEX_POINT ( 'NONE', #6044 ) ;
#7984 = DIRECTION ( 'NONE',  ( 0.000000000000000000, -1.000000000000000000, -1.396592535537253184E-14 ) ) ;
#7985 = CARTESIAN_POINT ( 'NONE',  ( 64.56989347527186851, -3.230592380278214382, -220.5000000000003979 ) ) ;
#7986 = VERTEX_POINT ( 'NONE', #5304 ) ;
#7987 = AXIS2_PLACEMENT_3D ( 'NONE', #4765, #7585, #6887 ) ;
#7988 = AXIS2_PLACEMENT_3D ( 'NONE', #8216, #8312, #1543 ) ;
#7989 = DIRECTION ( 'NONE',  ( 0.000000000000000000, 0.000000000000000000, 1.000000000000000000 ) ) ;
#7990 = PRODUCT_DEFINITION_SHAPE ( 'NONE', 'NONE',  #9801 ) ;
#7991 = FACE_OUTER_BOUND ( 'NONE', #1492, .T. ) ;
#7992 = CARTESIAN_POINT ( 'NONE',  ( 32.31098884280702066, 15.41602615938555942, 20.00000000000000355 ) ) ;
#7993 = CARTESIAN_POINT ( 'NONE',  ( -21.97414391005171908, 22.14953663167047893, -31.00234476142628282 ) ) ;
#7994 = VERTEX_POINT ( 'NONE', #2140 ) ;
#7995 = EDGE_CURVE ( 'NONE', #7572, #1999, #3879, .T. ) ;
#7996 = CIRCLE ( 'NONE', #8771, 3.000000000000002665 ) ;
#7997 = ORIENTED_EDGE ( 'NONE', *, *, #1262, .F. ) ;
#7998 = CARTESIAN_POINT ( 'NONE',  ( 4.837354856632044663E-15, 4.299999999999999822, 39.50000000000000000 ) ) ;
#7999 = DIRECTION ( 'NONE',  ( -0.000000000000000000, -0.000000000000000000, 1.000000000000000000 ) ) ;
#8000 = ORIENTED_EDGE ( 'NONE', *, *, #4756, .F. ) ;
#8001 = DIRECTION ( 'NONE',  ( 0.7808688094430301652, 0.6246950475544243986, -1.425885742525141845E-16 ) ) ;
#8002 = CARTESIAN_POINT ( 'NONE',  ( -35.07692307692307310, 8.099967126823484520, -12.00000000000000000 ) ) ;
#8003 = AXIS2_PLACEMENT_3D ( 'NONE', #6466, #2706, #3495 ) ;
#8004 = CARTESIAN_POINT ( 'NONE',  ( 0.000000000000000000, 44.00000000000000000, -68.50000000000000000 ) ) ;
#8005 = EDGE_CURVE ( 'NONE', #2708, #5096, #3698, .T. ) ;
#8006 = LINE ( 'NONE', #4249, #1079 ) ;
#8007 = CARTESIAN_POINT ( 'NONE',  ( -34.51751045525497119, 98.22455240934206699, -281.4999999999997158 ) ) ;
#8008 = AXIS2_PLACEMENT_3D ( 'NONE', #3847, #176, #3203 ) ;
#8009 = CARTESIAN_POINT ( 'NONE',  ( -5.348762961797958404, 42.64640632009523813, 42.17415966179530074 ) ) ;
#8010 = ORIENTED_EDGE ( 'NONE', *, *, #5543, .T. ) ;
#8011 = AXIS2_PLACEMENT_3D ( 'NONE', #6327, #2665, #6519 ) ;
#8012 = CYLINDRICAL_SURFACE ( 'NONE', #4678, 16.00000000000000000 ) ;
#8013 = EDGE_CURVE ( 'NONE', #5993, #755, #8729, .T. ) ;
#8014 = CARTESIAN_POINT ( 'NONE',  ( 21.97505733090068603, 31.84645741120677087, -31.00169823112641154 ) ) ;
#8015 = EDGE_CURVE ( 'NONE', #8763, #3113, #9059, .T. ) ;
#8016 = ORIENTED_EDGE ( 'NONE', *, *, #3592, .F. ) ;
#8017 = CARTESIAN_POINT ( 'NONE',  ( 34.51751045525497119, 98.22455240934084486, -106.4999999999996163 ) ) ;
#8018 = DIRECTION ( 'NONE',  ( -0.9890953164138878151, 0.1472767973854382517, -2.786168507441783981E-16 ) ) ;
#8019 = CARTESIAN_POINT ( 'NONE',  ( 0.000000000000000000, 88.00000000000092371, -278.4999999999997726 ) ) ;
#8020 = CIRCLE ( 'NONE', #3296, 39.00000000000000000 ) ;
#8021 = FACE_OUTER_BOUND ( 'NONE', #9160, .T. ) ;
#8022 = EDGE_LOOP ( 'NONE', ( #3340, #9481 ) ) ;
#8023 = PLANE ( 'NONE',  #4464 ) ;
#8024 = CARTESIAN_POINT ( 'NONE',  ( 0.000000000000000000, 61.00000000000064659, -238.4999999999999716 ) ) ;
#8025 = EDGE_CURVE ( 'NONE', #1104, #1369, #2234, .T. ) ;
#8026 = DIRECTION ( 'NONE',  ( -0.000000000000000000, -1.000000000000000000, -0.000000000000000000 ) ) ;
#8027 = ORIENTED_EDGE ( 'NONE', *, *, #9398, .F. ) ;
#8028 = EDGE_CURVE ( 'NONE', #4078, #4951, #6223, .T. ) ;
#8029 = DIRECTION ( 'NONE',  ( -1.224646799147353454E-16, 1.000000000000000000, 0.000000000000000000 ) ) ;
#8030 = ORIENTED_EDGE ( 'NONE', *, *, #7708, .F. ) ;
#8031 = ORIENTED_EDGE ( 'NONE', *, *, #1247, .T. ) ;
#8032 = CARTESIAN_POINT ( 'NONE',  ( 0.000000000000000000, 44.00000000000297007, -413.5000000000001137 ) ) ;
#8033 = DIRECTION ( 'NONE',  ( -0.000000000000000000, 6.982962677686266711E-15, -1.000000000000000000 ) ) ;
#8034 = ORIENTED_EDGE ( 'NONE', *, *, #8268, .T. ) ;
#8035 = CARTESIAN_POINT ( 'NONE',  ( 34.36931771216878673, 6.755772121541200548, 25.00000000000000000 ) ) ;
#8036 = DIRECTION ( 'NONE',  ( -0.000000000000000000, -0.000000000000000000, 1.000000000000000000 ) ) ;
#8037 = AXIS2_PLACEMENT_3D ( 'NONE', #1449, #108, #7582 ) ;
#8038 = CARTESIAN_POINT ( 'NONE',  ( -38.00000000000000711, 43.35812545754031078, 9.000000000000000000 ) ) ;
#8039 = DIRECTION ( 'NONE',  ( -0.000000000000000000, -0.000000000000000000, 1.000000000000000000 ) ) ;
#8040 = ORIENTED_EDGE ( 'NONE', *, *, #2276, .F. ) ;
#8041 = ORIENTED_EDGE ( 'NONE', *, *, #1176, .T. ) ;
#8042 = VECTOR ( 'NONE', #3116, 1000.000000000000000 ) ;
#8043 = CARTESIAN_POINT ( 'NONE',  ( -35.07692307692307310, 8.099967126823484520, 12.00000000000000000 ) ) ;
#8044 = FACE_OUTER_BOUND ( 'NONE', #3815, .T. ) ;
#8045 = ORIENTED_EDGE ( 'NONE', *, *, #1583, .F. ) ;
#8046 = CARTESIAN_POINT ( 'NONE',  ( 0.000000000000000000, 0.000000000000000000, 9.000000000000000000 ) ) ;
#8047 = ORIENTED_EDGE ( 'NONE', *, *, #8495, .F. ) ;
#8048 = DIRECTION ( 'NONE',  ( 0.000000000000000000, 0.000000000000000000, -1.000000000000000000 ) ) ;
#8049 = APPLICATION_CONTEXT ( 'automotive_design' ) ;
#8050 = ADVANCED_FACE ( 'NONE', ( #2332 ), #6, .T. ) ;
#8051 = DIRECTION ( 'NONE',  ( -0.000000000000000000, -0.000000000000000000, 1.000000000000000000 ) ) ;
#8052 = LINE ( 'NONE', #9642, #4528 ) ;
#8053 = CYLINDRICAL_SURFACE ( 'NONE', #5025, 36.00000000000000000 ) ;
#8054 = CARTESIAN_POINT ( 'NONE',  ( 4.776122516674677878E-15, 5.000000000002967404, -413.5000000000006253 ) ) ;
#8055 = CONTEXT_DEPENDENT_SHAPE_REPRESENTATION ( #8863, #6173 ) ;
#8056 = LINE ( 'NONE', #2673, #4624 ) ;
#8057 = EDGE_CURVE ( 'NONE', #1999, #8874, #3083, .T. ) ;
#8058 = EDGE_CURVE ( 'NONE', #105, #9015, #5353, .T. ) ;
#8059 = ORIENTED_EDGE ( 'NONE', *, *, #5165, .T. ) ;
#8060 = CARTESIAN_POINT ( 'NONE',  ( -26.99999999999999645, 0.000000000000000000, -19.00000000000000000 ) ) ;
#8061 = CARTESIAN_POINT ( 'NONE',  ( -30.17675639024148282, 12.68201994043568170, 23.10183176285253026 ) ) ;
#8062 = ORIENTED_EDGE ( 'NONE', *, *, #6333, .T. ) ;
#8063 = DIRECTION ( 'NONE',  ( 0.000000000000000000, 1.000000000000000000, 0.000000000000000000 ) ) ;
#8064 = DIRECTION ( 'NONE',  ( 0.4211002618868738279, 2.038893891128883004E-16, 0.9070140955017217399 ) ) ;
#8065 = CARTESIAN_POINT ( 'NONE',  ( 64.56989347527186851, 91.23059238027872198, -7.500000000000000000 ) ) ;
#8066 = CARTESIAN_POINT ( 'NONE',  ( -43.56136546445959112, 42.75090762843235126, -4.798001052441344783 ) ) ;
#8067 = DIRECTION ( 'NONE',  ( -0.000000000000000000, 0.000000000000000000, 1.000000000000000000 ) ) ;
#8068 = EDGE_CURVE ( 'NONE', #3886, #9290, #7624, .T. ) ;
#8069 = EDGE_LOOP ( 'NONE', ( #9630, #8040, #3236, #3589 ) ) ;
#8070 = FACE_BOUND ( 'NONE', #6235, .T. ) ;
#8071 = CARTESIAN_POINT ( 'NONE',  ( 0.000000000000000000, 1.857468072264551539E-12, -334.5000000000006821 ) ) ;
#8072 = DIRECTION ( 'NONE',  ( 0.000000000000000000, 0.000000000000000000, -1.000000000000000000 ) ) ;
#8073 = ORIENTED_EDGE ( 'NONE', *, *, #6677, .F. ) ;
#8074 = CARTESIAN_POINT ( 'NONE',  ( 0.000000000000000000, 90.00000000000000000, 0.000000000000000000 ) ) ;
#8075 = ORIENTED_EDGE ( 'NONE', *, *, #858, .T. ) ;
#8076 = EDGE_LOOP ( 'NONE', ( #5137, #3419, #1655, #2306 ) ) ;
#8077 = DIRECTION ( 'NONE',  ( 0.000000000000000000, -6.982962677686266711E-15, 1.000000000000000000 ) ) ;
#8078 = DIRECTION ( 'NONE',  ( 0.000000000000000000, 0.000000000000000000, 1.000000000000000000 ) ) ;
#8079 = VERTEX_POINT ( 'NONE', #8909 ) ;
#8080 = CARTESIAN_POINT ( 'NONE',  ( 38.00000000000000000, -95.70788891204318816, 8.999999999999985789 ) ) ;
#8081 = EDGE_CURVE ( 'NONE', #4863, #4814, #6853, .T. ) ;
#8082 = FACE_OUTER_BOUND ( 'NONE', #859, .T. ) ;
#8083 = CARTESIAN_POINT ( 'NONE',  ( 38.74999999995471001, 1.474284678808919669, -8.968695557329851908 ) ) ;
#8084 = AXIS2_PLACEMENT_3D ( 'NONE', #3477, #1106, #9180 ) ;
#8085 = CARTESIAN_POINT ( 'NONE',  ( 29.18878273068382967, 10.37557696029271348, 24.33246394046443584 ) ) ;
#8086 = DIRECTION ( 'NONE',  ( 0.7808688094430311644, 0.6246950475544231773, 0.000000000000000000 ) ) ;
#8087 = ORIENTED_EDGE ( 'NONE', *, *, #927, .F. ) ;
#8088 = ORIENTED_EDGE ( 'NONE', *, *, #5349, .T. ) ;
#8089 = CARTESIAN_POINT ( 'NONE',  ( 16.53687776098878004, 185.9428156621834205, 9.000000000000000000 ) ) ;
#8090 = DIRECTION ( 'NONE',  ( 1.000000000000000000, 0.000000000000000000, 0.000000000000000000 ) ) ;
#8091 = ORIENTED_EDGE ( 'NONE', *, *, #6279, .T. ) ;
#8092 = LINE ( 'NONE', #5998, #7540 ) ;
#8093 = VECTOR ( 'NONE', #5044, 1000.000000000000000 ) ;
#8094 = DIRECTION ( 'NONE',  ( 1.000000000000000000, 0.000000000000000000, 0.000000000000000000 ) ) ;
#8095 = DIRECTION ( 'NONE',  ( -0.000000000000000000, -1.000000000000000000, -0.000000000000000000 ) ) ;
#8096 = AXIS2_PLACEMENT_3D ( 'NONE', #5864, #762, #6011 ) ;
#8097 = VECTOR ( 'NONE', #2570, 1000.000000000000000 ) ;
#8098 =( REPRESENTATION_RELATIONSHIP ('NONE','NONE', #7863, #5885 ) REPRESENTATION_RELATIONSHIP_WITH_TRANSFORMATION ( #9344 )SHAPE_REPRESENTATION_RELATIONSHIP( ) );
#8099 = DIRECTION ( 'NONE',  ( 0.000000000000000000, 1.396592535537253342E-14, -1.000000000000000000 ) ) ;
#8100 = DIRECTION ( 'NONE',  ( -2.584927402981196428E-16, 1.000000000000000000, 0.000000000000000000 ) ) ;
#8101 = LINE ( 'NONE', #3660, #4732 ) ;
#8102 = DIRECTION ( 'NONE',  ( -1.000000000000000000, 0.000000000000000000, 0.000000000000000000 ) ) ;
#8103 = CIRCLE ( 'NONE', #1784, 36.00000000000000000 ) ;
#8104 = CIRCLE ( 'NONE', #2738, 3.000000000000002665 ) ;
#8105 = EDGE_LOOP ( 'NONE', ( #4497, #6081, #1363, #3222 ) ) ;
#8106 = FACE_BOUND ( 'NONE', #4622, .T. ) ;
#8107 = TOROIDAL_SURFACE ( 'NONE', #3226, 39.00000000000000000, 3.000000000000000000 ) ;
#8108 =( LENGTH_UNIT ( ) NAMED_UNIT ( * ) SI_UNIT ( .MILLI., .METRE. ) );
#8109 = ORIENTED_EDGE ( 'NONE', *, *, #3744, .F. ) ;
#8110 = ADVANCED_FACE ( 'NONE', ( #1829 ), #3183, .F. ) ;
#8111 = DIRECTION ( 'NONE',  ( -0.000000000000000000, -0.000000000000000000, -1.000000000000000000 ) ) ;
#8112 = DIRECTION ( 'NONE',  ( 0.9815761312811545070, 7.732733463954966471E-16, -0.1910714486759396147 ) ) ;
#8113 = CARTESIAN_POINT ( 'NONE',  ( 0.000000000000000000, 4.299999999999999822, -42.49999999999999289 ) ) ;
#8114 = CARTESIAN_POINT ( 'NONE',  ( -44.67208619510553547, 41.86233104391558868, 3.687280321797224758 ) ) ;
#8115 = DIRECTION ( 'NONE',  ( 1.000000000000000000, 0.000000000000000000, 0.000000000000000000 ) ) ;
#8116 = CIRCLE ( 'NONE', #6699, 27.00000000000000000 ) ;
#8117 = VERTEX_POINT ( 'NONE', #2385 ) ;
#8118 = CARTESIAN_POINT ( 'NONE',  ( 0.000000000000000000, 0.000000000000000000, 9.000000000000000000 ) ) ;
#8119 = CARTESIAN_POINT ( 'NONE',  ( 0.000000000000000000, 201.1999999999999886, -9.000000000000000000 ) ) ;
#8120 = CARTESIAN_POINT ( 'NONE',  ( 0.000000000000000000, 71.09999999999999432, 0.000000000000000000 ) ) ;
#8121 = DIRECTION ( 'NONE',  ( 0.7808688094430302762, -0.6246950475544246206, -3.612243881063681204E-16 ) ) ;
#8122 = ORIENTED_EDGE ( 'NONE', *, *, #7580, .F. ) ;
#8123 = ADVANCED_FACE ( 'NONE', ( #8460 ), #2488, .T. ) ;
#8124 = ORIENTED_EDGE ( 'NONE', *, *, #5027, .T. ) ;
#8125 = FACE_OUTER_BOUND ( 'NONE', #5102, .T. ) ;
#8126 = LINE ( 'NONE', #7985, #7769 ) ;
#8127 = ORIENTED_EDGE ( 'NONE', *, *, #6954, .T. ) ;
#8128 = DIRECTION ( 'NONE',  ( -1.000000000000000000, 0.000000000000000000, 0.000000000000000000 ) ) ;
#8129 = CARTESIAN_POINT ( 'NONE',  ( -6.735557395310464703E-15, -10.99999999999633893, -463.5000000000008527 ) ) ;
#8130 = AXIS2_PLACEMENT_3D ( 'NONE', #9609, #8067, #8115 ) ;
#8131 = LINE ( 'NONE', #811, #7663 ) ;
#8132 = PLANE ( 'NONE',  #7182 ) ;
#8133 = ORIENTED_EDGE ( 'NONE', *, *, #1710, .T. ) ;
#8134 = DIRECTION ( 'NONE',  ( -0.000000000000000000, -0.000000000000000000, -1.000000000000000000 ) ) ;
#8135 = ORIENTED_EDGE ( 'NONE', *, *, #8842, .T. ) ;
#8136 = ADVANCED_FACE ( 'NONE', ( #7677, #5398 ), #3928, .T. ) ;
#8137 = ORIENTED_EDGE ( 'NONE', *, *, #6433, .F. ) ;
#8138 = DIRECTION ( 'NONE',  ( 0.000000000000000000, 0.000000000000000000, 1.000000000000000000 ) ) ;
#8139 =( GEOMETRIC_REPRESENTATION_CONTEXT ( 3 ) GLOBAL_UNCERTAINTY_ASSIGNED_CONTEXT ( ( #8662 ) ) GLOBAL_UNIT_ASSIGNED_CONTEXT ( ( #4180, #6409, #6506 ) ) REPRESENTATION_CONTEXT ( 'NONE', 'WORKASPACE' ) );
#8140 = AXIS2_PLACEMENT_3D ( 'NONE', #1890, #3436, #5050 ) ;
#8141 = DIRECTION ( 'NONE',  ( -0.7808688094430301652, 0.6246950475544243986, 1.425885742525141106E-16 ) ) ;
#8142 = ORIENTED_EDGE ( 'NONE', *, *, #7652, .T. ) ;
#8143 = DIRECTION ( 'NONE',  ( 0.000000000000000000, 1.000000000000000000, 1.387778780781445676E-14 ) ) ;
#8144 = DIRECTION ( 'NONE',  ( -0.000000000000000000, -6.982962677686266711E-15, 1.000000000000000000 ) ) ;
#8145 = DIRECTION ( 'NONE',  ( 0.000000000000000000, -6.982962677686266711E-15, 1.000000000000000000 ) ) ;
#8146 = AXIS2_PLACEMENT_3D ( 'NONE', #1194, #3479, #500 ) ;
#8147 = EDGE_CURVE ( 'NONE', #8185, #9178, #4851, .T. ) ;
#8148 = DIRECTION ( 'NONE',  ( -0.000000000000000000, -0.000000000000000000, -1.000000000000000000 ) ) ;
#8149 = CARTESIAN_POINT ( 'NONE',  ( 37.99898143101935943, 20.77404236749104882, 1.836434341383490043 ) ) ;
#8150 = FACE_OUTER_BOUND ( 'NONE', #9533, .T. ) ;
#8151 = DIRECTION ( 'NONE',  ( 0.000000000000000000, 0.000000000000000000, 1.000000000000000000 ) ) ;
#8152 = CIRCLE ( 'NONE', #1197, 35.99999999999999289 ) ;
#8153 = ORIENTED_EDGE ( 'NONE', *, *, #3422, .F. ) ;
#8154 = DIRECTION ( 'NONE',  ( 0.000000000000000000, 0.000000000000000000, 1.000000000000000000 ) ) ;
#8155 = CIRCLE ( 'NONE', #3914, 36.00000000000000000 ) ;
#8156 = CARTESIAN_POINT ( 'NONE',  ( -21.01873694108395441, 35.06220196568190772, 31.65956208733030408 ) ) ;
#8157 = ORIENTED_EDGE ( 'NONE', *, *, #573, .T. ) ;
#8158 = CARTESIAN_POINT ( 'NONE',  ( 0.000000000000000000, 44.00000000000052580, -220.5000000000000568 ) ) ;
#8159 = DIRECTION ( 'NONE',  ( 0.2200546099543455592, -0.9754875543223711087, 2.728072232270588368E-15 ) ) ;
#8160 = CARTESIAN_POINT ( 'NONE',  ( 55.00000000000000000, 39.00000000000577671, -448.5000000000001137 ) ) ;
#8161 = CARTESIAN_POINT ( 'NONE',  ( -41.83809966381800649, 44.12952026894282653, -8.355948907050017027 ) ) ;
#8162 = CARTESIAN_POINT ( 'NONE',  ( 0.000000000000000000, 0.000000000000000000, 7.500000000000000000 ) ) ;
#8163 = AXIS2_PLACEMENT_3D ( 'NONE', #3140, #6156, #5224 ) ;
#8164 = VERTEX_POINT ( 'NONE', #7821 ) ;
#8165 = CARTESIAN_POINT ( 'NONE',  ( -43.27207793864214125, 40.54635055693115930, -9.000000000000000000 ) ) ;
#8166 = EDGE_CURVE ( 'NONE', #3234, #595, #2114, .T. ) ;
#8167 = DIRECTION ( 'NONE',  ( -0.000000000000000000, -0.000000000000000000, 1.000000000000000000 ) ) ;
#8168 = CARTESIAN_POINT ( 'NONE',  ( 0.000000000000000000, 2.108854728661257444E-12, -352.5000000000006821 ) ) ;
#8169 = DIRECTION ( 'NONE',  ( -2.584927402981196428E-16, 1.000000000000000000, 0.000000000000000000 ) ) ;
#8170 = ORIENTED_EDGE ( 'NONE', *, *, #8647, .T. ) ;
#8171 = ORIENTED_EDGE ( 'NONE', *, *, #5787, .F. ) ;
#8172 = AXIS2_PLACEMENT_3D ( 'NONE', #5604, #958, #5455 ) ;
#8173 = CARTESIAN_POINT ( 'NONE',  ( 34.51751045525497119, 98.22455240934164067, -220.4999999999996589 ) ) ;
#8174 = CARTESIAN_POINT ( 'NONE',  ( 16.45131171283759741, 42.36609199069085463, 34.25877846799130566 ) ) ;
#8175 = EDGE_LOOP ( 'NONE', ( #8030, #922, #8520, #5695, #809, #5167 ) ) ;
#8176 = CARTESIAN_POINT ( 'NONE',  ( 38.74999999999986500, 1.473196481563946003, 8.968695557326920920 ) ) ;
#8177 = DIRECTION ( 'NONE',  ( 0.000000000000000000, 1.000000000000000000, 1.110223024625174053E-14 ) ) ;
#8178 = EDGE_CURVE ( 'NONE', #6226, #4472, #2025, .T. ) ;
#8179 = AXIS2_PLACEMENT_3D ( 'NONE', #5042, #8063, #6439 ) ;
#8180 = CARTESIAN_POINT ( 'NONE',  ( -10.07311940145925355, 13.92055455440574896, 41.29123460223055275 ) ) ;
#8181 = FACE_OUTER_BOUND ( 'NONE', #8076, .T. ) ;
#8182 = ORIENTED_EDGE ( 'NONE', *, *, #2128, .T. ) ;
#8183 = CARTESIAN_POINT ( 'NONE',  ( -13.76310986627911426, 9.185670475610109520, -35.42512945076105524 ) ) ;
#8184 = VERTEX_POINT ( 'NONE', #302 ) ;
#8185 = VERTEX_POINT ( 'NONE', #3232 ) ;
#8186 = CARTESIAN_POINT ( 'NONE',  ( -35.92308074463208811, 2.716313340183641234, 11.96609650565749661 ) ) ;
#8187 = CARTESIAN_POINT ( 'NONE',  ( 0.000000000000000000, 88.00000000000011369, -164.4999999999997158 ) ) ;
#8188 = ORIENTED_EDGE ( 'NONE', *, *, #8326, .T. ) ;
#8189 = AXIS2_PLACEMENT_3D ( 'NONE', #3224, #4016, #148 ) ;
#8190 = CARTESIAN_POINT ( 'NONE',  ( 0.000000000000000000, 44.00000000000000000, 122.5000000000000000 ) ) ;
#8191 = CARTESIAN_POINT ( 'NONE',  ( 15.61872046454402607, 32.34784934694807390, -39.52638076094029174 ) ) ;
#8192 = AXIS2_PLACEMENT_3D ( 'NONE', #5144, #7224, #4946 ) ;
#8193 = EDGE_CURVE ( 'NONE', #7593, #8184, #4637, .T. ) ;
#8194 = CARTESIAN_POINT ( 'NONE',  ( -34.51751045525497119, -10.22455240933820697, -410.5000000000007958 ) ) ;
#8195 = EDGE_CURVE ( 'NONE', #8184, #1062, #4158, .T. ) ;
#8196 = VECTOR ( 'NONE', #3965, 1000.000000000000000 ) ;
#8197 = CARTESIAN_POINT ( 'NONE',  ( -16.50000000000000355, 27.00000000000000355, -42.49999999999999289 ) ) ;
#8198 = CARTESIAN_POINT ( 'NONE',  ( -12.41171150772363418, 37.88507975727262078, -40.64881074935746597 ) ) ;
#8199 = AXIS2_PLACEMENT_3D ( 'NONE', #9049, #6734, #2325 ) ;
#8200 = CARTESIAN_POINT ( 'NONE',  ( 36.22297531403404491, 19.09077029163940509, -11.51849822642855870 ) ) ;
#8201 = PLANE ( 'NONE',  #780 ) ;
#8202 = FACE_OUTER_BOUND ( 'NONE', #3189, .T. ) ;
#8203 = AXIS2_PLACEMENT_3D ( 'NONE', #9636, #5222, #7297 ) ;
#8204 = EDGE_CURVE ( 'NONE', #2584, #4172, #7872, .T. ) ;
#8205 = ADVANCED_FACE ( 'NONE', ( #6383 ), #4206, .T. ) ;
#8206 = ORIENTED_EDGE ( 'NONE', *, *, #1361, .T. ) ;
#8207 = CARTESIAN_POINT ( 'NONE',  ( 4.592425496802575156E-15, 79.99999999999998579, -103.4999999999997584 ) ) ;
#8208 = CARTESIAN_POINT ( 'NONE',  ( 5.372584090453488010E-15, 49.50000000000001421, 38.00000000000000711 ) ) ;
#8209 = ORIENTED_EDGE ( 'NONE', *, *, #3101, .F. ) ;
#8210 = DIRECTION ( 'NONE',  ( -1.000000000000000000, 0.000000000000000000, 0.000000000000000000 ) ) ;
#8211 = APPLICATION_PROTOCOL_DEFINITION ( 'draft international standard', 'automotive_design', 1998, #9058 ) ;
#8212 = DIRECTION ( 'NONE',  ( 0.000000000000000000, 1.000000000000000000, 6.938893903907229955E-15 ) ) ;
#8213 = CARTESIAN_POINT ( 'NONE',  ( 3.490243377569956456E-15, 61.00000000000011369, -164.4999999999998863 ) ) ;
#8214 = ORIENTED_EDGE ( 'NONE', *, *, #3466, .F. ) ;
#8215 = DIRECTION ( 'NONE',  ( -0.000000000000000000, -1.396592535537253342E-14, 1.000000000000000000 ) ) ;
#8216 = CARTESIAN_POINT ( 'NONE',  ( -38.89087296526011528, 5.109127034743552898, -463.5000000000006253 ) ) ;
#8217 =( BOUNDED_CURVE ( )  B_SPLINE_CURVE ( 3, ( #5163, #4375, #3041, #6056 ),
 .UNSPECIFIED., .F., .T. ) 
 B_SPLINE_CURVE_WITH_KNOTS ( ( 4, 4 ),
 ( 0.000000000000000000, 3.141592653589793116 ),
 .UNSPECIFIED. ) 
 CURVE ( )  GEOMETRIC_REPRESENTATION_ITEM ( )  RATIONAL_B_SPLINE_CURVE ( ( 1.000000000000000000, 0.3333333333333333703, 0.3333333333333333703, 1.000000000000000000 ) ) 
 REPRESENTATION_ITEM ( '' )  );
#8218 = DIRECTION ( 'NONE',  ( 0.000000000000000000, 1.396592535537253342E-14, -1.000000000000000000 ) ) ;
#8219 = ORIENTED_EDGE ( 'NONE', *, *, #3468, .T. ) ;
#8220 = ORIENTED_EDGE ( 'NONE', *, *, #2319, .T. ) ;
#8221 = LINE ( 'NONE', #9066, #2036 ) ;
#8222 = CARTESIAN_POINT ( 'NONE',  ( 1.897910048702430741, 49.42298409550343763, 37.95443675322294297 ) ) ;
#8223 = ORIENTED_EDGE ( 'NONE', *, *, #4153, .T. ) ;
#8224 = DIRECTION ( 'NONE',  ( 0.000000000000000000, 0.000000000000000000, -1.000000000000000000 ) ) ;
#8225 = DIRECTION ( 'NONE',  ( -0.000000000000000000, 0.000000000000000000, 1.000000000000000000 ) ) ;
#8226 = CARTESIAN_POINT ( 'NONE',  ( -2.186103704590800945, 10.63625904455238569, 42.44725536376454045 ) ) ;
#8227 = CARTESIAN_POINT ( 'NONE',  ( 4.807381861108111427E-15, 4.499999999999998224, 38.00000000000000000 ) ) ;
#8228 = ORIENTED_EDGE ( 'NONE', *, *, #7510, .T. ) ;
#8229 = CARTESIAN_POINT ( 'NONE',  ( -36.00000000000000711, 0.000000000000000000, -19.00000000000000000 ) ) ;
#8230 = EDGE_LOOP ( 'NONE', ( #2741, #1900, #7242, #3314 ) ) ;
#8231 = ORIENTED_EDGE ( 'NONE', *, *, #7061, .F. ) ;
#8232 = CARTESIAN_POINT ( 'NONE',  ( -38.00000000000000000, 8.774964387392110154, 9.000000000000001776 ) ) ;
#8233 = EDGE_CURVE ( 'NONE', #5012, #7673, #5912, .T. ) ;
#8234 = EDGE_CURVE ( 'NONE', #7002, #6743, #9692, .T. ) ;
#8235 = DIRECTION ( 'NONE',  ( 0.000000000000000000, 0.000000000000000000, 1.000000000000000000 ) ) ;
#8236 = ORIENTED_EDGE ( 'NONE', *, *, #2921, .F. ) ;
#8237 = CARTESIAN_POINT ( 'NONE',  ( -34.36931771216879383, 0.000000000000000000, 25.00000000000000000 ) ) ;
#8238 = CARTESIAN_POINT ( 'NONE',  ( 7.347217703631670815, 41.81391221639901090, -41.87242608070580729 ) ) ;
#8239 = CARTESIAN_POINT ( 'NONE',  ( 38.00000000000000000, 0.000000000000000000, -4.500000000000011546 ) ) ;
#8240 = CARTESIAN_POINT ( 'NONE',  ( -42.25804758262523109, 20.51784375767985225, -4.551125710562160087 ) ) ;
#8241 = DIRECTION ( 'NONE',  ( 0.000000000000000000, 1.000000000000000000, 0.000000000000000000 ) ) ;
#8242 = LINE ( 'NONE', #2118, #446 ) ;
#8243 = EDGE_CURVE ( 'NONE', #8928, #4923, #2272, .T. ) ;
#8244 = CARTESIAN_POINT ( 'NONE',  ( 5.204748896376249319E-15, 90.00000000000000000, 42.49999999999999289 ) ) ;
#8245 = DIRECTION ( 'NONE',  ( 1.000000000000000000, 0.000000000000000000, 0.000000000000000000 ) ) ;
#8246 = CIRCLE ( 'NONE', #6523, 35.99999999999999289 ) ;
#8247 = ORIENTED_EDGE ( 'NONE', *, *, #3614, .F. ) ;
#8248 = AXIS2_PLACEMENT_3D ( 'NONE', #3237, #853, #307 ) ;
#8249 = DIRECTION ( 'NONE',  ( 1.000000000000000000, 2.584927402981196428E-16, -1.826024711554533667E-16 ) ) ;
#8250 = LINE ( 'NONE', #8351, #7635 ) ;
#8251 = VERTEX_POINT ( 'NONE', #3424 ) ;
#8252 = EDGE_CURVE ( 'NONE', #7824, #769, #7959, .T. ) ;
#8253 = CARTESIAN_POINT ( 'NONE',  ( -16.50000000000000355, 27.00000000000000355, 19.00000000000000000 ) ) ;
#8254 = AXIS2_PLACEMENT_3D ( 'NONE', #1751, #4770, #7787 ) ;
#8255 = EDGE_CURVE ( 'NONE', #281, #8299, #5690, .T. ) ;
#8256 = CARTESIAN_POINT ( 'NONE',  ( 2.458572921783987680E-13, 204.5319541335541658, 91.00000000000002842 ) ) ;
#8257 = STYLED_ITEM ( 'NONE', ( #448 ), #9044 ) ;
#8258 = DIRECTION ( 'NONE',  ( 0.000000000000000000, 0.000000000000000000, 1.000000000000000000 ) ) ;
#8259 = AXIS2_PLACEMENT_3D ( 'NONE', #5997, #9004, #2228 ) ;
#8260 = DIRECTION ( 'NONE',  ( -0.000000000000000000, -1.396592535537253342E-14, 1.000000000000000000 ) ) ;
#8261 = ORIENTED_EDGE ( 'NONE', *, *, #4937, .F. ) ;
#8262 = DIRECTION ( 'NONE',  ( -8.881784197001254296E-16, -1.000000000000000000, -7.195889974422311904E-15 ) ) ;
#8263 = CARTESIAN_POINT ( 'NONE',  ( 0.000000000000000000, 44.00000000000105160, -296.5000000000001137 ) ) ;
#8264 = AXIS2_PLACEMENT_3D ( 'NONE', #1569, #3011, #6858 ) ;
#8265 = DIRECTION ( 'NONE',  ( 0.000000000000000000, 1.000000000000000000, 1.110223024625459147E-14 ) ) ;
#8266 = CARTESIAN_POINT ( 'NONE',  ( 0.000000000000000000, 2.667491742876158377E-12, -392.5000000000006821 ) ) ;
#8267 = EDGE_LOOP ( 'NONE', ( #9430, #9439 ) ) ;
#8268 = EDGE_CURVE ( 'NONE', #2857, #466, #3683, .T. ) ;
#8269 = VERTEX_POINT ( 'NONE', #3111 ) ;
#8270 = CARTESIAN_POINT ( 'NONE',  ( 16.50000000000000355, 27.00000000000000000, -39.16631205513227343 ) ) ;
#8271 = ORIENTED_EDGE ( 'NONE', *, *, #9241, .F. ) ;
#8272 = CIRCLE ( 'NONE', #7323, 30.00000000000000000 ) ;
#8273 = AXIS2_PLACEMENT_3D ( 'NONE', #714, #5916, #8177 ) ;
#8274 = DIRECTION ( 'NONE',  ( 2.584927402981196428E-16, -1.000000000000000000, -0.000000000000000000 ) ) ;
#8275 = CARTESIAN_POINT ( 'NONE',  ( -27.00000000000000000, 87.99999999999998579, -164.4999999999997158 ) ) ;
#8276 =( BOUNDED_SURFACE ( )  B_SPLINE_SURFACE ( 3, 2, ( 
 ( #9672, #1360, #6704 ),
 ( #4468, #4571, #3839 ),
 ( #4377, #3746, #2899 ),
 ( #1507, #2152, #3042 ),
 ( #9073, #9725, #5215 ),
 ( #2101, #1557, #5964 ) ),
 .UNSPECIFIED., .F., .F., .F. ) 
 B_SPLINE_SURFACE_WITH_KNOTS ( ( 4, 2, 4 ),
 ( 3, 3 ),
 ( 0.000000000000000000, 0.004411853782887453952, 0.008823707565774907904 ),
 ( 0.000000000000000000, 1.000000000000000000 ),
 .UNSPECIFIED. ) 
 GEOMETRIC_REPRESENTATION_ITEM ( )  RATIONAL_B_SPLINE_SURFACE ( (
 ( 1.000000000000000000, 0.7071067811865476838, 1.000000000000000000),
 ( 1.000000000000000000, 0.7167217121882980546, 1.000000000000000000),
 ( 1.000000000000000000, 0.7239293624834132190, 1.000000000000000000),
 ( 1.000000000000000000, 0.7335575311262184650, 1.000000000000000000),
 ( 1.000000000000000000, 0.7359783963882945423, 1.000000000000000000),
 ( 1.000000000000000000, 0.7359800721939872004, 1.000000000000000000) ) ) 
 REPRESENTATION_ITEM ( '' )  SURFACE ( )  );
#8277 = CARTESIAN_POINT ( 'NONE',  ( 55.00000000000000000, 39.00000000000598988, -463.5000000000001137 ) ) ;
#8278 = CARTESIAN_POINT ( 'NONE',  ( 11.38463148946394732, 7.539107960879157133, 36.27672130763278346 ) ) ;
#8279 = AXIS2_PLACEMENT_3D ( 'NONE', #2742, #8169, #7236 ) ;
#8280 = ORIENTED_EDGE ( 'NONE', *, *, #5956, .T. ) ;
#8281 = CARTESIAN_POINT ( 'NONE',  ( 0.000000000000000000, 201.1999999999999886, 19.00000000000000000 ) ) ;
#8282 = ORIENTED_EDGE ( 'NONE', *, *, #9288, .T. ) ;
#8283 = ORIENTED_EDGE ( 'NONE', *, *, #6163, .F. ) ;
#8284 = DIRECTION ( 'NONE',  ( 2.584927402981196428E-16, -1.000000000000000000, -0.000000000000000000 ) ) ;
#8285 = EDGE_LOOP ( 'NONE', ( #1028, #9602, #5955, #2828, #4382 ) ) ;
#8286 = CIRCLE ( 'NONE', #6561, 6.999999999999999112 ) ;
#8287 = CARTESIAN_POINT ( 'NONE',  ( 4.291104642130176394, 42.94142576774185471, -42.28602220823160707 ) ) ;
#8288 = CARTESIAN_POINT ( 'NONE',  ( -7.326167258306617747, 12.20577207503862383, -41.86659544883396933 ) ) ;
#8289 = EDGE_CURVE ( 'NONE', #6114, #6126, #2120, .T. ) ;
#8290 = AXIS2_PLACEMENT_3D ( 'NONE', #5114, #8819, #9478 ) ;
#8291 = CARTESIAN_POINT ( 'NONE',  ( -41.90114275493441909, 20.13814537918849368, 7.123648142451762588 ) ) ;
#8292 = VECTOR ( 'NONE', #1601, 1000.000000000000000 ) ;
#8293 = CARTESIAN_POINT ( 'NONE',  ( 0.000000000000000000, 44.00000000000107292, -299.5000000000001137 ) ) ;
#8294 = CARTESIAN_POINT ( 'NONE',  ( 35.36675397411165278, 18.28168187940205414, 14.00497428739596373 ) ) ;
#8295 = DIRECTION ( 'NONE',  ( 1.000000000000000000, 0.000000000000000000, 0.000000000000000000 ) ) ;
#8296 = CYLINDRICAL_SURFACE ( 'NONE', #5245, 4.999999999995917044 ) ;
#8297 = VECTOR ( 'NONE', #856, 1000.000000000000000 ) ;
#8298 = AXIS2_PLACEMENT_3D ( 'NONE', #8071, #1295, #1935 ) ;
#8299 = VERTEX_POINT ( 'NONE', #6225 ) ;
#8300 = EDGE_CURVE ( 'NONE', #7142, #2904, #4642, .T. ) ;
#8301 = DIRECTION ( 'NONE',  ( 0.000000000000000000, 0.000000000000000000, -1.000000000000000000 ) ) ;
#8302 = VERTEX_POINT ( 'NONE', #8387 ) ;
#8303 = AXIS2_PLACEMENT_3D ( 'NONE', #188, #241, #5339 ) ;
#8304 = CARTESIAN_POINT ( 'NONE',  ( 38.89087296526012949, 77.89087296526400905, -448.4999999999995453 ) ) ;
#8305 = DIRECTION ( 'NONE',  ( 0.2618773341444586844, 4.057970900885537174E-16, -0.9651011666459592409 ) ) ;
#8306 = CARTESIAN_POINT ( 'NONE',  ( -28.61817604250836666, 7.228669348221290925, -25.00000000000000355 ) ) ;
#8307 = DIRECTION ( 'NONE',  ( 1.826024711554533667E-16, 4.720141315418149384E-32, 1.000000000000000000 ) ) ;
#8308 = VERTEX_POINT ( 'NONE', #4631 ) ;
#8309 = CARTESIAN_POINT ( 'NONE',  ( 0.000000000000000000, 30.00000000000266809, -392.5000000000002274 ) ) ;
#8310 = EDGE_CURVE ( 'NONE', #6386, #1013, #3760, .T. ) ;
#8311 = AXIS2_PLACEMENT_3D ( 'NONE', #4487, #6577, #7357 ) ;
#8312 = DIRECTION ( 'NONE',  ( -0.000000000000000000, -1.396592535537253342E-14, 1.000000000000000000 ) ) ;
#8313 = ADVANCED_FACE ( 'NONE', ( #9187 ), #6813, .T. ) ;
#8314 = CARTESIAN_POINT ( 'NONE',  ( 0.000000000000000000, 0.000000000000000000, 0.000000000000000000 ) ) ;
#8315 = DIRECTION ( 'NONE',  ( 0.000000000000000000, 6.982962677686266711E-15, -1.000000000000000000 ) ) ;
#8316 = EDGE_LOOP ( 'NONE', ( #4718, #7945 ) ) ;
#8317 = ORIENTED_EDGE ( 'NONE', *, *, #759, .T. ) ;
#8318 = CARTESIAN_POINT ( 'NONE',  ( 21.01827021308774945, 35.06300693459954942, 31.65984815808916508 ) ) ;
#8319 = ORIENTED_EDGE ( 'NONE', *, *, #9054, .F. ) ;
#8320 = AXIS2_PLACEMENT_3D ( 'NONE', #9487, #8726, #1962 ) ;
#8321 = DIRECTION ( 'NONE',  ( 1.000000000000000000, 0.000000000000000000, 0.000000000000000000 ) ) ;
#8322 = ORIENTED_EDGE ( 'NONE', *, *, #2073, .F. ) ;
#8323 = DIRECTION ( 'NONE',  ( 0.000000000000000000, 1.396592535537253342E-14, -1.000000000000000000 ) ) ;
#8324 = ADVANCED_FACE ( 'NONE', ( #5478 ), #8908, .T. ) ;
#8325 = CARTESIAN_POINT ( 'NONE',  ( -16.36609448736630767, 24.83272614251944432, 39.22249775912870007 ) ) ;
#8326 = EDGE_CURVE ( 'NONE', #5907, #2231, #7012, .T. ) ;
#8327 = DIRECTION ( 'NONE',  ( 0.6246950475544246206, -0.7808688094430300541, 0.000000000000000000 ) ) ;
#8328 = VERTEX_POINT ( 'NONE', #7849 ) ;
#8329 = AXIS2_PLACEMENT_3D ( 'NONE', #6075, #1618, #880 ) ;
#8330 = CARTESIAN_POINT ( 'NONE',  ( 0.000000000000000000, 0.000000000000000000, -10.50000000000000178 ) ) ;
#8331 = EDGE_LOOP ( 'NONE', ( #5022, #1352 ) ) ;
#8332 = VERTEX_POINT ( 'NONE', #1762 ) ;
#8333 = CARTESIAN_POINT ( 'NONE',  ( -27.00000000000000000, 1.373088835407637272E-16, -19.00000000000000000 ) ) ;
#8334 = CARTESIAN_POINT ( 'NONE',  ( 36.00000000000000711, 0.000000000000000000, 11.95826074310138054 ) ) ;
#8335 = ORIENTED_EDGE ( 'NONE', *, *, #4186, .T. ) ;
#8336 = AXIS2_PLACEMENT_3D ( 'NONE', #5924, #9080, #70 ) ;
#8337 = CYLINDRICAL_SURFACE ( 'NONE', #2269, 39.50000000000000000 ) ;
#8338 = LINE ( 'NONE', #3706, #587 ) ;
#8339 = CARTESIAN_POINT ( 'NONE',  ( -40.19332265333130039, 18.31580235979164328, 13.91473622094118312 ) ) ;
#8340 = ORIENTED_EDGE ( 'NONE', *, *, #1676, .F. ) ;
#8341 = CIRCLE ( 'NONE', #3610, 26.99999999999999645 ) ;
#8342 = CARTESIAN_POINT ( 'NONE',  ( 35.07692307692308020, 8.099967126823520047, 8.999999999999985789 ) ) ;
#8343 = FACE_OUTER_BOUND ( 'NONE', #221, .T. ) ;
#8344 = CARTESIAN_POINT ( 'NONE',  ( -35.61464024155682040, 5.426187063174174874, 11.98701582130419929 ) ) ;
#8345 = DIRECTION ( 'NONE',  ( 0.000000000000000000, -6.982962677686266711E-15, 1.000000000000000000 ) ) ;
#8346 = VECTOR ( 'NONE', #5662, 1000.000000000000114 ) ;
#8347 = ADVANCED_FACE ( 'NONE', ( #1023 ), #4781, .T. ) ;
#8348 = CIRCLE ( 'NONE', #451, 4.999999999999532818 ) ;
#8349 = VERTEX_POINT ( 'NONE', #9332 ) ;
#8350 = DIRECTION ( 'NONE',  ( 0.000000000000000000, 1.000000000000000000, -0.000000000000000000 ) ) ;
#8351 = CARTESIAN_POINT ( 'NONE',  ( 0.000000000000000000, 94.00000000000365219, -463.4999999999993747 ) ) ;
#8352 = EDGE_LOOP ( 'NONE', ( #6679, #7362, #8457, #9766 ) ) ;
#8353 = FACE_OUTER_BOUND ( 'NONE', #6473, .T. ) ;
#8354 = AXIS2_PLACEMENT_3D ( 'NONE', #2069, #2843, #6579 ) ;
#8355 = ADVANCED_FACE ( 'NONE', ( #4876 ), #5574, .T. ) ;
#8356 = DIRECTION ( 'NONE',  ( 0.000000000000000000, 1.000000000000000000, -0.000000000000000000 ) ) ;
#8357 = EDGE_CURVE ( 'NONE', #8299, #1541, #4746, .T. ) ;
#8358 = CARTESIAN_POINT ( 'NONE',  ( -35.66733504618166961, 12.61822993163664286, -23.11253619070908627 ) ) ;
#8359 = ORIENTED_EDGE ( 'NONE', *, *, #7566, .T. ) ;
#8360 =( REPRESENTATION_RELATIONSHIP ('NONE','NONE', #7863, #7209 ) REPRESENTATION_RELATIONSHIP_WITH_TRANSFORMATION ( #4199 )SHAPE_REPRESENTATION_RELATIONSHIP( ) );
#8361 = CARTESIAN_POINT ( 'NONE',  ( -42.49999999999999289, 15.41602615938555587, 20.00000000000000711 ) ) ;
#8362 = CARTESIAN_POINT ( 'NONE',  ( 5.204748896376249319E-15, 90.00000000000000000, 42.49999999999999289 ) ) ;
#8363 = DIRECTION ( 'NONE',  ( -0.6246950475544246206, 0.7808688094430300541, 0.000000000000000000 ) ) ;
#8364 = VERTEX_POINT ( 'NONE', #9728 ) ;
#8365 = EDGE_LOOP ( 'NONE', ( #5520, #449, #3090, #2725 ) ) ;
#8366 = DIRECTION ( 'NONE',  ( 0.9588197348681938292, 0.2840153447039201473, 1.983268551957674146E-15 ) ) ;
#8367 = EDGE_CURVE ( 'NONE', #2807, #2328, #4971, .T. ) ;
#8368 = ORIENTED_EDGE ( 'NONE', *, *, #8780, .T. ) ;
#8369 = EDGE_CURVE ( 'NONE', #1070, #4368, #9069, .T. ) ;
#8370 = CARTESIAN_POINT ( 'NONE',  ( 0.000000000000000000, 83.00000000000345324, -448.4999999999994884 ) ) ;
#8371 = EDGE_LOOP ( 'NONE', ( #7416, #2562, #6009, #1024 ) ) ;
#8372 = CARTESIAN_POINT ( 'NONE',  ( -38.89087296526011528, 5.109127034743343287, -448.5000000000006253 ) ) ;
#8373 = CARTESIAN_POINT ( 'NONE',  ( 64.56989347527186851, -3.230592380278102027, -235.5000000000003979 ) ) ;
#8374 = CARTESIAN_POINT ( 'NONE',  ( 13.75997936938112787, 9.183154063280168700, 35.42638025516001221 ) ) ;
#8375 = ORIENTED_EDGE ( 'NONE', *, *, #824, .F. ) ;
#8376 = CARTESIAN_POINT ( 'NONE',  ( -36.73016580209656468, 14.49168859958867728, 21.39250402686660024 ) ) ;
#8377 = VERTEX_POINT ( 'NONE', #5921 ) ;
#8378 = ORIENTED_EDGE ( 'NONE', *, *, #5798, .T. ) ;
#8379 = ORIENTED_EDGE ( 'NONE', *, *, #991, .F. ) ;
#8380 = CARTESIAN_POINT ( 'NONE',  ( 0.000000000000000000, 146.1386137946185215, 4.699999999999999289 ) ) ;
#8381 = EDGE_CURVE ( 'NONE', #3139, #4739, #5768, .T. ) ;
#8382 = DIRECTION ( 'NONE',  ( 1.224646799147351975E-16, 1.000000000000000000, 0.000000000000000000 ) ) ;
#8383 = ORIENTED_EDGE ( 'NONE', *, *, #8195, .T. ) ;
#8384 = EDGE_CURVE ( 'NONE', #2383, #655, #2057, .T. ) ;
#8385 = DIRECTION ( 'NONE',  ( 0.000000000000000000, -1.000000000000000000, -7.116814260417670090E-15 ) ) ;
#8386 = DIRECTION ( 'NONE',  ( -0.000000000000000000, 1.000000000000000000, -0.000000000000000000 ) ) ;
#8387 = CARTESIAN_POINT ( 'NONE',  ( 0.000000000000000000, 58.00000000000061817, -235.5000000000000000 ) ) ;
#8388 = EDGE_LOOP ( 'NONE', ( #9270, #8127, #5318, #1594 ) ) ;
#8389 = CARTESIAN_POINT ( 'NONE',  ( 0.000000000000000000, 44.00000000000131450, -334.5000000000000000 ) ) ;
#8390 = DIRECTION ( 'NONE',  ( 0.000000000000000000, 1.000000000000000000, 6.982962677686265922E-15 ) ) ;
#8391 = DIRECTION ( 'NONE',  ( -2.584927402981196428E-16, 1.000000000000000000, 0.000000000000000000 ) ) ;
#8392 = CARTESIAN_POINT ( 'NONE',  ( 38.25142132890805158, 7.323256995510624812, -9.000000000000023093 ) ) ;
#8393 = ORIENTED_EDGE ( 'NONE', *, *, #3648, .T. ) ;
#8394 = FACE_OUTER_BOUND ( 'NONE', #3598, .T. ) ;
#8395 = VECTOR ( 'NONE', #2746, 1000.000000000000000 ) ;
#8396 = LINE ( 'NONE', #4111, #2428 ) ;
#8397 = EDGE_LOOP ( 'NONE', ( #854, #5823 ) ) ;
#8398 = CYLINDRICAL_SURFACE ( 'NONE', #612, 27.00000000000000000 ) ;
#8399 = PRODUCT_CONTEXT ( 'NONE', #9058, 'mechanical' ) ;
#8400 = CARTESIAN_POINT ( 'NONE',  ( -16.36569881887536226, 29.17062049216082542, 39.22266318475575275 ) ) ;
#8401 = AXIS2_PLACEMENT_3D ( 'NONE', #1642, #6982, #999 ) ;
#8402 = CARTESIAN_POINT ( 'NONE',  ( 34.36931771216879383, 6.755772121541169462, 25.00000000000000000 ) ) ;
#8403 = ORIENTED_EDGE ( 'NONE', *, *, #649, .F. ) ;
#8404 = DIRECTION ( 'NONE',  ( -0.000000000000000000, 0.000000000000000000, 1.000000000000000000 ) ) ;
#8405 = EDGE_CURVE ( 'NONE', #9149, #1107, #9229, .T. ) ;
#8406 = DIRECTION ( 'NONE',  ( 0.000000000000000000, 1.000000000000000000, 6.938893903907229955E-15 ) ) ;
#8407 = AXIS2_PLACEMENT_3D ( 'NONE', #3433, #8752, #5004 ) ;
#8408 = AXIS2_PLACEMENT_3D ( 'NONE', #6237, #8356, #6187 ) ;
#8409 = FACE_OUTER_BOUND ( 'NONE', #1924, .T. ) ;
#8410 = ORIENTED_EDGE ( 'NONE', *, *, #1430, .T. ) ;
#8411 = ORIENTED_EDGE ( 'NONE', *, *, #9641, .F. ) ;
#8412 = CARTESIAN_POINT ( 'NONE',  ( 0.000000000000000000, 0.000000000000000000, -53.50000000000000000 ) ) ;
#8413 = ORIENTED_EDGE ( 'NONE', *, *, #396, .F. ) ;
#8414 = CARTESIAN_POINT ( 'NONE',  ( 0.000000000000000000, 71.09999999999999432, 0.000000000000000000 ) ) ;
#8415 = DIRECTION ( 'NONE',  ( 0.000000000000000000, 1.396592535537253342E-14, -1.000000000000000000 ) ) ;
#8416 = AXIS2_PLACEMENT_3D ( 'NONE', #5205, #4556, #3133 ) ;
#8417 = VERTEX_POINT ( 'NONE', #523 ) ;
#8418 = CARTESIAN_POINT ( 'NONE',  ( -42.49999999999999289, 6.755772121541169462, 15.00000000000000178 ) ) ;
#8419 = CARTESIAN_POINT ( 'NONE',  ( 0.000000000000000000, 201.1999999999999886, 19.00000000000000000 ) ) ;
#8420 = EDGE_CURVE ( 'NONE', #2421, #8431, #4331, .T. ) ;
#8421 = CARTESIAN_POINT ( 'NONE',  ( 35.07692307692307310, 8.099967126823511165, -12.00000000000001421 ) ) ;
#8422 = ORIENTED_EDGE ( 'NONE', *, *, #3067, .T. ) ;
#8423 = CARTESIAN_POINT ( 'NONE',  ( -0.3807536401470236198, 4.499999999999993783, -38.00000000000002842 ) ) ;
#8424 = ORIENTED_EDGE ( 'NONE', *, *, #1912, .T. ) ;
#8425 = ORIENTED_EDGE ( 'NONE', *, *, #3361, .F. ) ;
#8426 = AXIS2_PLACEMENT_3D ( 'NONE', #8488, #6905, #4535 ) ;
#8427 = FACE_OUTER_BOUND ( 'NONE', #9300, .T. ) ;
#8428 = VECTOR ( 'NONE', #6221, 1000.000000000000000 ) ;
#8429 = CARTESIAN_POINT ( 'NONE',  ( 24.91987158875423347, 30.00000000000000000, -9.000000000000005329 ) ) ;
#8430 = CARTESIAN_POINT ( 'NONE',  ( 16.50000000000000355, 27.00000000000000000, -42.49999999999999289 ) ) ;
#8431 = VERTEX_POINT ( 'NONE', #3551 ) ;
#8432 = DIRECTION ( 'NONE',  ( -0.000000000000000000, -0.000000000000000000, -1.000000000000000000 ) ) ;
#8433 = CARTESIAN_POINT ( 'NONE',  ( -18.49218940641788578, 50.00000000000000000, -6.000000000000002665 ) ) ;
#8434 = EDGE_CURVE ( 'NONE', #8739, #8328, #1954, .T. ) ;
#8435 = ADVANCED_FACE ( 'NONE', ( #9525 ), #3695, .F. ) ;
#8436 = CARTESIAN_POINT ( 'NONE',  ( 45.71792120140233351, 41.02566303887812893, 1.570487309227065920 ) ) ;
#8437 = VERTEX_POINT ( 'NONE', #8926 ) ;
#8438 = CARTESIAN_POINT ( 'NONE',  ( 38.75000000000000711, 2.780653090851196070E-15, 8.968695557326034518 ) ) ;
#8439 = PLANE ( 'NONE',  #7240 ) ;
#8440 = AXIS2_PLACEMENT_3D ( 'NONE', #2382, #9158, #6877 ) ;
#8441 = LINE ( 'NONE', #9191, #4252 ) ;
#8442 = DIRECTION ( 'NONE',  ( 0.000000000000000000, 1.396592535537253342E-14, -1.000000000000000000 ) ) ;
#8443 = EDGE_LOOP ( 'NONE', ( #1254, #9333 ) ) ;
#8444 = AXIS2_PLACEMENT_3D ( 'NONE', #7811, #1212, #1032 ) ;
#8445 = AXIS2_PLACEMENT_3D ( 'NONE', #3958, #3208, #4735 ) ;
#8446 = ADVANCED_FACE ( 'NONE', ( #4381 ), #6564, .T. ) ;
#8447 = CARTESIAN_POINT ( 'NONE',  ( 34.51751045525497119, -10.22455240934112553, 7.500000000000000000 ) ) ;
#8448 = EDGE_CURVE ( 'NONE', #1541, #357, #9455, .T. ) ;
#8449 = CARTESIAN_POINT ( 'NONE',  ( -35.37782300511270961, 6.796919414599194909, -9.080507977798696118 ) ) ;
#8450 = EDGE_LOOP ( 'NONE', ( #664, #6372 ) ) ;
#8451 = CYLINDRICAL_SURFACE ( 'NONE', #8189, 36.00000000000000000 ) ;
#8452 = CONTEXT_DEPENDENT_SHAPE_REPRESENTATION ( #3055, #2559 ) ;
#8453 = CARTESIAN_POINT ( 'NONE',  ( -15.96163333014218999, 31.32034021854478922, 39.38946879716052507 ) ) ;
#8454 = CIRCLE ( 'NONE', #4053, 3.000000000000001332 ) ;
#8455 = AXIS2_PLACEMENT_3D ( 'NONE', #4555, #7771, #3131 ) ;
#8456 = CARTESIAN_POINT ( 'NONE',  ( 35.07692307692307310, 8.099967126823511165, -12.00000000000001421 ) ) ;
#8457 = ORIENTED_EDGE ( 'NONE', *, *, #5573, .T. ) ;
#8458 = CARTESIAN_POINT ( 'NONE',  ( 16.50000000000000711, 25.89761236152577339, 39.16631205513227343 ) ) ;
#8459 = AXIS2_PLACEMENT_3D ( 'NONE', #5691, #8691, #1922 ) ;
#8460 = FACE_OUTER_BOUND ( 'NONE', #5814, .T. ) ;
#8461 = DIRECTION ( 'NONE',  ( -1.000000000000000000, -0.000000000000000000, 0.000000000000000000 ) ) ;
#8462 = ORIENTED_EDGE ( 'NONE', *, *, #6800, .F. ) ;
#8463 = ADVANCED_BREP_SHAPE_REPRESENTATION ( '', ( #2372, #3150 ), #9458 ) ;
#8464 = EDGE_LOOP ( 'NONE', ( #3047, #7412 ) ) ;
#8465 = LINE ( 'NONE', #5554, #7144 ) ;
#8466 = ORIENTED_EDGE ( 'NONE', *, *, #7474, .F. ) ;
#8467 = DIRECTION ( 'NONE',  ( -1.000000000000000000, -2.584927402981195935E-16, 0.000000000000000000 ) ) ;
#8468 = LINE ( 'NONE', #7632, #8297 ) ;
#8469 = EDGE_CURVE ( 'NONE', #4192, #9042, #4616, .T. ) ;
#8470 = AXIS2_PLACEMENT_3D ( 'NONE', #9588, #2667, #1172 ) ;
#8471 = VERTEX_POINT ( 'NONE', #3749 ) ;
#8472 = CARTESIAN_POINT ( 'NONE',  ( 2.169179088813576239, 43.39343030356183561, 42.45827311465782827 ) ) ;
#8473 = CYLINDRICAL_SURFACE ( 'NONE', #5772, 39.99999999999999289 ) ;
#8474 = UNCERTAINTY_MEASURE_WITH_UNIT (LENGTH_MEASURE( 1.000000000000000082E-05 ), #7529, 'distance_accuracy_value', 'NONE');
#8475 = LINE ( 'NONE', #1800, #3058 ) ;
#8476 = ORIENTED_EDGE ( 'NONE', *, *, #7548, .F. ) ;
#8477 = DIRECTION ( 'NONE',  ( -0.000000000000000000, 1.396592535537253342E-14, -1.000000000000000000 ) ) ;
#8478 = ORIENTED_EDGE ( 'NONE', *, *, #3437, .F. ) ;
#8479 = ORIENTED_EDGE ( 'NONE', *, *, #7409, .F. ) ;
#8480 = CIRCLE ( 'NONE', #7365, 30.00000000000000000 ) ;
#8481 = FACE_OUTER_BOUND ( 'NONE', #4104, .T. ) ;
#8482 = CARTESIAN_POINT ( 'NONE',  ( 41.37728875656487304, 19.58012041949304916, -9.743372019524187522 ) ) ;
#8483 = FACE_OUTER_BOUND ( 'NONE', #7086, .T. ) ;
#8484 = ORIENTED_EDGE ( 'NONE', *, *, #8243, .T. ) ;
#8485 = EDGE_CURVE ( 'NONE', #1413, #7934, #543, .T. ) ;
#8486 = DIRECTION ( 'NONE',  ( 0.000000000000000000, 1.000000000000000000, 1.387778780781445991E-14 ) ) ;
#8487 = CARTESIAN_POINT ( 'NONE',  ( 0.000000000000000000, 201.1999999999999886, -19.00000000000000000 ) ) ;
#8488 = CARTESIAN_POINT ( 'NONE',  ( 0.000000000000000000, 44.00000000000000000, -68.50000000000000000 ) ) ;
#8489 = ORIENTED_EDGE ( 'NONE', *, *, #1153, .T. ) ;
#8490 = CARTESIAN_POINT ( 'NONE',  ( 35.61183127811513316, 5.447521708497213844, 9.128065913155827715 ) ) ;
#8491 = CARTESIAN_POINT ( 'NONE',  ( 0.000000000000000000, 44.00000000000107292, -299.5000000000001137 ) ) ;
#8492 = CARTESIAN_POINT ( 'NONE',  ( 0.000000000000000000, 66.90000000000000568, -42.49999999999999289 ) ) ;
#8493 = CIRCLE ( 'NONE', #7074, 40.00000000000000711 ) ;
#8494 = DIRECTION ( 'NONE',  ( 0.000000000000000000, 1.000000000000000000, 7.709882115452475800E-15 ) ) ;
#8495 = EDGE_CURVE ( 'NONE', #7680, #7775, #223, .T. ) ;
#8496 = ADVANCED_FACE ( 'NONE', ( #7491, #9177 ), #3948, .T. ) ;
#8497 = ORIENTED_EDGE ( 'NONE', *, *, #7845, .T. ) ;
#8498 = CARTESIAN_POINT ( 'NONE',  ( 0.000000000000000000, 44.00000000000000000, -103.5000000000000142 ) ) ;
#8499 = CARTESIAN_POINT ( 'NONE',  ( -36.00000000000000711, 1.360878165055775746, -11.95826074310523346 ) ) ;
#8500 = EDGE_LOOP ( 'NONE', ( #5760, #821, #3996, #1456 ) ) ;
#8501 = DIRECTION ( 'NONE',  ( 0.000000000000000000, -1.000000000000000000, -1.110223024625260355E-14 ) ) ;
#8502 = ITEM_DEFINED_TRANSFORMATION ( 'NONE', 'NONE', #5671,  #3150 ) ;
#8503 = FACE_OUTER_BOUND ( 'NONE', #5321, .T. ) ;
#8504 = EDGE_CURVE ( 'NONE', #1942, #721, #5434, .T. ) ;
#8505 = AXIS2_PLACEMENT_3D ( 'NONE', #439, #1228, #390 ) ;
#8506 = CARTESIAN_POINT ( 'NONE',  ( 0.000000000000000000, 2.000000000000029310, -16.89999999999999858 ) ) ;
#8507 = EDGE_LOOP ( 'NONE', ( #3092, #7013, #2659, #9681 ) ) ;
#8508 = AXIS2_PLACEMENT_3D ( 'NONE', #1984, #550, #4998 ) ;
#8509 = CARTESIAN_POINT ( 'NONE',  ( 12.04016431072277804, 15.70539074165086113, 40.76074065352489839 ) ) ;
#8510 = CARTESIAN_POINT ( 'NONE',  ( -8.000000000000000000, 0.000000000000000000, 4.699999999999999289 ) ) ;
#8511 = AXIS2_PLACEMENT_3D ( 'NONE', #9484, #7999, #5825 ) ;
#8512 = CARTESIAN_POINT ( 'NONE',  ( -10.10371969108026136, 6.882855846265419686, 36.63827787320531115 ) ) ;
#8513 = ORIENTED_EDGE ( 'NONE', *, *, #1346, .T. ) ;
#8514 = ORIENTED_EDGE ( 'NONE', *, *, #6215, .F. ) ;
#8515 = CARTESIAN_POINT ( 'NONE',  ( 55.00000000000000000, 44.00000000000364508, -463.5000000000000568 ) ) ;
#8516 = CARTESIAN_POINT ( 'NONE',  ( 5.204748896376249319E-15, 71.09999999999999432, 42.49999999999999289 ) ) ;
#8517 = CARTESIAN_POINT ( 'NONE',  ( 0.000000000000000000, 44.00000000000051870, -220.5000000000000284 ) ) ;
#8518 = CARTESIAN_POINT ( 'NONE',  ( -8.000000000000000000, 146.1386137946185215, 4.699999999999999289 ) ) ;
#8519 = CARTESIAN_POINT ( 'NONE',  ( 0.000000000000000000, 99.00000000000365219, -463.4999999999993179 ) ) ;
#8520 = ORIENTED_EDGE ( 'NONE', *, *, #15, .T. ) ;
#8521 = DIRECTION ( 'NONE',  ( 0.000000000000000000, 6.982962677686266711E-15, -1.000000000000000000 ) ) ;
#8522 = DIRECTION ( 'NONE',  ( -0.000000000000000000, -1.396592535537253342E-14, 1.000000000000000000 ) ) ;
#8523 = DIRECTION ( 'NONE',  ( 0.000000000000000000, 0.000000000000000000, 1.000000000000000000 ) ) ;
#8524 = ORIENTED_EDGE ( 'NONE', *, *, #8310, .T. ) ;
#8525 = CARTESIAN_POINT ( 'NONE',  ( 38.68759559582433383, 2.941038293923120772, 8.974564642706436501 ) ) ;
#8526 = ORIENTED_EDGE ( 'NONE', *, *, #7622, .T. ) ;
#8527 = ORIENTED_EDGE ( 'NONE', *, *, #3205, .F. ) ;
#8528 = CARTESIAN_POINT ( 'NONE',  ( 42.25804758262522398, 20.51784375767984159, 4.551125710562154758 ) ) ;
#8529 = PLANE ( 'NONE',  #4065 ) ;
#8530 = ORIENTED_EDGE ( 'NONE', *, *, #2653, .F. ) ;
#8531 = DIRECTION ( 'NONE',  ( 0.000000000000000000, 6.982962677686266711E-15, -1.000000000000000000 ) ) ;
#8532 = PRODUCT_DEFINITION_SHAPE ( 'NONE', 'NONE',  #9797 ) ;
#8533 = DIRECTION ( 'NONE',  ( 0.000000000000000000, 1.000000000000000000, 0.000000000000000000 ) ) ;
#8534 = B_SPLINE_CURVE_WITH_KNOTS ( 'NONE', 3,
 ( #1806, #1016, #8618, #920, #1709, #7793, #7140, #4729, #2550, #6214, #8528, #7052, #9232, #9281, #1658, #3998, #2456, #368, #3952, #4775, #7697, #6950, #8482, #7748, #7841, #4092, #9373, #5470, #6265, #2508 ),
 .UNSPECIFIED., .F., .F.,
 ( 4, 2, 2, 2, 2, 2, 2, 2, 2, 2, 2, 2, 2, 2, 4 ),
 ( 0.006800335373509422410, 0.01220366941806612024, 0.01490533644034447436, 0.01760700346262282848, 0.02301033750717954018, 0.02436117101831871204, 0.02571200452945788736, 0.02841367155173623801, 0.03381700559629293584, 0.03516783910743211117, 0.03651867261857127955, 0.03922033964084963714, 0.04462367368540633844, 0.04732534070768468909, 0.05002700772996305362 ),
 .UNSPECIFIED. ) ;
#8535 = CARTESIAN_POINT ( 'NONE',  ( 39.87408514266326875, 45.70073188586938784, -6.000000000000015099 ) ) ;
#8536 = ADVANCED_FACE ( 'NONE', ( #6946, #5218 ), #768, .F. ) ;
#8537 = VERTEX_POINT ( 'NONE', #2400 ) ;
#8538 = FACE_OUTER_BOUND ( 'NONE', #708, .T. ) ;
#8539 = DIRECTION ( 'NONE',  ( 1.000000000000000000, -4.309547341991526830E-49, -1.826024711554533667E-16 ) ) ;
#8540 = DIRECTION ( 'NONE',  ( -0.2840153447039201473, 0.9588197348681938292, 1.339080484642727785E-14 ) ) ;
#8541 = CARTESIAN_POINT ( 'NONE',  ( 29.48374795605156251, 11.18990534293353178, 23.97420374438103963 ) ) ;
#8542 = EDGE_CURVE ( 'NONE', #9215, #9664, #5595, .T. ) ;
#8544 = CARTESIAN_POINT ( 'NONE',  ( -35.38612840771834556, 6.760952852634279253, -11.99999999927687000 ) ) ;
#8543 =( REPRESENTATION_RELATIONSHIP ('NONE','NONE', #7863, #6891 ) REPRESENTATION_RELATIONSHIP_WITH_TRANSFORMATION ( #245 )SHAPE_REPRESENTATION_RELATIONSHIP( ) );
#8545 = ORIENTED_EDGE ( 'NONE', *, *, #7814, .T. ) ;
#8546 = CARTESIAN_POINT ( 'NONE',  ( -2.967619499665524536E-19, 10.49999999999999645, -42.49999999999999289 ) ) ;
#8547 = CARTESIAN_POINT ( 'NONE',  ( -38.00000000000000000, 30.00000000000000000, 0.000000000000000000 ) ) ;
#8548 = PRODUCT_DEFINITION_SHAPE ( 'NONE', 'NONE',  #9794 ) ;
#8549 = DIRECTION ( 'NONE',  ( 0.000000000000000000, 6.982962677686266711E-15, -1.000000000000000000 ) ) ;
#8550 = ORIENTED_EDGE ( 'NONE', *, *, #2822, .F. ) ;
#8551 = AXIS2_PLACEMENT_3D ( 'NONE', #4763, #7878, #1093 ) ;
#8552 = CARTESIAN_POINT ( 'NONE',  ( 16.50000000000000355, 27.00000000000000355, 39.16631205513227343 ) ) ;
#8553 = EDGE_CURVE ( 'NONE', #3886, #9022, #6210, .T. ) ;
#8554 = CARTESIAN_POINT ( 'NONE',  ( -37.73924663238853583, 20.52735661889738239, 4.535840349447382458 ) ) ;
#8555 = EDGE_CURVE ( 'NONE', #464, #9492, #6113, .T. ) ;
#8556 = CARTESIAN_POINT ( 'NONE',  ( -18.49218940641788933, 57.00000000000000000, -9.000000000000003553 ) ) ;
#8557 = VERTEX_POINT ( 'NONE', #4471 ) ;
#8558 =( LENGTH_UNIT ( ) NAMED_UNIT ( * ) SI_UNIT ( .MILLI., .METRE. ) );
#8559 = CARTESIAN_POINT ( 'NONE',  ( 19.00000000000000000, 44.00000000000000000, 45.50000000000000000 ) ) ;
#8560 = CIRCLE ( 'NONE', #6826, 36.00000000000000000 ) ;
#8561 = EDGE_LOOP ( 'NONE', ( #1000, #6036, #9435, #4870, #3881, #3119 ) ) ;
#8562 = FACE_BOUND ( 'NONE', #8464, .T. ) ;
#8563 = DIRECTION ( 'NONE',  ( -0.000000000000000000, -0.000000000000000000, -1.000000000000000000 ) ) ;
#8564 = ORIENTED_EDGE ( 'NONE', *, *, #1375, .T. ) ;
#8565 = DIRECTION ( 'NONE',  ( -1.000000000000000000, 0.000000000000000000, -0.000000000000000000 ) ) ;
#8566 = AXIS2_PLACEMENT_3D ( 'NONE', #9363, #1933, #7883 ) ;
#8567 = DIRECTION ( 'NONE',  ( 0.000000000000000000, -1.000000000000000000, 0.000000000000000000 ) ) ;
#8568 = PRODUCT_DEFINITION_CONTEXT ( 'detailed design', #7600, 'design' ) ;
#8569 = EDGE_CURVE ( 'NONE', #9664, #9215, #8116, .T. ) ;
#8570 = CARTESIAN_POINT ( 'NONE',  ( 10.57375552197755475, 170.6856313243669092, -8.999999999999998224 ) ) ;
#8571 = ORIENTED_EDGE ( 'NONE', *, *, #5336, .T. ) ;
#8572 = DIRECTION ( 'NONE',  ( -0.000000000000000000, -1.396592535537253342E-14, 1.000000000000000000 ) ) ;
#8573 = ORIENTED_EDGE ( 'NONE', *, *, #3968, .F. ) ;
#8574 = ORIENTED_EDGE ( 'NONE', *, *, #2143, .F. ) ;
#8575 = CARTESIAN_POINT ( 'NONE',  ( 0.000000000000000000, 2.918878399272864281E-12, -410.5000000000006821 ) ) ;
#8576 = EDGE_LOOP ( 'NONE', ( #8998, #3029, #6634, #8135 ) ) ;
#8577 = CIRCLE ( 'NONE', #9528, 36.00000000000000000 ) ;
#8578 = AXIS2_PLACEMENT_3D ( 'NONE', #8845, #6486, #5040 ) ;
#8579 = CIRCLE ( 'NONE', #2261, 3.000000000000002665 ) ;
#8580 = DIRECTION ( 'NONE',  ( -1.000000000000000000, 0.000000000000000000, 0.000000000000000000 ) ) ;
#8581 = CARTESIAN_POINT ( 'NONE',  ( 36.00000000000000000, 1.360878165056686129, 11.95826074310138587 ) ) ;
#8582 = VECTOR ( 'NONE', #8072, 1000.000000000000000 ) ;
#8583 = AXIS2_PLACEMENT_3D ( 'NONE', #2362, #2408, #7799 ) ;
#8584 = CARTESIAN_POINT ( 'NONE',  ( -8.079183013535811142, 48.01238146267233020, -37.13776661088446218 ) ) ;
#8585 = ORIENTED_EDGE ( 'NONE', *, *, #1780, .F. ) ;
#8586 = EDGE_LOOP ( 'NONE', ( #2012, #1173, #957, #1634, #8913, #3038, #4909, #458, #5618 ) ) ;
#8587 = CARTESIAN_POINT ( 'NONE',  ( 0.000000000000000000, 66.90000000000000568, 0.000000000000000000 ) ) ;
#8588 = CARTESIAN_POINT ( 'NONE',  ( 4.592425496802574367E-15, 8.000000000000277112, -185.5000000000002842 ) ) ;
#8589 = ORIENTED_EDGE ( 'NONE', *, *, #6031, .F. ) ;
#8590 = CARTESIAN_POINT ( 'NONE',  ( -64.56989347527186851, -3.230592380279007081, -106.5000000000003411 ) ) ;
#8591 = AXIS2_PLACEMENT_3D ( 'NONE', #1184, #9400, #3370 ) ;
#8592 = EDGE_CURVE ( 'NONE', #466, #366, #8871, .T. ) ;
#8593 = EDGE_CURVE ( 'NONE', #5451, #5581, #2432, .T. ) ;
#8594 = CARTESIAN_POINT ( 'NONE',  ( 22.19480941164893295, 23.23224412438062814, -30.84516011080586395 ) ) ;
#8595 = CARTESIAN_POINT ( 'NONE',  ( 4.776122516674677878E-15, 5.000000000002925660, -410.5000000000006253 ) ) ;
#8596 = EDGE_CURVE ( 'NONE', #9064, #9393, #4772, .T. ) ;
#8597 = VECTOR ( 'NONE', #9005, 1000.000000000000000 ) ;
#8598 =( REPRESENTATION_RELATIONSHIP ('NONE','NONE', #7863, #6533 ) REPRESENTATION_RELATIONSHIP_WITH_TRANSFORMATION ( #2672 )SHAPE_REPRESENTATION_RELATIONSHIP( ) );
#8599 = ORIENTED_EDGE ( 'NONE', *, *, #2985, .T. ) ;
#8600 = LINE ( 'NONE', #9350, #7834 ) ;
#8601 = DIRECTION ( 'NONE',  ( 0.000000000000000000, 0.000000000000000000, 1.000000000000000000 ) ) ;
#8602 = VECTOR ( 'NONE', #6606, 1000.000000000000000 ) ;
#8603 = CARTESIAN_POINT ( 'NONE',  ( -3.023454826332682810, 4.653851154962085346, 37.90833102813429889 ) ) ;
#8604 = VERTEX_POINT ( 'NONE', #6310 ) ;
#8605 = CARTESIAN_POINT ( 'NONE',  ( 36.00000000000000000, 4.408728476930470856E-15, 19.00000000000000000 ) ) ;
#8606 = ORIENTED_EDGE ( 'NONE', *, *, #3771, .T. ) ;
#8607 = DIRECTION ( 'NONE',  ( 0.000000000000000000, -0.000000000000000000, 1.000000000000000000 ) ) ;
#8608 = ADVANCED_FACE ( 'NONE', ( #9277 ), #7838, .F. ) ;
#8609 = ORIENTED_EDGE ( 'NONE', *, *, #8420, .T. ) ;
#8610 = DIRECTION ( 'NONE',  ( 0.000000000000000000, 6.982962677686266711E-15, -1.000000000000000000 ) ) ;
#8611 = AXIS2_PLACEMENT_3D ( 'NONE', #6396, #4904, #1143 ) ;
#8612 = FACE_OUTER_BOUND ( 'NONE', #6775, .T. ) ;
#8613 = LINE ( 'NONE', #1841, #9048 ) ;
#8614 = ORIENTED_EDGE ( 'NONE', *, *, #8840, .F. ) ;
#8615 = CARTESIAN_POINT ( 'NONE',  ( -34.36931771216878673, 6.755772121541200548, 25.00000000000000000 ) ) ;
#8616 = ORIENTED_EDGE ( 'NONE', *, *, #5427, .T. ) ;
#8617 = ORIENTED_EDGE ( 'NONE', *, *, #4756, .T. ) ;
#8618 = CARTESIAN_POINT ( 'NONE',  ( 38.94869322905374531, 16.98010561487541992, 17.09184633292327149 ) ) ;
#8619 = CIRCLE ( 'NONE', #93, 13.00000000000000178 ) ;
#8620 = EDGE_LOOP ( 'NONE', ( #1627, #1018 ) ) ;
#8621 = EDGE_CURVE ( 'NONE', #8302, #2373, #8272, .T. ) ;
#8622 = EDGE_CURVE ( 'NONE', #8471, #5171, #3071, .T. ) ;
#8623 = CARTESIAN_POINT ( 'NONE',  ( 0.000000000000000000, 82.00000000000000000, -14.89999999999999680 ) ) ;
#8624 = LINE ( 'NONE', #474, #7347 ) ;
#8625 = CIRCLE ( 'NONE', #9428, 42.49999999999999289 ) ;
#8626 = CARTESIAN_POINT ( 'NONE',  ( 33.50000000000002842, -95.70788891204317395, -1.396097351027982582E-14 ) ) ;
#8627 = ORIENTED_EDGE ( 'NONE', *, *, #991, .T. ) ;
#8628 = VERTEX_POINT ( 'NONE', #9323 ) ;
#8629 = PRODUCT ( 'piston', 'piston', '', ( #8399 ) ) ;
#8630 = CARTESIAN_POINT ( 'NONE',  ( 35.07692307692307310, 8.099967126823520047, -12.00000000000001421 ) ) ;
#8631 = FACE_OUTER_BOUND ( 'NONE', #4512, .T. ) ;
#8632 = ORIENTED_EDGE ( 'NONE', *, *, #1768, .F. ) ;
#8633 = FACE_OUTER_BOUND ( 'NONE', #607, .T. ) ;
#8634 = VECTOR ( 'NONE', #2520, 1000.000000000000000 ) ;
#8635 = ORIENTED_EDGE ( 'NONE', *, *, #951, .F. ) ;
#8636 = VECTOR ( 'NONE', #4661, 1000.000000000000000 ) ;
#8637 = DIRECTION ( 'NONE',  ( 0.000000000000000000, -6.982962677686266711E-15, 1.000000000000000000 ) ) ;
#8638 = EDGE_CURVE ( 'NONE', #5373, #4128, #6744, .T. ) ;
#8639 = B_SPLINE_CURVE_WITH_KNOTS ( 'NONE', 3,
 ( #9741, #829, #2219, #9143, #2415, #2368 ),
 .UNSPECIFIED., .F., .F.,
 ( 4, 2, 4 ),
 ( 5.204170427930421283E-18, 0.004403506556374447989, 0.008807013112748890774 ),
 .UNSPECIFIED. ) ;
#8640 = DIRECTION ( 'NONE',  ( -0.2840153447039201473, -0.9588197348681938292, -6.695402423213638926E-15 ) ) ;
#8641 = DIRECTION ( 'NONE',  ( 1.000000000000000000, 0.000000000000000000, 0.000000000000000000 ) ) ;
#8642 =( BOUNDED_CURVE ( )  B_SPLINE_CURVE ( 3, ( #2493, #7972, #4213, #7226 ),
 .UNSPECIFIED., .F., .T. ) 
 B_SPLINE_CURVE_WITH_KNOTS ( ( 4, 4 ),
 ( 3.141592653589793116, 6.283185307179586232 ),
 .UNSPECIFIED. ) 
 CURVE ( )  GEOMETRIC_REPRESENTATION_ITEM ( )  RATIONAL_B_SPLINE_CURVE ( ( 1.000000000000000000, 0.3333333333333333703, 0.3333333333333333703, 1.000000000000000000 ) ) 
 REPRESENTATION_ITEM ( '' )  );
#8643 = AXIS2_PLACEMENT_3D ( 'NONE', #2403, #1708, #4578 ) ;
#8644 = ORIENTED_EDGE ( 'NONE', *, *, #9483, .F. ) ;
#8645 = CARTESIAN_POINT ( 'NONE',  ( -38.00000000000000000, 8.774964387392113707, -9.000000000000000000 ) ) ;
#8646 = CARTESIAN_POINT ( 'NONE',  ( 19.06600245133624583, 38.96897268483795784, -32.87401422602325596 ) ) ;
#8647 = EDGE_CURVE ( 'NONE', #2284, #7238, #9542, .T. ) ;
#8648 = CARTESIAN_POINT ( 'NONE',  ( -22.19766113337026781, 23.24935298771467984, 30.84310164621281913 ) ) ;
#8649 = EDGE_LOOP ( 'NONE', ( #8466, #5307, #110, #4782 ) ) ;
#8650 = EDGE_CURVE ( 'NONE', #1055, #3666, #3869, .T. ) ;
#8651 = DIRECTION ( 'NONE',  ( 0.000000000000000000, 0.000000000000000000, 1.000000000000000000 ) ) ;
#8652 = VECTOR ( 'NONE', #7071, 1000.000000000000000 ) ;
#8653 = DIRECTION ( 'NONE',  ( -0.7392267379790691262, 0.6734566280443192721, -1.445622071116847460E-16 ) ) ;
#8654 = CARTESIAN_POINT ( 'NONE',  ( 0.000000000000000000, 80.00000000000106581, -299.4999999999998295 ) ) ;
#8655 = CARTESIAN_POINT ( 'NONE',  ( -30.00000000000000000, 3.673940397442059178E-15, -7.500000000000001776 ) ) ;
#8656 = CARTESIAN_POINT ( 'NONE',  ( -47.00000000000000711, 40.00000000000001421, -1.027104492632191279 ) ) ;
#8657 = DIRECTION ( 'NONE',  ( 0.000000000000000000, -1.000000000000000000, -1.110223024625459147E-14 ) ) ;
#8658 = ORIENTED_EDGE ( 'NONE', *, *, #8147, .T. ) ;
#8659 = CARTESIAN_POINT ( 'NONE',  ( 0.000000000000000000, 87.99999999999982947, -121.4999999999997158 ) ) ;
#8660 = CIRCLE ( 'NONE', #1872, 39.00000000000000000 ) ;
#8661 = CARTESIAN_POINT ( 'NONE',  ( 0.000000000000000000, 59.50000000000000000, 0.000000000000000000 ) ) ;
#8662 = UNCERTAINTY_MEASURE_WITH_UNIT (LENGTH_MEASURE( 1.000000000000000082E-05 ), #4180, 'distance_accuracy_value', 'NONE');
#8663 = DIRECTION ( 'NONE',  ( -0.000000000000000000, -1.000000000000000000, -0.000000000000000000 ) ) ;
#8664 = EDGE_LOOP ( 'NONE', ( #6593, #7188, #3919, #7389 ) ) ;
#8665 = PRODUCT_DEFINITION_FORMATION_WITH_SPECIFIED_SOURCE ( 'ANY', '', #3351, .NOT_KNOWN. ) ;
#8666 = DIRECTION ( 'NONE',  ( 1.000000000000000000, 0.000000000000000000, 0.000000000000000000 ) ) ;
#8667 = EDGE_LOOP ( 'NONE', ( #1393, #4680, #3350, #6605 ) ) ;
#8668 = EDGE_CURVE ( 'NONE', #5807, #4155, #1102, .T. ) ;
#8669 = EDGE_LOOP ( 'NONE', ( #5566, #4865, #3197, #7118 ) ) ;
#8670 = LINE ( 'NONE', #1898, #6622 ) ;
#8671 = DIRECTION ( 'NONE',  ( 0.000000000000000000, -6.982962677686266711E-15, 1.000000000000000000 ) ) ;
#8672 = EDGE_LOOP ( 'NONE', ( #8378, #6897, #8875, #9114 ) ) ;
#8673 = VECTOR ( 'NONE', #2211, 1000.000000000000000 ) ;
#8674 = FACE_OUTER_BOUND ( 'NONE', #3805, .T. ) ;
#8675 = CARTESIAN_POINT ( 'NONE',  ( 24.91987158875423347, 30.00000000000000000, 8.999999999999994671 ) ) ;
#8676 = CARTESIAN_POINT ( 'NONE',  ( 39.17830965037607172, 42.72969364401196657, -9.000000000000014211 ) ) ;
#8677 = ORIENTED_EDGE ( 'NONE', *, *, #237, .T. ) ;
#8678 = ADVANCED_FACE ( 'NONE', ( #4042 ), #1895, .T. ) ;
#8679 = ORIENTED_EDGE ( 'NONE', *, *, #2276, .T. ) ;
#8680 = LINE ( 'NONE', #4102, #6911 ) ;
#8681 = EDGE_CURVE ( 'NONE', #7775, #7680, #855, .T. ) ;
#8682 = DIRECTION ( 'NONE',  ( -0.000000000000000000, 1.000000000000000000, -0.000000000000000000 ) ) ;
#8683 = ORIENTED_EDGE ( 'NONE', *, *, #6145, .T. ) ;
#8684 = CYLINDRICAL_SURFACE ( 'NONE', #5642, 42.49999999999999289 ) ;
#8685 = DIRECTION ( 'NONE',  ( -0.000000000000000000, -0.000000000000000000, 1.000000000000000000 ) ) ;
#8686 = ORIENTED_EDGE ( 'NONE', *, *, #1730, .T. ) ;
#8687 = CARTESIAN_POINT ( 'NONE',  ( 0.000000000000000000, 44.00000000000105160, -296.5000000000001137 ) ) ;
#8688 = CARTESIAN_POINT ( 'NONE',  ( -42.49999999999999289, 6.755772121541173014, -15.00000000000000178 ) ) ;
#8689 = CARTESIAN_POINT ( 'NONE',  ( -12.42777809699850700, 37.90697866512311265, 40.65007728244578544 ) ) ;
#8690 = VERTEX_POINT ( 'NONE', #1012 ) ;
#8691 = DIRECTION ( 'NONE',  ( 0.000000000000000000, 0.000000000000000000, 1.000000000000000000 ) ) ;
#8692 = CARTESIAN_POINT ( 'NONE',  ( 21.89058383028225663, 32.21466652362493477, -31.06147452204275439 ) ) ;
#8693 = VERTEX_POINT ( 'NONE', #4907 ) ;
#8694 = DIRECTION ( 'NONE',  ( 0.000000000000000000, 1.000000000000000000, -0.000000000000000000 ) ) ;
#8695 = CARTESIAN_POINT ( 'NONE',  ( 29.63209163395032064, 32.52597647107917567, 433.0000000000000568 ) ) ;
#8696 = FACE_OUTER_BOUND ( 'NONE', #7528, .T. ) ;
#8697 = VERTEX_POINT ( 'NONE', #9370 ) ;
#8698 = B_SPLINE_CURVE_WITH_KNOTS ( 'NONE', 3,
 ( #6191, #8458, #9161, #6976, #250, #848, #3878, #1688, #7726, #3978, #6241, #5499, #8509, #9493, #1781, #4992, #345, #4850, #7869, #1875, #6336, #5596, #4940, #7965, #2574, #4203 ),
 .UNSPECIFIED., .F., .F.,
 ( 4, 2, 2, 2, 2, 2, 2, 2, 2, 2, 2, 2, 4 ),
 ( 3.469446951953614189E-18, 0.003257382285694746579, 0.004886073428542113579, 0.006514764571389479279, 0.009772146857084209812, 0.01140083799993157378, 0.01302952914277893774, 0.01465822028562630171, 0.01628691142847366741, 0.01954429371416838840, 0.02117298485701575236, 0.02280167599986311286, 0.02605905828555783732 ),
 .UNSPECIFIED. ) ;
#8699 = DIRECTION ( 'NONE',  ( -0.000000000000000000, 6.982962677686266711E-15, -1.000000000000000000 ) ) ;
#8700 = ORIENTED_EDGE ( 'NONE', *, *, #5973, .F. ) ;
#8701 = FACE_OUTER_BOUND ( 'NONE', #2387, .T. ) ;
#8702 = ADVANCED_FACE ( 'NONE', ( #7047 ), #1705, .F. ) ;
#8703 = FACE_OUTER_BOUND ( 'NONE', #6779, .T. ) ;
#8704 = CARTESIAN_POINT ( 'NONE',  ( 0.000000000000000000, 0.000000000000000000, 0.000000000000000000 ) ) ;
#8705 = ORIENTED_EDGE ( 'NONE', *, *, #7061, .T. ) ;
#8706 = CARTESIAN_POINT ( 'NONE',  ( -22.50000000000000355, 27.00000000000000355, -19.00000000000000000 ) ) ;
#8707 = EDGE_LOOP ( 'NONE', ( #9012, #2091 ) ) ;
#8708 = EDGE_LOOP ( 'NONE', ( #369, #7655 ) ) ;
#8709 = FACE_OUTER_BOUND ( 'NONE', #3785, .T. ) ;
#8710 = DIRECTION ( 'NONE',  ( -0.000000000000000000, -0.000000000000000000, 1.000000000000000000 ) ) ;
#8711 = VERTEX_POINT ( 'NONE', #2547 ) ;
#8712 = VECTOR ( 'NONE', #1797, 1000.000000000000000 ) ;
#8713 = CARTESIAN_POINT ( 'NONE',  ( 8.000000000000000000, 56.13861379461851442, -9.000000000000000000 ) ) ;
#8714 = EDGE_CURVE ( 'NONE', #3666, #5810, #364, .T. ) ;
#8715 = CARTESIAN_POINT ( 'NONE',  ( 38.00000000000000000, 8.774964387392136800, -9.000000000000014211 ) ) ;
#8716 = CARTESIAN_POINT ( 'NONE',  ( 8.000000000000000000, 0.000000000000000000, -9.000000000000000000 ) ) ;
#8717 = CARTESIAN_POINT ( 'NONE',  ( -5.944352720158057934, 48.71356725837924984, -37.53925753467392923 ) ) ;
#8718 = EDGE_LOOP ( 'NONE', ( #8927, #8411, #1597, #1804 ) ) ;
#8719 = EDGE_LOOP ( 'NONE', ( #5593, #7060, #630, #2297, #2412 ) ) ;
#8720 = VECTOR ( 'NONE', #5562, 1000.000000000000000 ) ;
#8721 = CARTESIAN_POINT ( 'NONE',  ( 18.49218940641787157, 57.00000000000000711, -6.000000000000009770 ) ) ;
#8722 = AXIS2_PLACEMENT_3D ( 'NONE', #6833, #157, #1690 ) ;
#8723 = AXIS2_PLACEMENT_3D ( 'NONE', #3322, #7025, #2326 ) ;
#8724 = LINE ( 'NONE', #6419, #2997 ) ;
#8725 = ORIENTED_EDGE ( 'NONE', *, *, #4938, .T. ) ;
#8726 = DIRECTION ( 'NONE',  ( -0.9588197348681938292, 0.2840153447039201473, 1.983268551957674146E-15 ) ) ;
#8727 = DIRECTION ( 'NONE',  ( 1.000000000000000000, 0.000000000000000000, 0.000000000000000000 ) ) ;
#8728 = EDGE_CURVE ( 'NONE', #739, #6482, #4961, .T. ) ;
#8729 = CIRCLE ( 'NONE', #6376, 5.000000000000004441 ) ;
#8730 = DIRECTION ( 'NONE',  ( 0.000000000000000000, 1.396592535537253342E-14, -1.000000000000000000 ) ) ;
#8731 = ADVANCED_FACE ( 'NONE', ( #5008 ), #4415, .T. ) ;
#8732 = CIRCLE ( 'NONE', #1007, 36.00000000000000000 ) ;
#8733 = DIRECTION ( 'NONE',  ( -1.000000000000000000, 0.000000000000000000, 0.000000000000000000 ) ) ;
#8734 = CARTESIAN_POINT ( 'NONE',  ( 12.00075385854616172, 7.964087104234724990, -36.05676122932847250 ) ) ;
#8735 = CIRCLE ( 'NONE', #4455, 39.00000000000000000 ) ;
#8736 = DIRECTION ( 'NONE',  ( 0.000000000000000000, 0.000000000000000000, 1.000000000000000000 ) ) ;
#8737 = ADVANCED_FACE ( 'NONE', ( #4224 ), #1399, .F. ) ;
#8738 = ADVANCED_FACE ( 'NONE', ( #2889, #9467 ), #9512, .F. ) ;
#8739 = VERTEX_POINT ( 'NONE', #8706 ) ;
#8740 = AXIS2_PLACEMENT_3D ( 'NONE', #8757, #659, #8029 ) ;
#8741 = LINE ( 'NONE', #2722, #8940 ) ;
#8742 = CARTESIAN_POINT ( 'NONE',  ( 22.50000000000001066, 28.51221959939257999, -30.62270399556512146 ) ) ;
#8743 = CARTESIAN_POINT ( 'NONE',  ( 5.204748896376249319E-15, 4.299999999999999822, 42.49999999999999289 ) ) ;
#8744 = ORIENTED_EDGE ( 'NONE', *, *, #1495, .F. ) ;
#8745 = DIRECTION ( 'NONE',  ( 1.000000000000000000, 0.000000000000000000, 0.000000000000000000 ) ) ;
#8746 = CARTESIAN_POINT ( 'NONE',  ( -29.63209163394896350, -32.52597647107756273, 205.0000000000000568 ) ) ;
#8747 = EDGE_CURVE ( 'NONE', #6132, #3007, #5438, .T. ) ;
#8748 = DIRECTION ( 'NONE',  ( -1.000000000000000000, -2.584927402981196921E-16, 0.000000000000000000 ) ) ;
#8749 = TOROIDAL_SURFACE ( 'NONE', #4494, 30.00000000000000000, 3.000000000000000000 ) ;
#8750 = CARTESIAN_POINT ( 'NONE',  ( 0.000000000000000000, 0.000000000000000000, -19.00000000000000000 ) ) ;
#8751 = EDGE_LOOP ( 'NONE', ( #3962, #4236, #5507, #1758 ) ) ;
#8752 = DIRECTION ( 'NONE',  ( 0.000000000000000000, 0.000000000000000000, -1.000000000000000000 ) ) ;
#8753 = CIRCLE ( 'NONE', #2956, 4.999999999996165734 ) ;
#8754 = VECTOR ( 'NONE', #8923, 1000.000000000000000 ) ;
#8755 = CARTESIAN_POINT ( 'NONE',  ( 0.000000000000000000, 0.000000000000000000, -50.49999999999999289 ) ) ;
#8756 = EDGE_LOOP ( 'NONE', ( #2510, #6494, #864, #5701, #4639, #199 ) ) ;
#8757 = CARTESIAN_POINT ( 'NONE',  ( 4.776122516674677878E-15, 5.000000000001072920, -299.5000000000003979 ) ) ;
#8758 = ORIENTED_EDGE ( 'NONE', *, *, #3065, .F. ) ;
#8759 = EDGE_LOOP ( 'NONE', ( #6538, #4273 ) ) ;
#8760 = DIRECTION ( 'NONE',  ( 0.000000000000000000, 0.000000000000000000, 1.000000000000000000 ) ) ;
#8761 = FACE_OUTER_BOUND ( 'NONE', #1801, .T. ) ;
#8762 = EDGE_CURVE ( 'NONE', #7968, #2193, #7019, .T. ) ;
#8763 = VERTEX_POINT ( 'NONE', #6599 ) ;
#8764 = VECTOR ( 'NONE', #6839, 1000.000000000000000 ) ;
#8765 = PRESENTATION_STYLE_ASSIGNMENT (( #5762 ) ) ;
#8766 = AXIS2_PLACEMENT_3D ( 'NONE', #4755, #1589, #4599 ) ;
#8767 = DIRECTION ( 'NONE',  ( -0.7808688094430302762, -0.6246950475544246206, 0.000000000000000000 ) ) ;
#8768 = CARTESIAN_POINT ( 'NONE',  ( -37.99999999999997158, -95.70788891204318816, 0.000000000000000000 ) ) ;
#8769 = DIRECTION ( 'NONE',  ( -0.2840153447039201473, 0.9588197348681938292, 6.695402423213638926E-15 ) ) ;
#8770 = ORIENTED_EDGE ( 'NONE', *, *, #7231, .F. ) ;
#8771 = AXIS2_PLACEMENT_3D ( 'NONE', #2477, #888, #1726 ) ;
#8772 = ORIENTED_EDGE ( 'NONE', *, *, #4223, .F. ) ;
#8773 = CARTESIAN_POINT ( 'NONE',  ( -35.38612840771843793, 6.760952852633830723, 11.99999999927687000 ) ) ;
#8774 = EDGE_CURVE ( 'NONE', #8437, #55, #1171, .T. ) ;
#8775 = DIRECTION ( 'NONE',  ( -0.000000000000000000, 6.982962677686266711E-15, -1.000000000000000000 ) ) ;
#8776 = ORIENTED_EDGE ( 'NONE', *, *, #7594, .F. ) ;
#8777 = CARTESIAN_POINT ( 'NONE',  ( 0.000000000000000000, 44.00000000000000000, 10.49999999999999467 ) ) ;
#8778 = CARTESIAN_POINT ( 'NONE',  ( 42.49999999999999289, 1.504100513915599488E-14, -1.340988245066351766E-14 ) ) ;
#8779 = CARTESIAN_POINT ( 'NONE',  ( 0.000000000000000000, 0.000000000000000000, 19.00000000000000000 ) ) ;
#8780 = EDGE_CURVE ( 'NONE', #7493, #8925, #3239, .T. ) ;
#8781 = CARTESIAN_POINT ( 'NONE',  ( 0.000000000000000000, 85.00000000000000000, -38.00000000000000000 ) ) ;
#8782 = CIRCLE ( 'NONE', #8008, 22.50000000000000000 ) ;
#8783 = EDGE_CURVE ( 'NONE', #9678, #3967, #9707, .T. ) ;
#8784 = ITEM_DEFINED_TRANSFORMATION ( 'NONE', 'NONE', #6784,  #3150 ) ;
#8785 = CARTESIAN_POINT ( 'NONE',  ( -2.724245316630719671, 43.28257922034018179, 42.41594760088629812 ) ) ;
#8786 = VERTEX_POINT ( 'NONE', #1940 ) ;
#8787 = AXIS2_PLACEMENT_3D ( 'NONE', #3356, #4143, #1029 ) ;
#8788 = LINE ( 'NONE', #5888, #6888 ) ;
#8789 = CARTESIAN_POINT ( 'NONE',  ( 21.60342809598016700, 33.29915195906730929, -31.26195072807988495 ) ) ;
#8790 = SURFACE_STYLE_USAGE ( .BOTH. , #1237 ) ;
#8791 = VERTEX_POINT ( 'NONE', #4316 ) ;
#8792 = EDGE_CURVE ( 'NONE', #8786, #4317, #4958, .T. ) ;
#8793 = LINE ( 'NONE', #1882, #443 ) ;
#8794 = ADVANCED_FACE ( 'NONE', ( #6552 ), #3584, .F. ) ;
#8795 = CARTESIAN_POINT ( 'NONE',  ( -1.634650587900323855E-14, 282.9319541335544841, 433.0000000000000000 ) ) ;
#8796 = FACE_OUTER_BOUND ( 'NONE', #6212, .T. ) ;
#8797 = AXIS2_PLACEMENT_3D ( 'NONE', #8414, #1645, #8607 ) ;
#8798 = CARTESIAN_POINT ( 'NONE',  ( -47.00000000000000711, 38.55812545754030651, 1.178097239642011518 ) ) ;
#8799 = DIRECTION ( 'NONE',  ( 0.000000000000000000, 0.000000000000000000, -1.000000000000000000 ) ) ;
#8800 = EDGE_LOOP ( 'NONE', ( #256, #8808, #3243, #6945 ) ) ;
#8801 = CARTESIAN_POINT ( 'NONE',  ( 16.89999999999999858, 201.1999999999999886, -19.00000000000000000 ) ) ;
#8802 = FACE_BOUND ( 'NONE', #6116, .T. ) ;
#8803 = ADVANCED_BREP_SHAPE_REPRESENTATION ( '', ( #5588, #3150 ), #3462 ) ;
#8804 = CARTESIAN_POINT ( 'NONE',  ( 21.41339544593805755, 31.91830051994897488, 9.042546674575058674 ) ) ;
#8805 = VERTEX_POINT ( 'NONE', #5857 ) ;
#8806 = VECTOR ( 'NONE', #1115, 1000.000000000000000 ) ;
#8807 = CARTESIAN_POINT ( 'NONE',  ( 8.000000000000000000, 0.000000000000000000, -4.699999999999999289 ) ) ;
#8808 = ORIENTED_EDGE ( 'NONE', *, *, #1046, .T. ) ;
#8809 = ORIENTED_EDGE ( 'NONE', *, *, #6726, .T. ) ;
#8810 = FACE_OUTER_BOUND ( 'NONE', #7324, .T. ) ;
#8811 = CIRCLE ( 'NONE', #1865, 80.00000000000000000 ) ;
#8812 = DIRECTION ( 'NONE',  ( 0.000000000000000000, 0.000000000000000000, 1.000000000000000000 ) ) ;
#8813 = ORIENTED_EDGE ( 'NONE', *, *, #5761, .T. ) ;
#8814 = DIRECTION ( 'NONE',  ( 1.826024711554533667E-16, 4.720141315418149384E-32, 1.000000000000000000 ) ) ;
#8815 = CIRCLE ( 'NONE', #4557, 36.00000000000000000 ) ;
#8816 = DIRECTION ( 'NONE',  ( -0.000000000000000000, 1.396592535537253342E-14, -1.000000000000000000 ) ) ;
#8817 = DIRECTION ( 'NONE',  ( -1.000000000000000000, 0.000000000000000000, 0.000000000000000000 ) ) ;
#8818 = AXIS2_PLACEMENT_3D ( 'NONE', #3638, #7239, #3488 ) ;
#8819 = DIRECTION ( 'NONE',  ( -0.000000000000000000, -1.000000000000000000, -0.000000000000000000 ) ) ;
#8820 = DIRECTION ( 'NONE',  ( 1.000000000000000000, 0.000000000000000000, -0.000000000000000000 ) ) ;
#8821 = ORIENTED_EDGE ( 'NONE', *, *, #322, .T. ) ;
#8822 = ORIENTED_EDGE ( 'NONE', *, *, #8774, .F. ) ;
#8823 = AXIS2_PLACEMENT_3D ( 'NONE', #1765, #4635, #7609 ) ;
#8825 = CARTESIAN_POINT ( 'NONE',  ( -34.36931771216878673, 90.00000000000000000, 25.00000000000000000 ) ) ;
#8824 = B_SPLINE_CURVE_WITH_KNOTS ( 'NONE', 3,
 ( #4689, #1723, #7758, #6078, #6864, #84 ),
 .UNSPECIFIED., .F., .F.,
 ( 4, 2, 4 ),
 ( 0.000000000000000000, 0.001668364605102630634, 0.003336729210205251726 ),
 .UNSPECIFIED. ) ;
#8826 = CARTESIAN_POINT ( 'NONE',  ( 0.000000000000000000, 83.00000000000105160, -296.4999999999998295 ) ) ;
#8827 = EDGE_LOOP ( 'NONE', ( #8963, #2366, #8153, #4056 ) ) ;
#8828 = CARTESIAN_POINT ( 'NONE',  ( 0.000000000000000000, 44.00000000000297007, -413.5000000000001137 ) ) ;
#8829 = PRODUCT_DEFINITION_FORMATION_WITH_SPECIFIED_SOURCE ( 'ANY', '', #8629, .NOT_KNOWN. ) ;
#8830 = DIRECTION ( 'NONE',  ( 0.000000000000000000, -1.000000000000000000, -6.982962677686266711E-15 ) ) ;
#8831 = CARTESIAN_POINT ( 'NONE',  ( 0.000000000000000000, 0.000000000000000000, 0.000000000000000000 ) ) ;
#8832 = ADVANCED_FACE ( 'NONE', ( #3537 ), #2141, .F. ) ;
#8833 = ADVANCED_FACE ( 'NONE', ( #3485 ), #5808, .T. ) ;
#8834 = ADVANCED_FACE ( 'NONE', ( #5054 ), #2090, .T. ) ;
#8835 = DIRECTION ( 'NONE',  ( 0.000000000000000000, -1.000000000000000000, 0.000000000000000000 ) ) ;
#8836 = CARTESIAN_POINT ( 'NONE',  ( 0.000000000000000000, 44.00000000000000000, 45.50000000000000000 ) ) ;
#8837 = PLANE ( 'NONE',  #8354 ) ;
#8838 = CONTEXT_DEPENDENT_SHAPE_REPRESENTATION ( #9624, #8548 ) ;
#8839 = CARTESIAN_POINT ( 'NONE',  ( 0.000000000000000000, 44.00000000000185452, -334.5000000000000568 ) ) ;
#8840 = EDGE_CURVE ( 'NONE', #1862, #4714, #203, .T. ) ;
#8841 = VERTEX_POINT ( 'NONE', #9663 ) ;
#8842 = EDGE_CURVE ( 'NONE', #2733, #3858, #5906, .T. ) ;
#8843 = CARTESIAN_POINT ( 'NONE',  ( -64.56989347527186851, 91.23059238028164941, -410.4999999999994316 ) ) ;
#8844 = EDGE_CURVE ( 'NONE', #4576, #755, #802, .T. ) ;
#8845 = CARTESIAN_POINT ( 'NONE',  ( 0.000000000000000000, 27.00000000000000000, -42.49999999999999289 ) ) ;
#8846 = ORIENTED_EDGE ( 'NONE', *, *, #7845, .F. ) ;
#8847 = FACE_OUTER_BOUND ( 'NONE', #6354, .T. ) ;
#8848 = CARTESIAN_POINT ( 'NONE',  ( -1.935951399190116717E-12, 139.4800011913957292, 319.0000000000000000 ) ) ;
#8849 = CARTESIAN_POINT ( 'NONE',  ( 32.31098884280702066, 15.41602615938555587, -20.00000000000001066 ) ) ;
#8850 = CARTESIAN_POINT ( 'NONE',  ( -41.83809966381487300, 44.12952026894184598, 8.355948907052031416 ) ) ;
#8851 = CARTESIAN_POINT ( 'NONE',  ( 22.50000000000000355, 201.1999999999999886, -19.00000000000000000 ) ) ;
#8852 = ORIENTED_EDGE ( 'NONE', *, *, #6089, .T. ) ;
#8853 = CARTESIAN_POINT ( 'NONE',  ( 0.000000000000000000, 80.00000000000000000, -16.89999999999999858 ) ) ;
#8854 = ADVANCED_FACE ( 'NONE', ( #2283 ), #6005, .T. ) ;
#8855 = DIRECTION ( 'NONE',  ( -0.000000000000000000, 0.000000000000000000, 1.000000000000000000 ) ) ;
#8856 = EDGE_CURVE ( 'NONE', #8786, #4731, #5733, .T. ) ;
#8857 = CARTESIAN_POINT ( 'NONE',  ( 22.48353060487813693, 30.00000000000000000, 9.407652717443331980 ) ) ;
#8858 = DIRECTION ( 'NONE',  ( 0.000000000000000000, 0.000000000000000000, -1.000000000000000000 ) ) ;
#8859 = ORIENTED_EDGE ( 'NONE', *, *, #4789, .T. ) ;
#8860 = ORIENTED_EDGE ( 'NONE', *, *, #7163, .T. ) ;
#8861 = CARTESIAN_POINT ( 'NONE',  ( 35.66624513607086300, 12.61611060081676783, -23.11425383132415234 ) ) ;
#8862 = DIRECTION ( 'NONE',  ( -0.000000000000000000, -0.000000000000000000, -1.000000000000000000 ) ) ;
#8863 =( REPRESENTATION_RELATIONSHIP ('NONE','NONE', #7863, #5885 ) REPRESENTATION_RELATIONSHIP_WITH_TRANSFORMATION ( #5032 )SHAPE_REPRESENTATION_RELATIONSHIP( ) );
#8864 = VERTEX_POINT ( 'NONE', #1497 ) ;
#8865 = CARTESIAN_POINT ( 'NONE',  ( 0.000000000000000000, 90.00000000000000000, 0.000000000000000000 ) ) ;
#8866 = DIRECTION ( 'NONE',  ( -1.000000000000000000, -0.000000000000000000, 0.000000000000000000 ) ) ;
#8867 = ADVANCED_FACE ( 'NONE', ( #6693, #8409 ), #3681, .T. ) ;
#8868 = FACE_OUTER_BOUND ( 'NONE', #2946, .T. ) ;
#8869 = AXIS2_PLACEMENT_3D ( 'NONE', #3254, #1756, #272 ) ;
#8870 = CYLINDRICAL_SURFACE ( 'NONE', #8444, 42.49999999999999289 ) ;
#8871 = B_SPLINE_CURVE_WITH_KNOTS ( 'NONE', 3,
 ( #4575, #5371, #8376, #3895, #6895, #119, #3151, #5412, #6166, #4089, #317, #1753, #3994, #4821, #3297, #8615 ),
 .UNSPECIFIED., .F., .F.,
 ( 4, 2, 2, 2, 2, 2, 2, 4 ),
 ( 3.878959614448864246E-18, 0.002744704184498282257, 0.004117056276747422736, 0.005489408368996564515, 0.006861760461245704559, 0.007547936507370275015, 0.008234112553494845471, 0.01097881673799312729 ),
 .UNSPECIFIED. ) ;
#8872 = ORIENTED_EDGE ( 'NONE', *, *, #8005, .T. ) ;
#8873 = DIRECTION ( 'NONE',  ( 0.000000000000000000, 1.396592535537253342E-14, -1.000000000000000000 ) ) ;
#8874 = VERTEX_POINT ( 'NONE', #5954 ) ;
#8875 = ORIENTED_EDGE ( 'NONE', *, *, #8542, .T. ) ;
#8876 = PRODUCT_DEFINITION_SHAPE ( 'NONE', 'NONE',  #9791 ) ;
#8877 = CARTESIAN_POINT ( 'NONE',  ( -24.91987158875423347, 30.00000000000000000, -8.999999999999994671 ) ) ;
#8878 = CARTESIAN_POINT ( 'NONE',  ( 39.00000000000000000, 4.789041022877281826E-15, -11.95826074310141252 ) ) ;
#8879 = ORIENTED_EDGE ( 'NONE', *, *, #491, .T. ) ;
#8880 = CARTESIAN_POINT ( 'NONE',  ( 64.56989347527186851, 91.23059238027872198, 7.500000000000000000 ) ) ;
#8881 = AXIS2_PLACEMENT_3D ( 'NONE', #5058, #1944, #4228 ) ;
#8882 = CARTESIAN_POINT ( 'NONE',  ( 0.000000000000000000, 88.00000000000095213, -281.4999999999997726 ) ) ;
#8883 = DIRECTION ( 'NONE',  ( 0.000000000000000000, -1.000000000000000000, -6.982962677686266711E-15 ) ) ;
#8884 = AXIS2_PLACEMENT_3D ( 'NONE', #2750, #8767, #5013 ) ;
#8885 = CIRCLE ( 'NONE', #7786, 80.00000000000000000 ) ;
#8886 = CARTESIAN_POINT ( 'NONE',  ( -15.93818596217941952, 31.30342246756259073, -39.39864826623504968 ) ) ;
#8887 = CYLINDRICAL_SURFACE ( 'NONE', #2514, 42.49999999999999289 ) ;
#8888 = DIRECTION ( 'NONE',  ( -0.9743589743589743390, 0.2249990868562079249, 0.000000000000000000 ) ) ;
#8889 = CARTESIAN_POINT ( 'NONE',  ( 0.000000000000000000, 27.00000000000000000, 42.50099999999999767 ) ) ;
#8890 = ADVANCED_FACE ( 'NONE', ( #707 ), #5252, .T. ) ;
#8891 = EDGE_CURVE ( 'NONE', #6975, #9153, #29, .T. ) ;
#8892 = CIRCLE ( 'NONE', #5258, 39.00000000000000711 ) ;
#8893 = VERTEX_POINT ( 'NONE', #6099 ) ;
#8894 = DIRECTION ( 'NONE',  ( -0.000000000000000000, -0.000000000000000000, -1.000000000000000000 ) ) ;
#8895 = CIRCLE ( 'NONE', #689, 27.00000000000000000 ) ;
#8896 = VECTOR ( 'NONE', #5127, 1000.000000000000000 ) ;
#8897 = EDGE_LOOP ( 'NONE', ( #7539, #9071 ) ) ;
#8898 = CARTESIAN_POINT ( 'NONE',  ( -34.51751045525497119, -10.22455240934112553, -7.500000000000000000 ) ) ;
#8899 = DIRECTION ( 'NONE',  ( 1.000000000000000000, 0.000000000000000000, 0.000000000000000000 ) ) ;
#8900 = CARTESIAN_POINT ( 'NONE',  ( 24.09087047684223037, 30.00000000000000000, 9.034956203351342197 ) ) ;
#8901 = EDGE_CURVE ( 'NONE', #5087, #1647, #4630, .T. ) ;
#8902 = CARTESIAN_POINT ( 'NONE',  ( -42.89579902271628953, 43.28336078182699254, -5.242718331025664646 ) ) ;
#8903 = LINE ( 'NONE', #5046, #4039 ) ;
#8904 = AXIS2_PLACEMENT_3D ( 'NONE', #7059, #1163, #3309 ) ;
#8905 = EDGE_LOOP ( 'NONE', ( #3845, #5756 ) ) ;
#8906 = DIRECTION ( 'NONE',  ( 0.000000000000000000, 1.000000000000000000, 6.982962677686266711E-15 ) ) ;
#8907 = CARTESIAN_POINT ( 'NONE',  ( 0.000000000000000000, 78.50000000000000000, 39.50000000000000000 ) ) ;
#8908 =( BOUNDED_SURFACE ( )  B_SPLINE_SURFACE ( 3, 2, ( 
 ( #9139, #6860, #6768 ),
 ( #877, #3907, #78 ),
 ( #781, #732, #3808 ),
 ( #1717, #31, #132 ),
 ( #2365, #6074, #1572 ),
 ( #4583, #7603, #826 ),
 ( #3857, #4737, #6125 ),
 ( #3163, #4685, #8436 ),
 ( #7704, #928, #3261 ),
 ( #3401, #2658, #2515 ),
 ( #7804, #6362, #5624 ),
 ( #9383, #427, #5529 ),
 ( #1810, #4099, #7103 ),
 ( #1855, #4004, #4833 ),
 ( #7903, #7755, #6414 ),
 ( #9429, #4054, #280 ),
 ( #8676, #5672, #974 ),
 ( #2604, #3452, #8535 ) ),
 .UNSPECIFIED., .F., .F., .T. ) 
 B_SPLINE_SURFACE_WITH_KNOTS ( ( 4, 2, 2, 2, 2, 2, 2, 2, 4 ),
 ( 3, 3 ),
 ( 1.570796326794896558, 1.963495408493620697, 2.356194490192344837, 2.748893571891068976, 3.141592653589793116, 3.534291735288517255, 3.926990816987241395, 4.319689898685965090, 4.712388980384689674 ),
 ( 0.000000000000000000, 1.000000000000000000 ),
 .UNSPECIFIED. ) 
 GEOMETRIC_REPRESENTATION_ITEM ( )  RATIONAL_B_SPLINE_SURFACE ( (
 ( 1.000000000000000000, 0.7071067811865482389, 1.000000000000000000),
 ( 1.000000000000000000, 0.7360352682947969294, 1.000000000000000000),
 ( 1.000000000000000000, 0.7631068668640418329, 1.000000000000000000),
 ( 1.000000000000000000, 0.8110979768456959560, 1.000000000000000000),
 ( 1.000000000000000000, 0.8320108299757844605, 1.000000000000000000),
 ( 1.000000000000000000, 0.8660622569668161574, 1.000000000000000000),
 ( 1.000000000000000000, 0.8792056797123732892, 1.000000000000000000),
 ( 1.000000000000000000, 0.8968252707480612873, 1.000000000000000000),
 ( 1.000000000000000000, 0.9013032363068559372, 1.000000000000000000),
 ( 1.000000000000000000, 0.9013032363068559372, 1.000000000000000000),
 ( 1.000000000000000000, 0.8968252707482443631, 1.000000000000000000),
 ( 1.000000000000000000, 0.8792056797121915457, 1.000000000000000000),
 ( 1.000000000000000000, 0.8660622569666156512, 1.000000000000000000),
 ( 1.000000000000000000, 0.8320108299759847448, 1.000000000000000000),
 ( 1.000000000000000000, 0.8110979768457796668, 1.000000000000000000),
 ( 1.000000000000000000, 0.7631068668639591213, 1.000000000000000000),
 ( 1.000000000000000000, 0.7360352682948589909, 1.000000000000000000),
 ( 1.000000000000000000, 0.7071067811865482389, 1.000000000000000000) ) ) 
 REPRESENTATION_ITEM ( '' )  SURFACE ( )  );
#8909 = CARTESIAN_POINT ( 'NONE',  ( -42.49999999999999289, -1.163217331341537924E-15, 0.000000000000000000 ) ) ;
#8910 = DIRECTION ( 'NONE',  ( 1.000000000000000000, 0.000000000000000000, 0.000000000000000000 ) ) ;
#8911 = ORIENTED_EDGE ( 'NONE', *, *, #8596, .T. ) ;
#8912 = CIRCLE ( 'NONE', #4649, 4.499999999999997335 ) ;
#8913 = ORIENTED_EDGE ( 'NONE', *, *, #3603, .T. ) ;
#8914 = DIRECTION ( 'NONE',  ( 0.000000000000000000, -1.000000000000000000, -6.982962677686266711E-15 ) ) ;
#8915 = CARTESIAN_POINT ( 'NONE',  ( 12.91645618175641275, 45.42682773669034191, 35.73887952693117853 ) ) ;
#8916 = ADVANCED_FACE ( 'NONE', ( #7477 ), #1316, .F. ) ;
#8917 = ORIENTED_EDGE ( 'NONE', *, *, #4663, .F. ) ;
#8918 = EDGE_CURVE ( 'NONE', #8164, #3702, #2907, .T. ) ;
#8919 = CARTESIAN_POINT ( 'NONE',  ( 38.00000000000000000, 8.774964387392142129, 8.999999999999985789 ) ) ;
#8920 = LINE ( 'NONE', #9019, #3849 ) ;
#8921 = CIRCLE ( 'NONE', #1661, 39.50000000000000000 ) ;
#8922 = VECTOR ( 'NONE', #7785, 1000.000000000000000 ) ;
#8923 = DIRECTION ( 'NONE',  ( -0.2840153447039201473, 0.9588197348681938292, 0.000000000000000000 ) ) ;
#8924 = DIRECTION ( 'NONE',  ( 0.000000000000000000, 1.000000000000000000, 6.938893903907229955E-15 ) ) ;
#8925 = VERTEX_POINT ( 'NONE', #7 ) ;
#8926 = CARTESIAN_POINT ( 'NONE',  ( -38.75000000000000000, -1.938695552235898924E-16, -8.968695557326046952 ) ) ;
#8927 = ORIENTED_EDGE ( 'NONE', *, *, #8369, .T. ) ;
#8928 = VERTEX_POINT ( 'NONE', #3033 ) ;
#8929 = CARTESIAN_POINT ( 'NONE',  ( -27.00000000000000000, 1.373088835407637272E-16, 19.00000000000000000 ) ) ;
#8930 = MECHANICAL_DESIGN_GEOMETRIC_PRESENTATION_REPRESENTATION (  '', ( #3094 ), #8139 ) ;
#8931 = CIRCLE ( 'NONE', #5142, 6.999999999999999112 ) ;
#8932 = EDGE_CURVE ( 'NONE', #3282, #377, #7578, .T. ) ;
#8933 = DIRECTION ( 'NONE',  ( 0.9743589743589743390, -0.2249990868562079249, 0.000000000000000000 ) ) ;
#8934 = ORIENTED_EDGE ( 'NONE', *, *, #5821, .F. ) ;
#8935 = ADVANCED_FACE ( 'NONE', ( #9063 ), #6882, .F. ) ;
#8936 = CARTESIAN_POINT ( 'NONE',  ( 30.57681027001822471, 13.33774395383518296, -22.57409901008935549 ) ) ;
#8937 = DIRECTION ( 'NONE',  ( 0.6246950475544246206, 0.7808688094430300541, 0.000000000000000000 ) ) ;
#8938 = CARTESIAN_POINT ( 'NONE',  ( -0.5424325345376604934, 10.49999999999999467, -42.49999999999998579 ) ) ;
#8939 = AXIS2_PLACEMENT_3D ( 'NONE', #7274, #8563, #5700 ) ;
#8940 = VECTOR ( 'NONE', #4892, 1000.000000000000000 ) ;
#8941 = DIRECTION ( 'NONE',  ( 0.000000000000000000, -6.982962677686266711E-15, 1.000000000000000000 ) ) ;
#8942 = DIRECTION ( 'NONE',  ( -0.000000000000000000, -0.000000000000000000, -1.000000000000000000 ) ) ;
#8943 = DIRECTION ( 'NONE',  ( -0.2840153447039201473, 0.9588197348681938292, 6.695402423213638926E-15 ) ) ;
#8944 = CARTESIAN_POINT ( 'NONE',  ( -36.00000000000000000, 44.00000000000319034, -413.5000000000001137 ) ) ;
#8945 = AXIS2_PLACEMENT_3D ( 'NONE', #6730, #4495, #2974 ) ;
#8946 = ORIENTED_EDGE ( 'NONE', *, *, #8960, .F. ) ;
#8947 = DIRECTION ( 'NONE',  ( 1.000000000000000000, -0.000000000000000000, -0.000000000000000000 ) ) ;
#8948 = B_SPLINE_CURVE_WITH_KNOTS ( 'NONE', 3,
 ( #2418, #6816, #8344, #184, #9093, #7658 ),
 .UNSPECIFIED., .F., .F.,
 ( 4, 2, 4 ),
 ( 0.000000000000000000, 0.004076250747534592399, 0.008152501495069184798 ),
 .UNSPECIFIED. ) ;
#8949 = CIRCLE ( 'NONE', #4692, 3.000000000000002665 ) ;
#8950 = EDGE_LOOP ( 'NONE', ( #3391, #565, #262, #7679 ) ) ;
#8951 = LINE ( 'NONE', #3622, #2834 ) ;
#8952 = PRODUCT_CONTEXT ( 'NONE', #2817, 'mechanical' ) ;
#8953 = CARTESIAN_POINT ( 'NONE',  ( -30.00037002404991426, 12.31263411384540163, -23.32506966874161591 ) ) ;
#8954 = CARTESIAN_POINT ( 'NONE',  ( -38.00000000000001421, 56.99999999999999289, 9.000000000000000000 ) ) ;
#8955 = CONICAL_SURFACE ( 'NONE', #2804, 16.89999999999999858, 0.7853981633974533860 ) ;
#8956 = ORIENTED_EDGE ( 'NONE', *, *, #1120, .T. ) ;
#8957 = CARTESIAN_POINT ( 'NONE',  ( 0.000000000000000000, 88.00000000000092371, -278.4999999999997726 ) ) ;
#8958 = FACE_OUTER_BOUND ( 'NONE', #1845, .T. ) ;
#8959 = EDGE_CURVE ( 'NONE', #1150, #5238, #2754, .T. ) ;
#8960 = EDGE_CURVE ( 'NONE', #7048, #4863, #9402, .T. ) ;
#8961 = DIRECTION ( 'NONE',  ( 0.000000000000000000, -6.982962677686266711E-15, 1.000000000000000000 ) ) ;
#8962 = CARTESIAN_POINT ( 'NONE',  ( 34.67950817397738916, 9.672003492554477333, 24.56801450019052879 ) ) ;
#8963 = ORIENTED_EDGE ( 'NONE', *, *, #3039, .F. ) ;
#8964 = VERTEX_POINT ( 'NONE', #8556 ) ;
#8965 = CIRCLE ( 'NONE', #1548, 16.89999999999999858 ) ;
#8966 = CARTESIAN_POINT ( 'NONE',  ( -36.00000000000000711, 1.360878165055775746, 11.95826074310523346 ) ) ;
#8967 = DIRECTION ( 'NONE',  ( -1.000000000000000000, -2.584927402981198400E-16, 0.000000000000000000 ) ) ;
#8968 = ORIENTED_EDGE ( 'NONE', *, *, #6904, .F. ) ;
#8969 = CARTESIAN_POINT ( 'NONE',  ( -33.49999999999997158, -95.70788891204318816, 5.510910596163086597E-16 ) ) ;
#8970 = DIRECTION ( 'NONE',  ( -1.000000000000000000, 0.000000000000000000, 0.000000000000000000 ) ) ;
#8971 =( BOUNDED_CURVE ( )  B_SPLINE_CURVE ( 3, ( #2812, #2859, #3701, #7348 ),
 .UNSPECIFIED., .F., .T. ) 
 B_SPLINE_CURVE_WITH_KNOTS ( ( 4, 4 ),
 ( 3.141592653589793116, 6.283185307179586232 ),
 .UNSPECIFIED. ) 
 CURVE ( )  GEOMETRIC_REPRESENTATION_ITEM ( )  RATIONAL_B_SPLINE_CURVE ( ( 1.000000000000000000, 0.3333333333333333703, 0.3333333333333333703, 1.000000000000000000 ) ) 
 REPRESENTATION_ITEM ( '' )  );
#8972 = AXIS2_PLACEMENT_3D ( 'NONE', #2250, #6807, #23 ) ;
#8973 = CARTESIAN_POINT ( 'NONE',  ( 4.776122516674677878E-15, 83.00000000000129319, -331.4999999999995453 ) ) ;
#8974 = EDGE_CURVE ( 'NONE', #6176, #2301, #1785, .T. ) ;
#8975 = CARTESIAN_POINT ( 'NONE',  ( 0.000000000000000000, 44.00000000000292033, -410.5000000000001137 ) ) ;
#8976 = ORIENTED_EDGE ( 'NONE', *, *, #278, .F. ) ;
#8977 = EDGE_CURVE ( 'NONE', #2249, #8537, #8104, .T. ) ;
#8978 = AXIS2_PLACEMENT_3D ( 'NONE', #9540, #9489, #5781 ) ;
#8979 = CARTESIAN_POINT ( 'NONE',  ( -22.34695731410200992, 23.98281152785994053, -30.73674672729184820 ) ) ;
#8980 = ORIENTED_EDGE ( 'NONE', *, *, #4046, .F. ) ;
#8981 = ORIENTED_EDGE ( 'NONE', *, *, #1950, .T. ) ;
#8982 = CYLINDRICAL_SURFACE ( 'NONE', #8336, 42.49999999999999289 ) ;
#8983 = LINE ( 'NONE', #3602, #8673 ) ;
#8984 = ORIENTED_EDGE ( 'NONE', *, *, #8918, .F. ) ;
#8985 = VECTOR ( 'NONE', #4986, 1000.000000000000000 ) ;
#8986 = CARTESIAN_POINT ( 'NONE',  ( 27.00000000000000000, 1.373088835407637272E-16, -19.00000000000000000 ) ) ;
#8987 = CARTESIAN_POINT ( 'NONE',  ( 12.42198169728311896, 37.91289167350536360, -40.65175012191547665 ) ) ;
#8988 = AXIS2_PLACEMENT_3D ( 'NONE', #4405, #6490, #4260 ) ;
#8989 = DIRECTION ( 'NONE',  ( -8.881784197001254296E-16, 1.000000000000000000, 7.195889974422311904E-15 ) ) ;
#8990 = EDGE_CURVE ( 'NONE', #5373, #2193, #4806, .T. ) ;
#8991 = VECTOR ( 'NONE', #4978, 1000.000000000000000 ) ;
#8992 = CARTESIAN_POINT ( 'NONE',  ( -41.92050961139742782, 20.15883973202062407, -7.220252216595350880 ) ) ;
#8993 = DIRECTION ( 'NONE',  ( 1.000000000000000000, 0.000000000000000000, 0.000000000000000000 ) ) ;
#8994 = AXIS2_PLACEMENT_3D ( 'NONE', #6128, #2648, #7984 ) ;
#8995 = CARTESIAN_POINT ( 'NONE',  ( 37.21871564217249073, 20.03353598779738931, 7.679067262416118922 ) ) ;
#8996 = CARTESIAN_POINT ( 'NONE',  ( 0.000000000000000000, 0.000000000000000000, -68.50000000000000000 ) ) ;
#8997 = DIRECTION ( 'NONE',  ( -1.000000000000000000, -0.000000000000000000, 0.000000000000000000 ) ) ;
#8998 = ORIENTED_EDGE ( 'NONE', *, *, #4253, .T. ) ;
#8999 = DIRECTION ( 'NONE',  ( -1.826024711554533667E-16, -4.720141315418149384E-32, -1.000000000000000000 ) ) ;
#9000 = CARTESIAN_POINT ( 'NONE',  ( -28.61817604250836666, 6.755772121541173014, 25.00000000000000000 ) ) ;
#9001 = VERTEX_POINT ( 'NONE', #7773 ) ;
#9002 = DIRECTION ( 'NONE',  ( -1.000000000000000000, 0.000000000000000000, 0.000000000000000000 ) ) ;
#9003 = PRODUCT_CONTEXT ( 'NONE', #1341, 'mechanical' ) ;
#9004 = DIRECTION ( 'NONE',  ( 1.000000000000000000, -0.000000000000000000, -0.000000000000000000 ) ) ;
#9005 = DIRECTION ( 'NONE',  ( -1.000000000000000000, -2.584927402981196428E-16, 1.826024711554533667E-16 ) ) ;
#9006 = VERTEX_POINT ( 'NONE', #304 ) ;
#9007 = FACE_OUTER_BOUND ( 'NONE', #7055, .T. ) ;
#9008 = CARTESIAN_POINT ( 'NONE',  ( 0.000000000000000000, 90.00000000000000000, 0.000000000000000000 ) ) ;
#9009 = CARTESIAN_POINT ( 'NONE',  ( -34.51751045525497119, 98.22455240934137066, -182.4999999999996589 ) ) ;
#9010 = DIRECTION ( 'NONE',  ( -0.000000000000000000, -1.000000000000000000, -0.000000000000000000 ) ) ;
#9011 = VERTEX_POINT ( 'NONE', #3981 ) ;
#9012 = ORIENTED_EDGE ( 'NONE', *, *, #4550, .F. ) ;
#9013 = DIRECTION ( 'NONE',  ( 1.000000000000000000, 0.000000000000000000, 0.000000000000000000 ) ) ;
#9014 = CARTESIAN_POINT ( 'NONE',  ( 16.93189613175195518, 41.83503141078388410, 34.02314506107148162 ) ) ;
#9015 = VERTEX_POINT ( 'NONE', #997 ) ;
#9016 = CARTESIAN_POINT ( 'NONE',  ( -36.00000000000000000, 44.00000000000000000, -103.5000000000000142 ) ) ;
#9017 = ADVANCED_FACE ( 'NONE', ( #3328 ), #7033, .T. ) ;
#9018 = ADVANCED_FACE ( 'NONE', ( #3281 ), #1133, .F. ) ;
#9019 = CARTESIAN_POINT ( 'NONE',  ( -38.00000000000000000, -95.70788891204318816, 9.000000000000000000 ) ) ;
#9020 = CARTESIAN_POINT ( 'NONE',  ( -14.28622194393594924, 18.72684356372507608, 40.02783447531340499 ) ) ;
#9021 = CARTESIAN_POINT ( 'NONE',  ( 27.00000000000000000, 88.00000000000078160, -278.4999999999997726 ) ) ;
#9022 = VERTEX_POINT ( 'NONE', #4353 ) ;
#9023 = CARTESIAN_POINT ( 'NONE',  ( -5.218536826842940179, 5.100887689561265148, -37.64713255991058816 ) ) ;
#9024 = ORIENTED_EDGE ( 'NONE', *, *, #8204, .T. ) ;
#9025 = EDGE_LOOP ( 'NONE', ( #4266, #7293, #6997, #8545 ) ) ;
#9026 = FACE_BOUND ( 'NONE', #4912, .T. ) ;
#9027 = DIRECTION ( 'NONE',  ( 1.000000000000000000, -0.000000000000000000, -0.000000000000000000 ) ) ;
#9028 = ORIENTED_EDGE ( 'NONE', *, *, #5532, .T. ) ;
#9029 = ADVANCED_FACE ( 'NONE', ( #599 ), #9601, .F. ) ;
#9030 = CARTESIAN_POINT ( 'NONE',  ( 5.326055532637033352, 42.62612450422052746, -42.16816791974765977 ) ) ;
#9031 = VECTOR ( 'NONE', #4963, 1000.000000000000000 ) ;
#9032 = CARTESIAN_POINT ( 'NONE',  ( -15.64580968733155686, 21.64791214443064504, -39.51785229277308531 ) ) ;
#9033 = CARTESIAN_POINT ( 'NONE',  ( -40.72421531039962161, 18.88325044838213174, 12.28175801635092590 ) ) ;
#9034 = CARTESIAN_POINT ( 'NONE',  ( 38.00000000000000000, 8.774964387392142129, 8.999999999999985789 ) ) ;
#9035 = CARTESIAN_POINT ( 'NONE',  ( 36.93151615443758828, 19.76133014311559677, 8.992585102679692355 ) ) ;
#9036 = AXIS2_PLACEMENT_3D ( 'NONE', #1832, #9266, #9214 ) ;
#9037 = DIRECTION ( 'NONE',  ( -1.000000000000000000, 0.000000000000000000, 0.000000000000000000 ) ) ;
#9038 = CARTESIAN_POINT ( 'NONE',  ( 4.653657836759941941E-15, 0.000000000000000000, 38.00000000000000000 ) ) ;
#9039 = EDGE_CURVE ( 'NONE', #5012, #8117, #3856, .T. ) ;
#9040 = EDGE_CURVE ( 'NONE', #2105, #5908, #2724, .T. ) ;
#9041 = AXIS2_PLACEMENT_3D ( 'NONE', #9072, #3745, #3793 ) ;
#9042 = VERTEX_POINT ( 'NONE', #2874 ) ;
#9043 = FACE_BOUND ( 'NONE', #8905, .T. ) ;
#9044 = MANIFOLD_SOLID_BREP ( 'Boss-Extrude1', #4144 ) ;
#9045 = CARTESIAN_POINT ( 'NONE',  ( 37.50000000000000000, 15.41602615938555587, 20.00000000000000000 ) ) ;
#9046 = ORIENTED_EDGE ( 'NONE', *, *, #2530, .T. ) ;
#9047 = DIRECTION ( 'NONE',  ( 0.000000000000000000, 0.000000000000000000, -1.000000000000000000 ) ) ;
#9048 = VECTOR ( 'NONE', #1702, 1000.000000000000000 ) ;
#9049 = CARTESIAN_POINT ( 'NONE',  ( 1.922589221164495318E-12, 231.5319541335528015, 131.9999999999984652 ) ) ;
#9050 = VECTOR ( 'NONE', #6636, 1000.000000000000000 ) ;
#9051 = CARTESIAN_POINT ( 'NONE',  ( -30.58881743660580810, 13.32857542894197422, -22.54849862006557260 ) ) ;
#9052 = TOROIDAL_SURFACE ( 'NONE', #4792, 7.000000000000000000, 3.000000000000000000 ) ;
#9053 = EDGE_CURVE ( 'NONE', #9130, #4472, #3006, .T. ) ;
#9054 = EDGE_CURVE ( 'NONE', #7493, #3334, #530, .T. ) ;
#9055 = CARTESIAN_POINT ( 'NONE',  ( 0.000000000000000000, 44.00000000000049738, -217.5000000000000568 ) ) ;
#9056 = ORIENTED_EDGE ( 'NONE', *, *, #619, .T. ) ;
#9057 = FACE_OUTER_BOUND ( 'NONE', #2340, .T. ) ;
#9058 = APPLICATION_CONTEXT ( 'automotive_design' ) ;
#9059 = CIRCLE ( 'NONE', #8416, 39.50000000000000000 ) ;
#9060 = DIRECTION ( 'NONE',  ( -0.000000000000000000, -1.000000000000000000, -0.000000000000000000 ) ) ;
#9061 = CIRCLE ( 'NONE', #5110, 80.00000000000000000 ) ;
#9062 = DIRECTION ( 'NONE',  ( 0.000000000000000000, 1.396592535537253342E-14, -1.000000000000000000 ) ) ;
#9063 = FACE_OUTER_BOUND ( 'NONE', #1203, .T. ) ;
#9064 = VERTEX_POINT ( 'NONE', #8743 ) ;
#9065 = ORIENTED_EDGE ( 'NONE', *, *, #7911, .T. ) ;
#9066 = CARTESIAN_POINT ( 'NONE',  ( 5.204748896376249319E-15, 90.00000000000000000, 42.49999999999999289 ) ) ;
#9067 = CARTESIAN_POINT ( 'NONE',  ( 64.56989347527186851, -3.230592380279007081, -106.5000000000003411 ) ) ;
#9068 = ORIENTED_EDGE ( 'NONE', *, *, #8025, .F. ) ;
#9069 = CIRCLE ( 'NONE', #4330, 2.999999999999996891 ) ;
#9070 = LINE ( 'NONE', #1551, #5623 ) ;
#9071 = ORIENTED_EDGE ( 'NONE', *, *, #6987, .T. ) ;
#9072 = CARTESIAN_POINT ( 'NONE',  ( 0.000000000000000000, 0.000000000000000000, -12.00000000000000711 ) ) ;
#9073 = CARTESIAN_POINT ( 'NONE',  ( -38.74999999995439026, 1.474284678808908788, -8.968695557329862567 ) ) ;
#9074 = CARTESIAN_POINT ( 'NONE',  ( 19.06110445326922331, 15.02303221477654915, 32.87688851613702923 ) ) ;
#9075 = ORIENTED_EDGE ( 'NONE', *, *, #5876, .T. ) ;
#9076 = CARTESIAN_POINT ( 'NONE',  ( 38.00000000000000000, 8.774964387392147458, 12.00000000000000000 ) ) ;
#9077 = ORIENTED_EDGE ( 'NONE', *, *, #311, .F. ) ;
#9078 = ADVANCED_FACE ( 'NONE', ( #6586 ), #6224, .F. ) ;
#9079 = ORIENTED_EDGE ( 'NONE', *, *, #7296, .F. ) ;
#9080 = DIRECTION ( 'NONE',  ( -0.000000000000000000, -1.000000000000000000, -0.000000000000000000 ) ) ;
#9081 = CYLINDRICAL_SURFACE ( 'NONE', #6278, 5.000000000000004441 ) ;
#9082 = ORIENTED_EDGE ( 'NONE', *, *, #5943, .T. ) ;
#9083 = AXIS2_PLACEMENT_3D ( 'NONE', #897, #3028, #7620 ) ;
#9084 = CARTESIAN_POINT ( 'NONE',  ( 16.07078848136358573, 30.77880179443003072, -39.34454580417492764 ) ) ;
#9085 = DIRECTION ( 'NONE',  ( -0.000000000000000000, -1.000000000000000000, -0.000000000000000000 ) ) ;
#9086 = EDGE_CURVE ( 'NONE', #4459, #712, #5844, .T. ) ;
#9087 = CIRCLE ( 'NONE', #1180, 3.000000000000001332 ) ;
#9088 = CARTESIAN_POINT ( 'NONE',  ( -42.49936592117558831, 20.77433629923643110, -0.9305251205887933308 ) ) ;
#9089 = ADVANCED_FACE ( 'NONE', ( #3870 ), #838, .T. ) ;
#9090 = TOROIDAL_SURFACE ( 'NONE', #3725, 7.000000000000000000, 3.000000000000000000 ) ;
#9091 = DIRECTION ( 'NONE',  ( 2.584927402981196428E-16, -1.000000000000000000, -0.000000000000000000 ) ) ;
#9092 = CARTESIAN_POINT ( 'NONE',  ( 37.54294426386833550, 20.34105912425785334, 5.893556794726663384 ) ) ;
#9093 = CARTESIAN_POINT ( 'NONE',  ( -36.00000000000001421, 1.367562764689260302, 11.95826074310139653 ) ) ;
#9094 = CARTESIAN_POINT ( 'NONE',  ( 3.673940397442058389E-15, 30.00000000000206768, -349.5000000000002274 ) ) ;
#9095 = VECTOR ( 'NONE', #323, 1000.000000000000000 ) ;
#9096 = AXIS2_PLACEMENT_3D ( 'NONE', #2641, #5609, #1840 ) ;
#9097 = ORIENTED_EDGE ( 'NONE', *, *, #884, .F. ) ;
#9098 = CARTESIAN_POINT ( 'NONE',  ( 4.837354856632045452E-15, 55.29999999999999716, -39.50000000000000000 ) ) ;
#9099 = EDGE_CURVE ( 'NONE', #431, #7584, #5426, .T. ) ;
#9100 = SURFACE_SIDE_STYLE ('',( #9748 ) ) ;
#9101 = ORIENTED_EDGE ( 'NONE', *, *, #5153, .T. ) ;
#9102 = AXIS2_PLACEMENT_3D ( 'NONE', #8498, #3172, #3220 ) ;
#9103 = DIRECTION ( 'NONE',  ( 1.000000000000000000, 0.000000000000000000, 0.000000000000000000 ) ) ;
#9104 = CARTESIAN_POINT ( 'NONE',  ( 2.588470223964284756E-13, 264.1319541335541317, 91.00000000000002842 ) ) ;
#9105 = DIRECTION ( 'NONE',  ( -0.000000000000000000, -6.982962677686266711E-15, 1.000000000000000000 ) ) ;
#9106 = CARTESIAN_POINT ( 'NONE',  ( -34.88992150064375863, 10.51684294597052372, -24.26838863017689718 ) ) ;
#9107 = ORIENTED_EDGE ( 'NONE', *, *, #4376, .T. ) ;
#9108 = DIRECTION ( 'NONE',  ( -0.000000000000000000, 1.000000000000000000, -0.000000000000000000 ) ) ;
#9109 = AXIS2_PLACEMENT_3D ( 'NONE', #970, #5376, #3999 ) ;
#9110 = LINE ( 'NONE', #8361, #402 ) ;
#9111 = EDGE_CURVE ( 'NONE', #5238, #3585, #2527, .T. ) ;
#9112 = DIRECTION ( 'NONE',  ( -0.2840153447039201473, -0.9588197348681938292, -6.695402423213638926E-15 ) ) ;
#9113 = CARTESIAN_POINT ( 'NONE',  ( 0.000000000000000000, 4.299999999999999822, 0.000000000000000000 ) ) ;
#9114 = ORIENTED_EDGE ( 'NONE', *, *, #7163, .F. ) ;
#9115 = APPLICATION_CONTEXT ( 'automotive_design' ) ;
#9116 = ORIENTED_EDGE ( 'NONE', *, *, #5485, .T. ) ;
#9117 = CARTESIAN_POINT ( 'NONE',  ( 34.46309434771097813, 8.587941529939119079, -24.87238447560082122 ) ) ;
#9118 = CARTESIAN_POINT ( 'NONE',  ( -38.89087296526011528, 0.1091270347463816487, -448.5000000000006821 ) ) ;
#9119 = ORIENTED_EDGE ( 'NONE', *, *, #279, .F. ) ;
#9120 = CIRCLE ( 'NONE', #4849, 42.49999999999999289 ) ;
#9121 = DIRECTION ( 'NONE',  ( 0.000000000000000000, -1.000000000000000000, 0.000000000000000000 ) ) ;
#9122 = ORIENTED_EDGE ( 'NONE', *, *, #7871, .F. ) ;
#9123 = DIRECTION ( 'NONE',  ( -0.000000000000000000, -0.000000000000000000, -1.000000000000000000 ) ) ;
#9124 = LINE ( 'NONE', #4816, #8922 ) ;
#9125 = DIRECTION ( 'NONE',  ( 0.000000000000000000, 0.000000000000000000, 1.000000000000000000 ) ) ;
#9126 = VERTEX_POINT ( 'NONE', #1385 ) ;
#9127 = AXIS2_PLACEMENT_3D ( 'NONE', #8389, #4536, #5429 ) ;
#9128 = DIRECTION ( 'NONE',  ( 1.000000000000000000, 0.000000000000000000, 0.000000000000000000 ) ) ;
#9129 = ORIENTED_EDGE ( 'NONE', *, *, #7720, .F. ) ;
#9130 = VERTEX_POINT ( 'NONE', #9000 ) ;
#9131 = ORIENTED_EDGE ( 'NONE', *, *, #5234, .T. ) ;
#9132 = DIRECTION ( 'NONE',  ( -0.000000000000000000, -6.982962677686266711E-15, 1.000000000000000000 ) ) ;
#9133 = DIRECTION ( 'NONE',  ( -0.000000000000000000, -1.396592535537253342E-14, 1.000000000000000000 ) ) ;
#9134 = EDGE_LOOP ( 'NONE', ( #6155, #7808, #9729, #107 ) ) ;
#9135 = MECHANICAL_DESIGN_GEOMETRIC_PRESENTATION_REPRESENTATION (  '', ( #5338 ), #1556 ) ;
#9136 = FACE_BOUND ( 'NONE', #6363, .T. ) ;
#9137 = MANIFOLD_SOLID_BREP ( 'Fillet4', #5564 ) ;
#9138 = CARTESIAN_POINT ( 'NONE',  ( -27.00000000000000000, 1.373088835407637272E-16, 19.00000000000000000 ) ) ;
#9139 = CARTESIAN_POINT ( 'NONE',  ( 37.99999999999999289, 43.35812545754029657, 8.999999999999987566 ) ) ;
#9140 = EDGE_LOOP ( 'NONE', ( #5869, #7186, #8219, #2597, #660, #7478 ) ) ;
#9141 = AXIS2_PLACEMENT_3D ( 'NONE', #6780, #6037, #3667 ) ;
#9142 = PLANE ( 'NONE',  #2656 ) ;
#9143 = CARTESIAN_POINT ( 'NONE',  ( -38.68759559582434804, 2.941038293923102565, -8.974564642706452489 ) ) ;
#9144 = DIRECTION ( 'NONE',  ( 0.000000000000000000, -0.000000000000000000, -1.000000000000000000 ) ) ;
#9145 = LINE ( 'NONE', #2370, #8634 ) ;
#9146 = CIRCLE ( 'NONE', #6299, 42.49999999999999289 ) ;
#9147 = EDGE_CURVE ( 'NONE', #1313, #5993, #8250, .T. ) ;
#9148 = CIRCLE ( 'NONE', #2674, 39.00000000000000711 ) ;
#9149 = VERTEX_POINT ( 'NONE', #7514 ) ;
#9150 = DIRECTION ( 'NONE',  ( 0.000000000000000000, 0.000000000000000000, 1.000000000000000000 ) ) ;
#9151 = AXIS2_PLACEMENT_3D ( 'NONE', #6589, #7970, #2784 ) ;
#9152 = CARTESIAN_POINT ( 'NONE',  ( -14.04803804105317688, 44.57935999856946552, 35.30925662054371372 ) ) ;
#9153 = VERTEX_POINT ( 'NONE', #9045 ) ;
#9154 = CARTESIAN_POINT ( 'NONE',  ( 14.27967638870493872, 18.71559852197949780, -40.03017027600715494 ) ) ;
#9155 = AXIS2_PLACEMENT_3D ( 'NONE', #7495, #9582, #8090 ) ;
#9156 = APPLICATION_PROTOCOL_DEFINITION ( 'draft international standard', 'automotive_design', 1998, #1341 ) ;
#9157 = CARTESIAN_POINT ( 'NONE',  ( 0.000000000000000000, 43.50000000000000711, -42.49999999999999289 ) ) ;
#9158 = DIRECTION ( 'NONE',  ( 0.000000000000000000, 1.000000000000000000, 0.000000000000000000 ) ) ;
#9159 = ADVANCED_FACE ( 'NONE', ( #7614 ), #3372, .T. ) ;
#9160 = EDGE_LOOP ( 'NONE', ( #2558, #1014, #8478, #5035 ) ) ;
#9161 = CARTESIAN_POINT ( 'NONE',  ( 16.39065672568923304, 24.81607899982792276, 39.21287369610895723 ) ) ;
#9162 = CARTESIAN_POINT ( 'NONE',  ( 0.000000000000000000, 87.99999999999984368, -124.4999999999997158 ) ) ;
#9163 = DIRECTION ( 'NONE',  ( -0.000000000000000000, -1.396592535537253342E-14, 1.000000000000000000 ) ) ;
#9164 = ORIENTED_EDGE ( 'NONE', *, *, #8233, .T. ) ;
#9165 = ORIENTED_EDGE ( 'NONE', *, *, #3503, .F. ) ;
#9166 = CARTESIAN_POINT ( 'NONE',  ( 16.95757667148771120, 48.28588414523897399, -8.999999999999998224 ) ) ;
#9167 = ORIENTED_EDGE ( 'NONE', *, *, #2072, .F. ) ;
#9168 = FACE_BOUND ( 'NONE', #4771, .T. ) ;
#9169 = CARTESIAN_POINT ( 'NONE',  ( 0.000000000000000000, 87.99999999999984368, -124.4999999999997158 ) ) ;
#9170 = ADVANCED_FACE ( 'NONE', ( #983 ), #6234, .T. ) ;
#9171 = EDGE_CURVE ( 'NONE', #3157, #5377, #8396, .T. ) ;
#9172 = ORIENTED_EDGE ( 'NONE', *, *, #4964, .T. ) ;
#9173 = DIRECTION ( 'NONE',  ( 0.000000000000000000, 0.000000000000000000, -1.000000000000000000 ) ) ;
#9174 = CARTESIAN_POINT ( 'NONE',  ( 24.73913988196211733, 57.80868809443031608, 5.999999999999987566 ) ) ;
#9175 = CARTESIAN_POINT ( 'NONE',  ( 35.61464024155682750, 5.426187063174170433, -11.98701582130421528 ) ) ;
#9176 = ORIENTED_EDGE ( 'NONE', *, *, #3437, .T. ) ;
#9177 = FACE_BOUND ( 'NONE', #8800, .T. ) ;
#9178 = VERTEX_POINT ( 'NONE', #3319 ) ;
#9179 = VERTEX_POINT ( 'NONE', #9299 ) ;
#9180 = DIRECTION ( 'NONE',  ( 1.000000000000000000, 0.000000000000000000, 0.000000000000000000 ) ) ;
#9181 = CARTESIAN_POINT ( 'NONE',  ( 3.673940397442059178E-15, 30.00000000000210676, -352.5000000000002842 ) ) ;
#9182 = EDGE_LOOP ( 'NONE', ( #7335, #8171, #2499, #3599 ) ) ;
#9183 = EDGE_CURVE ( 'NONE', #9465, #7561, #5539, .T. ) ;
#9184 = EDGE_CURVE ( 'NONE', #7028, #3334, #1626, .T. ) ;
#9185 = PLANE ( 'NONE',  #8583 ) ;
#9186 = CARTESIAN_POINT ( 'NONE',  ( 35.38612840771855161, 6.760952852633394627, 11.99999999927685579 ) ) ;
#9187 = FACE_OUTER_BOUND ( 'NONE', #7379, .T. ) ;
#9188 = ORIENTED_EDGE ( 'NONE', *, *, #3500, .T. ) ;
#9189 = CARTESIAN_POINT ( 'NONE',  ( 0.000000000000000000, 71.09999999999999432, 39.50000000000000000 ) ) ;
#9190 = DIRECTION ( 'NONE',  ( 0.000000000000000000, 0.000000000000000000, 1.000000000000000000 ) ) ;
#9191 = CARTESIAN_POINT ( 'NONE',  ( 36.00000000000000000, 43.99999999999999289, -106.5000000000000000 ) ) ;
#9192 = DIRECTION ( 'NONE',  ( 0.000000000000000000, 1.000000000000000000, 7.116814260417670090E-15 ) ) ;
#9193 = ORIENTED_EDGE ( 'NONE', *, *, #1119, .T. ) ;
#9194 = FACE_OUTER_BOUND ( 'NONE', #4043, .T. ) ;
#9195 = AXIS2_PLACEMENT_3D ( 'NONE', #4869, #3300, #5521 ) ;
#9196 = CARTESIAN_POINT ( 'NONE',  ( -35.07692307692308020, 8.099967126823520047, -9.000000000000001776 ) ) ;
#9197 = VERTEX_POINT ( 'NONE', #3173 ) ;
#9198 = EDGE_CURVE ( 'NONE', #1699, #6417, #7665, .T. ) ;
#9199 = DIRECTION ( 'NONE',  ( -0.000000000000000000, -0.000000000000000000, -1.000000000000000000 ) ) ;
#9200 = DIRECTION ( 'NONE',  ( 0.000000000000000000, 1.000000000000000000, 0.000000000000000000 ) ) ;
#9201 = AXIS2_PLACEMENT_3D ( 'NONE', #810, #4570, #1504 ) ;
#9202 = AXIS2_PLACEMENT_3D ( 'NONE', #956, #5602, #6340 ) ;
#9203 = CARTESIAN_POINT ( 'NONE',  ( 5.204748896376249319E-15, 78.50000000000000000, 42.49999999999999289 ) ) ;
#9204 = ORIENTED_EDGE ( 'NONE', *, *, #9628, .F. ) ;
#9205 = FACE_BOUND ( 'NONE', #7739, .T. ) ;
#9206 = DIRECTION ( 'NONE',  ( -0.000000000000000000, 0.000000000000000000, 1.000000000000000000 ) ) ;
#9207 = AXIS2_PLACEMENT_3D ( 'NONE', #7425, #3673, #1443 ) ;
#9208 = AXIS2_PLACEMENT_3D ( 'NONE', #1092, #1885, #8748 ) ;
#9209 = CARTESIAN_POINT ( 'NONE',  ( -7.387276416084015196, 5.733982774479184030, 37.28217010284050303 ) ) ;
#9210 = ORIENTED_EDGE ( 'NONE', *, *, #1099, .F. ) ;
#9211 = EDGE_CURVE ( 'NONE', #578, #7634, #926, .T. ) ;
#9212 = ORIENTED_EDGE ( 'NONE', *, *, #7594, .T. ) ;
#9213 = DIRECTION ( 'NONE',  ( 0.000000000000000000, 0.000000000000000000, 1.000000000000000000 ) ) ;
#9214 = DIRECTION ( 'NONE',  ( 1.000000000000000000, 0.000000000000000000, 0.000000000000000000 ) ) ;
#9215 = VERTEX_POINT ( 'NONE', #5388 ) ;
#9216 = DIRECTION ( 'NONE',  ( -0.2840153447039201473, -0.9588197348681938292, -6.695402423213638926E-15 ) ) ;
#9217 = DIRECTION ( 'NONE',  ( 0.000000000000000000, 1.396592535537253342E-14, -1.000000000000000000 ) ) ;
#9218 = AXIS2_PLACEMENT_3D ( 'NONE', #1496, #753, #9758 ) ;
#9219 = ORIENTED_EDGE ( 'NONE', *, *, #3013, .T. ) ;
#9220 = VECTOR ( 'NONE', #4014, 1000.000000000000000 ) ;
#9221 = CARTESIAN_POINT ( 'NONE',  ( 16.50000000000000355, 27.00000000000000000, 19.00000000000000000 ) ) ;
#9222 = CARTESIAN_POINT ( 'NONE',  ( -37.99999999999997158, -95.70788891204318816, -9.000000000000000000 ) ) ;
#9223 = PLANE ( 'NONE',  #995 ) ;
#9224 = ORIENTED_EDGE ( 'NONE', *, *, #1973, .F. ) ;
#9225 = CARTESIAN_POINT ( 'NONE',  ( 0.000000000000000000, 2.108854728661257444E-12, -352.5000000000006821 ) ) ;
#9226 = ORIENTED_EDGE ( 'NONE', *, *, #1303, .T. ) ;
#9227 = ADVANCED_FACE ( 'NONE', ( #242, #4063 ), #4695, .F. ) ;
#9228 = ORIENTED_EDGE ( 'NONE', *, *, #3040, .F. ) ;
#9229 = CIRCLE ( 'NONE', #4950, 35.99999999999999289 ) ;
#9230 = CARTESIAN_POINT ( 'NONE',  ( 0.000000000000000000, 78.50000000000000000, -42.49999999999999289 ) ) ;
#9231 = EDGE_CURVE ( 'NONE', #661, #6823, #6456, .T. ) ;
#9232 = CARTESIAN_POINT ( 'NONE',  ( 42.38224933252627835, 20.64987890535589088, 3.193933342153458366 ) ) ;
#9233 = CARTESIAN_POINT ( 'NONE',  ( 35.38462345019672028, 6.767470074049371398, 11.99999999999998579 ) ) ;
#9234 = ORIENTED_EDGE ( 'NONE', *, *, #1154, .F. ) ;
#9235 = DIRECTION ( 'NONE',  ( -0.7808688094430301652, 0.6246950475544243986, 1.425885742525140859E-16 ) ) ;
#9236 = DIRECTION ( 'NONE',  ( -0.000000000000000000, -0.000000000000000000, 1.000000000000000000 ) ) ;
#9237 = DIRECTION ( 'NONE',  ( 0.000000000000000000, -1.000000000000000000, 0.000000000000000000 ) ) ;
#9238 = EDGE_CURVE ( 'NONE', #8185, #1707, #3918, .T. ) ;
#9239 = VERTEX_POINT ( 'NONE', #6283 ) ;
#9240 = DIRECTION ( 'NONE',  ( 0.000000000000000000, -6.982962677686266711E-15, 1.000000000000000000 ) ) ;
#9241 = EDGE_CURVE ( 'NONE', #7492, #4731, #2830, .T. ) ;
#9242 = DIRECTION ( 'NONE',  ( 0.000000000000000000, -0.000000000000000000, 1.000000000000000000 ) ) ;
#9243 = AXIS2_PLACEMENT_3D ( 'NONE', #3228, #3079, #6040 ) ;
#9244 = DIRECTION ( 'NONE',  ( -1.000000000000000000, -2.584927402981193470E-16, 0.000000000000000000 ) ) ;
#9245 = CARTESIAN_POINT ( 'NONE',  ( 1.824723730729555837E-15, 82.00000000000000000, 14.89999999999999680 ) ) ;
#9246 = VERTEX_POINT ( 'NONE', #2525 ) ;
#9247 = VECTOR ( 'NONE', #8095, 1000.000000000000000 ) ;
#9248 = CIRCLE ( 'NONE', #5296, 16.00000000000000000 ) ;
#9249 = CARTESIAN_POINT ( 'NONE',  ( -18.49218940641788933, 57.00000000000000000, 8.999999999999996447 ) ) ;
#9250 = PRODUCT_DEFINITION ( 'UNKNOWN', '', #4734, #9560 ) ;
#9251 = AXIS2_PLACEMENT_3D ( 'NONE', #832, #8442, #3268 ) ;
#9252 = DIRECTION ( 'NONE',  ( -1.000000000000000000, 0.000000000000000000, 2.478176394252581634E-16 ) ) ;
#9253 = ORIENTED_EDGE ( 'NONE', *, *, #2251, .F. ) ;
#9254 = CARTESIAN_POINT ( 'NONE',  ( 2.171579634158782302, 10.63441907810350706, -42.44796544531575222 ) ) ;
#9255 = DIRECTION ( 'NONE',  ( 0.000000000000000000, 0.000000000000000000, -1.000000000000000000 ) ) ;
#9256 = CIRCLE ( 'NONE', #4348, 4.499999999999997335 ) ;
#9257 = CIRCLE ( 'NONE', #6728, 2.999999999999999112 ) ;
#9258 = DIRECTION ( 'NONE',  ( 0.000000000000000000, -1.000000000000000000, -6.938893903907228378E-15 ) ) ;
#9259 = ORIENTED_EDGE ( 'NONE', *, *, #131, .F. ) ;
#9260 = DIRECTION ( 'NONE',  ( -0.000000000000000000, -0.000000000000000000, -1.000000000000000000 ) ) ;
#9261 = CIRCLE ( 'NONE', #5471, 4.499999999999998224 ) ;
#9262 = DIRECTION ( 'NONE',  ( -1.000000000000000000, 0.000000000000000000, 0.000000000000000000 ) ) ;
#9263 = CARTESIAN_POINT ( 'NONE',  ( -1.527021992107803872, 4.499999999999993783, 38.00000000000001421 ) ) ;
#9264 = ORIENTED_EDGE ( 'NONE', *, *, #4738, .F. ) ;
#9265 = ORIENTED_EDGE ( 'NONE', *, *, #2494, .T. ) ;
#9266 = DIRECTION ( 'NONE',  ( -0.000000000000000000, 0.000000000000000000, 1.000000000000000000 ) ) ;
#9267 = FACE_OUTER_BOUND ( 'NONE', #6151, .T. ) ;
#9268 = CARTESIAN_POINT ( 'NONE',  ( 0.000000000000000000, 44.00000000000000000, 48.50000000000000000 ) ) ;
#9269 = CARTESIAN_POINT ( 'NONE',  ( -10.60459098999964134, 169.5080723089007790, 9.000000000000000000 ) ) ;
#9270 = ORIENTED_EDGE ( 'NONE', *, *, #2920, .F. ) ;
#9271 = CARTESIAN_POINT ( 'NONE',  ( 0.000000000000000000, 87.99999999999971578, -106.4999999999997016 ) ) ;
#9272 = ADVANCED_FACE ( 'NONE', ( #6183 ), #133, .F. ) ;
#9273 = EDGE_CURVE ( 'NONE', #1313, #4576, #4868, .T. ) ;
#9274 = CARTESIAN_POINT ( 'NONE',  ( -42.49999999999999289, -19.22498999199197911, -5.416672317624936334E-15 ) ) ;
#9275 = FACE_BOUND ( 'NONE', #6551, .T. ) ;
#9276 = ORIENTED_EDGE ( 'NONE', *, *, #2329, .T. ) ;
#9277 = FACE_OUTER_BOUND ( 'NONE', #6353, .T. ) ;
#9278 = EDGE_LOOP ( 'NONE', ( #6530, #2240, #8476, #7281 ) ) ;
#9279 = ORIENTED_EDGE ( 'NONE', *, *, #4640, .F. ) ;
#9280 = VECTOR ( 'NONE', #8386, 1000.000000000000000 ) ;
#9281 = CARTESIAN_POINT ( 'NONE',  ( 42.47011356942472560, 20.74325979436793332, 1.834265006574621770 ) ) ;
#9282 = DIRECTION ( 'NONE',  ( -0.000000000000000000, 1.000000000000000000, -0.000000000000000000 ) ) ;
#9283 = VERTEX_POINT ( 'NONE', #4148 ) ;
#9284 = DIRECTION ( 'NONE',  ( -0.000000000000000000, 6.982962677686266711E-15, -1.000000000000000000 ) ) ;
#9285 = EDGE_CURVE ( 'NONE', #6404, #8841, #2186, .T. ) ;
#9286 = AXIS2_PLACEMENT_3D ( 'NONE', #5385, #2473, #8494 ) ;
#9287 = CARTESIAN_POINT ( 'NONE',  ( 0.000000000000000000, 78.50000000000000000, 0.000000000000000000 ) ) ;
#9288 = EDGE_CURVE ( 'NONE', #3702, #9677, #8006, .T. ) ;
#9289 = CARTESIAN_POINT ( 'NONE',  ( 64.56989347527186851, -3.230592380278214382, -220.5000000000003979 ) ) ;
#9290 = VERTEX_POINT ( 'NONE', #9394 ) ;
#9291 = LINE ( 'NONE', #9433, #9440 ) ;
#9292 = DIRECTION ( 'NONE',  ( -0.000000000000000000, -0.000000000000000000, -1.000000000000000000 ) ) ;
#9293 = AXIS2_PLACEMENT_3D ( 'NONE', #8587, #5720, #7905 ) ;
#9294 = CARTESIAN_POINT ( 'NONE',  ( 19.43475361544497915, 1.018532277898461791, 9.000000000000000000 ) ) ;
#9295 = ADVANCED_FACE ( 'NONE', ( #5834 ), #2718, .T. ) ;
#9296 = EDGE_CURVE ( 'NONE', #9126, #6970, #4292, .T. ) ;
#9297 = LINE ( 'NONE', #290, #9723 ) ;
#9298 = VECTOR ( 'NONE', #2618, 1000.000000000000000 ) ;
#9299 = CARTESIAN_POINT ( 'NONE',  ( 28.61817604250836666, 6.755772121541173014, 25.00000000000000000 ) ) ;
#9300 = EDGE_LOOP ( 'NONE', ( #7974, #4032, #5108, #9131 ) ) ;
#9301 = LINE ( 'NONE', #892, #8652 ) ;
#9302 = CONTEXT_DEPENDENT_SHAPE_REPRESENTATION ( #6343, #6595 ) ;
#9303 = CARTESIAN_POINT ( 'NONE',  ( -19.43475361544497559, 1.018532277898461569, -9.000000000000000000 ) ) ;
#9304 = DIRECTION ( 'NONE',  ( 0.000000000000000000, 1.000000000000000000, 1.387778780781445991E-14 ) ) ;
#9305 = EDGE_CURVE ( 'NONE', #1117, #5329, #7159, .T. ) ;
#9306 = EDGE_LOOP ( 'NONE', ( #4110, #533, #5103, #615 ) ) ;
#9307 = CARTESIAN_POINT ( 'NONE',  ( 0.000000000000000000, 27.00000000000000000, 42.50099999999999767 ) ) ;
#9308 = CARTESIAN_POINT ( 'NONE',  ( -37.83830693742151396, 20.62142837411936469, 3.619072189880263579 ) ) ;
#9309 = CIRCLE ( 'NONE', #2523, 3.000000000000002665 ) ;
#9310 = CARTESIAN_POINT ( 'NONE',  ( -21.26804159345394041, 19.64763317072064908, 31.49116742877445319 ) ) ;
#9311 = EDGE_LOOP ( 'NONE', ( #3069, #9425, #2909, #9374 ) ) ;
#9312 =( NAMED_UNIT ( * ) SI_UNIT ( $, .STERADIAN. ) SOLID_ANGLE_UNIT ( ) );
#9313 = AXIS2_PLACEMENT_3D ( 'NONE', #8256, #6825, #3722 ) ;
#9314 = CARTESIAN_POINT ( 'NONE',  ( 38.75000000000000000, 0.000000000000000000, -8.968695557326061163 ) ) ;
#9315 = ORIENTED_EDGE ( 'NONE', *, *, #3466, .T. ) ;
#9316 = LINE ( 'NONE', #2496, #1853 ) ;
#9317 = CARTESIAN_POINT ( 'NONE',  ( 0.000000000000000000, 85.00000000000000000, 0.000000000000000000 ) ) ;
#9318 = ORIENTED_EDGE ( 'NONE', *, *, #5106, .T. ) ;
#9319 = CARTESIAN_POINT ( 'NONE',  ( -16.00000000000000000, 44.00000000000000000, 48.50000000000000000 ) ) ;
#9320 = DIRECTION ( 'NONE',  ( 0.000000000000000000, 1.000000000000000000, 0.000000000000000000 ) ) ;
#9321 = DIRECTION ( 'NONE',  ( -1.000000000000000000, 0.000000000000000000, 0.000000000000000000 ) ) ;
#9322 = EDGE_LOOP ( 'NONE', ( #984, #8644, #6514, #7933 ) ) ;
#9323 = CARTESIAN_POINT ( 'NONE',  ( -39.87408514266326875, 45.70073188586938784, 5.999999999999999112 ) ) ;
#9324 = ORIENTED_EDGE ( 'NONE', *, *, #9596, .F. ) ;
#9325 = ORIENTED_EDGE ( 'NONE', *, *, #4663, .T. ) ;
#9326 = FACE_OUTER_BOUND ( 'NONE', #6240, .T. ) ;
#9327 = EDGE_CURVE ( 'NONE', #8332, #5630, #3308, .T. ) ;
#9328 = ADVANCED_FACE ( 'NONE', ( #6578 ), #7259, .T. ) ;
#9329 = ORIENTED_EDGE ( 'NONE', *, *, #4264, .T. ) ;
#9330 = LINE ( 'NONE', #2552, #5739 ) ;
#9331 = DIRECTION ( 'NONE',  ( 1.000000000000000000, 0.000000000000000000, 0.000000000000000000 ) ) ;
#9332 = CARTESIAN_POINT ( 'NONE',  ( 3.490243377569956456E-15, 61.00000000000092371, -278.4999999999998863 ) ) ;
#9333 = ORIENTED_EDGE ( 'NONE', *, *, #5541, .F. ) ;
#9334 = ORIENTED_EDGE ( 'NONE', *, *, #4522, .F. ) ;
#9335 = DIRECTION ( 'NONE',  ( -0.000000000000000000, -1.000000000000000000, -0.000000000000000000 ) ) ;
#9336 = EDGE_CURVE ( 'NONE', #6195, #7093, #8811, .T. ) ;
#9337 = DIRECTION ( 'NONE',  ( 0.000000000000000000, 6.982962677686266711E-15, -1.000000000000000000 ) ) ;
#9338 = ORIENTED_EDGE ( 'NONE', *, *, #6002, .T. ) ;
#9339 = FACE_OUTER_BOUND ( 'NONE', #25, .T. ) ;
#9340 = DIRECTION ( 'NONE',  ( 0.000000000000000000, -1.000000000000000000, 0.000000000000000000 ) ) ;
#9341 = ADVANCED_FACE ( 'NONE', ( #3611 ), #5077, .F. ) ;
#9342 = CARTESIAN_POINT ( 'NONE',  ( -37.49999999999999289, 15.41602615938556120, -20.00000000000000711 ) ) ;
#9343 = ADVANCED_FACE ( 'NONE', ( #1122 ), #3414, .T. ) ;
#9344 = ITEM_DEFINED_TRANSFORMATION ( 'NONE', 'NONE', #2993,  #3150 ) ;
#9345 = CARTESIAN_POINT ( 'NONE',  ( -7.339401161617373326, 41.78764210785101341, 41.86426817867546646 ) ) ;
#9346 = PRODUCT_DEFINITION_SHAPE ( 'NONE', 'NONE',  #4888 ) ;
#9347 = CARTESIAN_POINT ( 'NONE',  ( -34.51751045525497119, 98.22455240934094434, -121.4999999999996305 ) ) ;
#9348 = ORIENTED_EDGE ( 'NONE', *, *, #1528, .F. ) ;
#9349 = CIRCLE ( 'NONE', #190, 4.999999999997658762 ) ;
#9350 = CARTESIAN_POINT ( 'NONE',  ( -28.61817604250836666, 85.00000000000000000, 25.00000000000000000 ) ) ;
#9351 = CARTESIAN_POINT ( 'NONE',  ( 0.000000000000000000, 44.00000000000292744, -410.5000000000001137 ) ) ;
#9352 = CARTESIAN_POINT ( 'NONE',  ( 35.07692307692308020, 8.099967126823520047, -9.000000000000015987 ) ) ;
#9353 = ORIENTED_EDGE ( 'NONE', *, *, #825, .T. ) ;
#9354 = EDGE_CURVE ( 'NONE', #2669, #2689, #438, .T. ) ;
#9355 = ADVANCED_FACE ( 'NONE', ( #5030 ), #8053, .T. ) ;
#9356 = SHAPE_REPRESENTATION_RELATIONSHIP ( 'NONE' , 'NONE' ,  #6533, #3767 ) ;
#9357 = CARTESIAN_POINT ( 'NONE',  ( 5.204748896376249319E-15, 55.29999999999999716, 42.49999999999999289 ) ) ;
#9358 = CIRCLE ( 'NONE', #9208, 4.499999999999997335 ) ;
#9359 = CARTESIAN_POINT ( 'NONE',  ( -64.56989347527186851, 91.23059238028079676, -349.4999999999994316 ) ) ;
#9360 = CYLINDRICAL_SURFACE ( 'NONE', #2018, 22.50000000000000000 ) ;
#9361 = DIRECTION ( 'NONE',  ( 0.000000000000000000, 0.000000000000000000, 1.000000000000000000 ) ) ;
#9362 = EDGE_LOOP ( 'NONE', ( #7725, #8514, #3777, #6211 ) ) ;
#9363 = CARTESIAN_POINT ( 'NONE',  ( 0.000000000000000000, 44.00000000000341061, -445.5000000000000568 ) ) ;
#9364 = CIRCLE ( 'NONE', #9519, 16.50000000000000355 ) ;
#9365 = CARTESIAN_POINT ( 'NONE',  ( -32.31098884280702777, 15.41602615938555232, 20.00000000000000711 ) ) ;
#9366 = AXIS2_PLACEMENT_3D ( 'NONE', #1823, #9443, #8736 ) ;
#9367 = UNCERTAINTY_MEASURE_WITH_UNIT (LENGTH_MEASURE( 1.000000000000000082E-05 ), #5340, 'distance_accuracy_value', 'NONE');
#9368 = CARTESIAN_POINT ( 'NONE',  ( 5.204748896376249319E-15, 90.00000000000000000, 42.49999999999999289 ) ) ;
#9369 = ORIENTED_EDGE ( 'NONE', *, *, #4789, .F. ) ;
#9370 = CARTESIAN_POINT ( 'NONE',  ( 3.673940397442059178E-15, 117.9999999999998153, -121.4999999999995168 ) ) ;
#9371 = ORIENTED_EDGE ( 'NONE', *, *, #5821, .T. ) ;
#9372 = VERTEX_POINT ( 'NONE', #2670 ) ;
#9373 = CARTESIAN_POINT ( 'NONE',  ( 38.93560560128500470, 16.96548799984308076, -17.05733898669022253 ) ) ;
#9374 = ORIENTED_EDGE ( 'NONE', *, *, #5552, .F. ) ;
#9375 = CIRCLE ( 'NONE', #2895, 39.00000000000000000 ) ;
#9376 = AXIS2_PLACEMENT_3D ( 'NONE', #1446, #4602, #8363 ) ;
#9377 = CARTESIAN_POINT ( 'NONE',  ( 0.000000000000000000, 78.50000000000000000, 0.000000000000000000 ) ) ;
#9378 = DIRECTION ( 'NONE',  ( -1.000000000000000000, 0.000000000000000000, 0.000000000000000000 ) ) ;
#9379 = CARTESIAN_POINT ( 'NONE',  ( 35.61183127810986093, 5.447521708498284099, 9.128065913150667399 ) ) ;
#9380 = ADVANCED_FACE ( 'NONE', ( #1327 ), #7957, .T. ) ;
#9381 = VECTOR ( 'NONE', #1689, 1000.000000000000000 ) ;
#9382 = VECTOR ( 'NONE', #6120, 1000.000000000000000 ) ;
#9383 = CARTESIAN_POINT ( 'NONE',  ( 45.86407749709719894, 39.16395079242000321, -4.532570818729652729 ) ) ;
#9384 = ORIENTED_EDGE ( 'NONE', *, *, #1619, .T. ) ;
#9385 = ORIENTED_EDGE ( 'NONE', *, *, #9392, .T. ) ;
#9386 = PLANE ( 'NONE',  #5182 ) ;
#9387 = DIRECTION ( 'NONE',  ( 0.000000000000000000, -1.000000000000000000, 0.000000000000000000 ) ) ;
#9388 = VERTEX_POINT ( 'NONE', #2020 ) ;
#9389 = FACE_OUTER_BOUND ( 'NONE', #1502, .T. ) ;
#9390 = AXIS2_PLACEMENT_3D ( 'NONE', #3249, #417, #6352 ) ;
#9391 = EDGE_CURVE ( 'NONE', #1057, #6823, #7307, .T. ) ;
#9392 = EDGE_CURVE ( 'NONE', #3282, #6694, #1235, .T. ) ;
#9393 = VERTEX_POINT ( 'NONE', #4488 ) ;
#9394 = CARTESIAN_POINT ( 'NONE',  ( -34.51751045525497119, -10.22455240933905962, -349.5000000000007958 ) ) ;
#9395 = CARTESIAN_POINT ( 'NONE',  ( 14.92353041641323230, 10.10037440689189481, -34.96474418584866584 ) ) ;
#9396 = CARTESIAN_POINT ( 'NONE',  ( -8.000000000000000000, 0.000000000000000000, 9.000000000000000000 ) ) ;
#9397 = EDGE_LOOP ( 'NONE', ( #5718, #7628, #9101, #583 ) ) ;
#9398 = EDGE_CURVE ( 'NONE', #4379, #675, #5107, .T. ) ;
#9399 = DIRECTION ( 'NONE',  ( -1.000000000000000000, 0.000000000000000000, 0.000000000000000000 ) ) ;
#9400 = DIRECTION ( 'NONE',  ( -0.000000000000000000, 0.000000000000000000, 1.000000000000000000 ) ) ;
#9401 = TOROIDAL_SURFACE ( 'NONE', #9571, 19.00000000000000000, 3.000000000000000000 ) ;
#9402 = LINE ( 'NONE', #6245, #371 ) ;
#9403 = EDGE_LOOP ( 'NONE', ( #1695, #2845, #3636, #1606, #7148 ) ) ;
#9404 = VECTOR ( 'NONE', #9331, 1000.000000000000000 ) ;
#9405 = CARTESIAN_POINT ( 'NONE',  ( -38.00000000000000000, 30.00000000000000000, -9.000000000000000000 ) ) ;
#9406 = CARTESIAN_POINT ( 'NONE',  ( 34.51751045525497119, 98.22455240934137066, -182.4999999999996589 ) ) ;
#9407 = DIRECTION ( 'NONE',  ( 0.000000000000000000, -1.000000000000000000, -6.982962677686265922E-15 ) ) ;
#9408 = CARTESIAN_POINT ( 'NONE',  ( -46.82301913658589143, 40.14158469073186808, 2.063463580652302287 ) ) ;
#9409 = CARTESIAN_POINT ( 'NONE',  ( -38.75000000000000000, 1.473196481563970428, 8.968695557326046952 ) ) ;
#9410 = EDGE_LOOP ( 'NONE', ( #2934, #3441, #6645, #2831 ) ) ;
#9411 = CARTESIAN_POINT ( 'NONE',  ( 16.50000000000000000, 28.10223911813833553, 39.16631205513230185 ) ) ;
#9412 = AXIS2_PLACEMENT_3D ( 'NONE', #1139, #1836, #7830 ) ;
#9413 = AXIS2_PLACEMENT_3D ( 'NONE', #900, #3827, #5352 ) ;
#9414 = EDGE_CURVE ( 'NONE', #2849, #8299, #8242, .T. ) ;
#9415 = B_SPLINE_CURVE_WITH_KNOTS ( 'NONE', 3,
 ( #1766, #1724, #36, #6865, #8392, #3064 ),
 .UNSPECIFIED., .F., .F.,
 ( 4, 2, 4 ),
 ( 6.143619479644594420E-21, 0.004403506556374454928, 0.008807013112748909855 ),
 .UNSPECIFIED. ) ;
#9416 = CYLINDRICAL_SURFACE ( 'NONE', #8298, 36.00000000000000000 ) ;
#9417 = CARTESIAN_POINT ( 'NONE',  ( 34.36931771216878673, 6.755772121541200548, -25.00000000000000000 ) ) ;
#9418 = ORIENTED_EDGE ( 'NONE', *, *, #4109, .F. ) ;
#9419 = DIRECTION ( 'NONE',  ( 0.9588197348681938292, 0.2840153447039201473, 1.983268551957674146E-15 ) ) ;
#9420 = EDGE_LOOP ( 'NONE', ( #2354, #2431 ) ) ;
#9421 = ORIENTED_EDGE ( 'NONE', *, *, #4264, .F. ) ;
#9422 = DIRECTION ( 'NONE',  ( -1.000000000000000000, 0.000000000000000000, 0.000000000000000000 ) ) ;
#9423 = CARTESIAN_POINT ( 'NONE',  ( 34.51751045525497119, 98.22455240934164067, -220.4999999999996589 ) ) ;
#9424 = AXIS2_PLACEMENT_3D ( 'NONE', #7167, #4804, #7820 ) ;
#9425 = ORIENTED_EDGE ( 'NONE', *, *, #2478, .F. ) ;
#9426 = CARTESIAN_POINT ( 'NONE',  ( 0.000000000000000000, 2.667491742876158377E-12, -392.5000000000006821 ) ) ;
#9427 = CARTESIAN_POINT ( 'NONE',  ( 0.000000000000000000, -27.99999999999633360, -463.5000000000010800 ) ) ;
#9428 = AXIS2_PLACEMENT_3D ( 'NONE', #4435, #6811, #3656 ) ;
#9429 = CARTESIAN_POINT ( 'NONE',  ( 40.35573096249326142, 42.10173561087866290, -8.765754088664625243 ) ) ;
#9430 = ORIENTED_EDGE ( 'NONE', *, *, #2073, .T. ) ;
#9431 = ORIENTED_EDGE ( 'NONE', *, *, #3626, .F. ) ;
#9432 = PRODUCT_DEFINITION_SHAPE ( 'NONE', 'NONE',  #2230 ) ;
#9433 = CARTESIAN_POINT ( 'NONE',  ( 2.069653090559026923E-15, 2.000000000000029310, -16.89999999999999858 ) ) ;
#9434 = DIRECTION ( 'NONE',  ( 0.000000000000000000, 6.982962677686266711E-15, -1.000000000000000000 ) ) ;
#9435 = ORIENTED_EDGE ( 'NONE', *, *, #642, .T. ) ;
#9436 = PLANE ( 'NONE',  #3285 ) ;
#9437 = CIRCLE ( 'NONE', #9592, 72.00000000000000000 ) ;
#9438 = DIRECTION ( 'NONE',  ( 1.000000000000000000, 0.000000000000000000, 0.000000000000000000 ) ) ;
#9439 = ORIENTED_EDGE ( 'NONE', *, *, #288, .T. ) ;
#9440 = VECTOR ( 'NONE', #380, 1000.000000000000000 ) ;
#9441 = DIRECTION ( 'NONE',  ( 0.000000000000000000, 0.7071067811865439090, 0.7071067811865512365 ) ) ;
#9442 = CARTESIAN_POINT ( 'NONE',  ( 38.89087296526010817, 5.109127034743539575, -463.5000000000006253 ) ) ;
#9443 = DIRECTION ( 'NONE',  ( -0.000000000000000000, 1.000000000000000000, -0.000000000000000000 ) ) ;
#9444 = ADVANCED_FACE ( 'NONE', ( #2868, #2916 ), #7505, .F. ) ;
#9445 = AXIS2_PLACEMENT_3D ( 'NONE', #8929, #1368, #5824 ) ;
#9446 = EDGE_LOOP ( 'NONE', ( #5018, #4995, #4139, #222 ) ) ;
#9447 = CARTESIAN_POINT ( 'NONE',  ( -8.000000000000000000, 56.13861379461851442, 4.699999999999999289 ) ) ;
#9448 = VECTOR ( 'NONE', #4910, 1000.000000000000000 ) ;
#9449 = CARTESIAN_POINT ( 'NONE',  ( 9.091749107105970396, 47.58466043423957359, -36.89802054292653821 ) ) ;
#9450 = CARTESIAN_POINT ( 'NONE',  ( 38.68750310502052514, 2.942672785202235186, -8.974572379110087539 ) ) ;
#9451 = ORIENTED_EDGE ( 'NONE', *, *, #8495, .T. ) ;
#9452 =( NAMED_UNIT ( * ) SI_UNIT ( $, .STERADIAN. ) SOLID_ANGLE_UNIT ( ) );
#9453 = DIRECTION ( 'NONE',  ( 1.000000000000000000, 0.000000000000000000, -1.826024711554533913E-16 ) ) ;
#9454 = EDGE_CURVE ( 'NONE', #4222, #4923, #5934, .T. ) ;
#9455 = B_SPLINE_CURVE_WITH_KNOTS ( 'NONE', 3,
 ( #9578, #5968, #8979, #7993, #4235, #7391, #2805, #5819, #7248, #3496, #3597, #476, #5067, #6611, #3646, #9676, #2902, #8183, #3844, #4672, #6756, #7642, #7692, #722, #6850, #5265, #9023, #3798, #1654, #916, #67, #1457, #8423, #7542 ),
 .UNSPECIFIED., .F., .F.,
 ( 4, 2, 2, 2, 2, 2, 2, 2, 2, 2, 2, 2, 2, 2, 2, 2, 4 ),
 ( 0.03607177792721748960, 0.04057890419563916357, 0.04170568576274458206, 0.04283246732985000055, 0.04508603046406083753, 0.04733959359827167451, 0.04959315673248251843, 0.05410028300090420628, 0.05635384613511504326, 0.05860740926932588024, 0.06311453553774756808, 0.06424131710485299351, 0.06536809867195841894, 0.06762166180616926980, 0.06987522494038012066, 0.07100200650748555997, 0.07212878807459098540 ),
 .UNSPECIFIED. ) ;
#9456 = DIRECTION ( 'NONE',  ( 0.000000000000000000, 0.000000000000000000, 1.000000000000000000 ) ) ;
#9457 = CARTESIAN_POINT ( 'NONE',  ( -47.00000000000000711, 40.00000000000001421, 1.027104492632179289 ) ) ;
#9458 =( GEOMETRIC_REPRESENTATION_CONTEXT ( 3 ) GLOBAL_UNCERTAINTY_ASSIGNED_CONTEXT ( ( #3841 ) ) GLOBAL_UNIT_ASSIGNED_CONTEXT ( ( #8558, #1743, #9312 ) ) REPRESENTATION_CONTEXT ( 'NONE', 'WORKASPACE' ) );
#9459 = CARTESIAN_POINT ( 'NONE',  ( 0.000000000000000000, 2.066956952595139995E-12, -349.5000000000006821 ) ) ;
#9460 = ORIENTED_EDGE ( 'NONE', *, *, #378, .T. ) ;
#9461 = CARTESIAN_POINT ( 'NONE',  ( 15.94175636218996317, 31.28982096360461540, 39.39719745808883999 ) ) ;
#9462 = CIRCLE ( 'NONE', #1089, 42.49999999999999289 ) ;
#9463 = FACE_OUTER_BOUND ( 'NONE', #3413, .T. ) ;
#9464 = DIRECTION ( 'NONE',  ( -0.000000000000000000, 0.000000000000000000, 1.000000000000000000 ) ) ;
#9465 = VERTEX_POINT ( 'NONE', #4438 ) ;
#9466 = ORIENTED_EDGE ( 'NONE', *, *, #9238, .F. ) ;
#9467 = FACE_BOUND ( 'NONE', #8450, .T. ) ;
#9468 = VERTEX_POINT ( 'NONE', #6815 ) ;
#9469 = ORIENTED_EDGE ( 'NONE', *, *, #2286, .T. ) ;
#9470 = CARTESIAN_POINT ( 'NONE',  ( 34.36931771216879383, 9.184850993605148733E-15, -25.00000000000000000 ) ) ;
#9471 = CARTESIAN_POINT ( 'NONE',  ( 0.000000000000000000, 2.667491742876158377E-12, -392.5000000000006821 ) ) ;
#9472 = ADVANCED_FACE ( 'NONE', ( #8343 ), #8887, .T. ) ;
#9473 = EDGE_LOOP ( 'NONE', ( #1754, #5900, #8122, #6856 ) ) ;
#9474 = CIRCLE ( 'NONE', #9155, 22.50000000000000000 ) ;
#9475 = ADVANCED_FACE ( 'NONE', ( #4537 ), #7608, .F. ) ;
#9476 = FACE_OUTER_BOUND ( 'NONE', #5661, .T. ) ;
#9477 = DIRECTION ( 'NONE',  ( -0.000000000000000000, -0.000000000000000000, -1.000000000000000000 ) ) ;
#9478 = DIRECTION ( 'NONE',  ( 0.000000000000000000, 0.000000000000000000, -1.000000000000000000 ) ) ;
#9479 = CARTESIAN_POINT ( 'NONE',  ( -13.79427816727160305, 44.79007218675887003, -35.41294766163998275 ) ) ;
#9480 = ORIENTED_EDGE ( 'NONE', *, *, #4430, .F. ) ;
#9481 = ORIENTED_EDGE ( 'NONE', *, *, #6690, .T. ) ;
#9482 = DIRECTION ( 'NONE',  ( 0.000000000000000000, 1.000000000000000000, 0.000000000000000000 ) ) ;
#9483 = EDGE_CURVE ( 'NONE', #2407, #3010, #5230, .T. ) ;
#9484 = CARTESIAN_POINT ( 'NONE',  ( 0.000000000000000000, 44.00000000000000000, -68.50000000000000000 ) ) ;
#9485 = ORIENTED_EDGE ( 'NONE', *, *, #3809, .F. ) ;
#9486 = EDGE_CURVE ( 'NONE', #2904, #5807, #7452, .T. ) ;
#9487 = CARTESIAN_POINT ( 'NONE',  ( -34.51751045525497119, 98.22455240934164067, -220.4999999999996589 ) ) ;
#9488 = CARTESIAN_POINT ( 'NONE',  ( 0.000000000000000000, 88.00000000000065370, -238.4999999999997726 ) ) ;
#9489 = DIRECTION ( 'NONE',  ( -1.000000000000000000, -2.584927402981196428E-16, 1.826024711554533667E-16 ) ) ;
#9490 = CARTESIAN_POINT ( 'NONE',  ( 10.09323916897143825, 6.877576165612088843, -36.64117770904352511 ) ) ;
#9491 = CARTESIAN_POINT ( 'NONE',  ( -20.91567205257127071, 32.91708769908554899, -9.000000000000000000 ) ) ;
#9492 = VERTEX_POINT ( 'NONE', #6723 ) ;
#9493 = CARTESIAN_POINT ( 'NONE',  ( 11.28658076626484252, 14.95230936923721998, 40.97580542051247221 ) ) ;
#9494 = EDGE_CURVE ( 'NONE', #4853, #8437, #8639, .T. ) ;
#9495 = DIRECTION ( 'NONE',  ( 0.000000000000000000, -1.000000000000000000, 0.000000000000000000 ) ) ;
#9496 = CARTESIAN_POINT ( 'NONE',  ( 0.000000000000000000, 44.00000000000000000, 10.49999999999999467 ) ) ;
#9497 = ORIENTED_EDGE ( 'NONE', *, *, #3503, .T. ) ;
#9498 = DIRECTION ( 'NONE',  ( 0.000000000000000000, 0.000000000000000000, 1.000000000000000000 ) ) ;
#9499 = CARTESIAN_POINT ( 'NONE',  ( -1.935972616802505410E-12, 217.8800011913959054, 319.0000000000000000 ) ) ;
#9500 = LINE ( 'NONE', #9406, #8093 ) ;
#9501 = CARTESIAN_POINT ( 'NONE',  ( -47.00000000000000711, 38.55812545754030651, -1.178097239642025285 ) ) ;
#9502 = AXIS2_PLACEMENT_3D ( 'NONE', #4898, #5699, #3985 ) ;
#9503 = CARTESIAN_POINT ( 'NONE',  ( 0.000000000000000000, 90.00000000000000000, -42.49999999999999289 ) ) ;
#9504 = ORIENTED_EDGE ( 'NONE', *, *, #2636, .T. ) ;
#9505 = CARTESIAN_POINT ( 'NONE',  ( -38.89087296526011528, 10.10912703474051533, -463.5000000000005684 ) ) ;
#9506 = PRODUCT_DEFINITION_SHAPE ( 'NONE', 'NONE',  #9773 ) ;
#9507 = CARTESIAN_POINT ( 'NONE',  ( -34.51751045525497119, 98.22455240934084486, -106.4999999999996163 ) ) ;
#9508 = ADVANCED_FACE ( 'NONE', ( #1671 ), #5431, .F. ) ;
#9509 = DIRECTION ( 'NONE',  ( 0.000000000000000000, 1.000000000000000000, 1.480297366166875492E-14 ) ) ;
#9510 = ORIENTED_EDGE ( 'NONE', *, *, #6547, .F. ) ;
#9511 = VECTOR ( 'NONE', #109, 1000.000000000000000 ) ;
#9512 = PLANE ( 'NONE',  #7964 ) ;
#9513 = ORIENTED_EDGE ( 'NONE', *, *, #1259, .F. ) ;
#9514 = ORIENTED_EDGE ( 'NONE', *, *, #1320, .F. ) ;
#9515 = LINE ( 'NONE', #2745, #4562 ) ;
#9516 = CARTESIAN_POINT ( 'NONE',  ( 36.00000000000000000, 43.99999999999999289, -103.5000000000000142 ) ) ;
#9517 = VERTEX_POINT ( 'NONE', #1151 ) ;
#9518 = SURFACE_STYLE_USAGE ( .BOTH. , #4966 ) ;
#9519 = AXIS2_PLACEMENT_3D ( 'NONE', #9768, #6798, #4519 ) ;
#9520 = DIRECTION ( 'NONE',  ( 0.000000000000000000, -1.000000000000000000, -1.110223024625459147E-14 ) ) ;
#9521 = CIRCLE ( 'NONE', #6207, 26.99999999999999645 ) ;
#9522 = FACE_OUTER_BOUND ( 'NONE', #6181, .T. ) ;
#9523 = ADVANCED_FACE ( 'NONE', ( #8709 ), #5351, .F. ) ;
#9524 = CARTESIAN_POINT ( 'NONE',  ( 22.50000000000000355, 27.00000000000000355, 42.50099999999999767 ) ) ;
#9525 = FACE_OUTER_BOUND ( 'NONE', #2990, .T. ) ;
#9526 = ORIENTED_EDGE ( 'NONE', *, *, #1722, .T. ) ;
#9527 = ORIENTED_EDGE ( 'NONE', *, *, #5064, .F. ) ;
#9528 = AXIS2_PLACEMENT_3D ( 'NONE', #1010, #4040, #7045 ) ;
#9529 = DIRECTION ( 'NONE',  ( 0.000000000000000000, 1.000000000000000000, 0.000000000000000000 ) ) ;
#9530 = VECTOR ( 'NONE', #695, 1000.000000000000000 ) ;
#9531 = VECTOR ( 'NONE', #2929, 1000.000000000000000 ) ;
#9532 = FACE_OUTER_BOUND ( 'NONE', #3310, .T. ) ;
#9533 = EDGE_LOOP ( 'NONE', ( #915, #4432, #6745, #7837 ) ) ;
#9534 = CARTESIAN_POINT ( 'NONE',  ( -13.00000000000000178, 44.00000000000000000, 125.5000000000000000 ) ) ;
#9535 = CARTESIAN_POINT ( 'NONE',  ( 42.50000000000002132, -95.70788891204317395, -1.340988245066351766E-14 ) ) ;
#9536 = CIRCLE ( 'NONE', #213, 30.00000000000000000 ) ;
#9537 = DIRECTION ( 'NONE',  ( 0.000000000000000000, 1.000000000000000000, 1.110223024625174053E-14 ) ) ;
#9538 = AXIS2_PLACEMENT_3D ( 'NONE', #924, #275, #8580 ) ;
#9539 = EDGE_CURVE ( 'NONE', #464, #4951, #8670, .T. ) ;
#9540 = CARTESIAN_POINT ( 'NONE',  ( -38.00000000000001421, 56.99999999999999289, -5.999999999999999112 ) ) ;
#9541 = CARTESIAN_POINT ( 'NONE',  ( 12.30964810890835004, 8.162396434841715731, -35.95239731690632112 ) ) ;
#9542 = CIRCLE ( 'NONE', #1015, 39.00000000000000711 ) ;
#9543 = ITEM_DEFINED_TRANSFORMATION ( 'NONE', 'NONE', #2521,  #3150 ) ;
#9544 = AXIS2_PLACEMENT_3D ( 'NONE', #2396, #6845, #62 ) ;
#9545 = CARTESIAN_POINT ( 'NONE',  ( -22.20545528505506283, 30.46964945632733901, -9.285893317973695105 ) ) ;
#9546 = ORIENTED_EDGE ( 'NONE', *, *, #1020, .F. ) ;
#9547 = FACE_OUTER_BOUND ( 'NONE', #5350, .T. ) ;
#9548 = DIRECTION ( 'NONE',  ( 0.000000000000000000, 1.000000000000000000, 0.000000000000000000 ) ) ;
#9549 = CARTESIAN_POINT ( 'NONE',  ( -28.73430167230766230, 8.614342402022783673, 24.86864122103964903 ) ) ;
#9550 = ORIENTED_EDGE ( 'NONE', *, *, #471, .T. ) ;
#9551 = LINE ( 'NONE', #7269, #6608 ) ;
#9552 = DIRECTION ( 'NONE',  ( 8.978522295283524680E-17, -3.418602454292965789E-16, -1.000000000000000000 ) ) ;
#9553 = CARTESIAN_POINT ( 'NONE',  ( -55.00000000000000000, 39.00000000000481748, -448.5000000000001137 ) ) ;
#9554 = CIRCLE ( 'NONE', #552, 4.999999999999920952 ) ;
#9555 = CARTESIAN_POINT ( 'NONE',  ( -45.63820559004865629, 41.08943552795740572, -4.922906327652025738 ) ) ;
#9556 = FACE_OUTER_BOUND ( 'NONE', #1074, .T. ) ;
#9557 = VERTEX_POINT ( 'NONE', #9470 ) ;
#9558 = DIRECTION ( 'NONE',  ( -2.584927402981196428E-16, 1.000000000000000000, 0.000000000000000000 ) ) ;
#9559 = CARTESIAN_POINT ( 'NONE',  ( -39.87408514266326875, 45.70073188586938784, -5.999999999999998224 ) ) ;
#9560 = PRODUCT_DEFINITION_CONTEXT ( 'detailed design', #8049, 'design' ) ;
#9561 = CIRCLE ( 'NONE', #8445, 27.00000000000000000 ) ;
#9562 = LINE ( 'NONE', #3483, #536 ) ;
#9563 = ORIENTED_EDGE ( 'NONE', *, *, #2774, .T. ) ;
#9564 = DIRECTION ( 'NONE',  ( -0.000000000000000000, -0.000000000000000000, -1.000000000000000000 ) ) ;
#9565 = ORIENTED_EDGE ( 'NONE', *, *, #1099, .T. ) ;
#9566 = VERTEX_POINT ( 'NONE', #3860 ) ;
#9567 = CARTESIAN_POINT ( 'NONE',  ( -28.61817604250836666, 6.755772121541173014, -25.00000000000000000 ) ) ;
#9568 =( REPRESENTATION_RELATIONSHIP ('NONE','NONE', #7863, #3875 ) REPRESENTATION_RELATIONSHIP_WITH_TRANSFORMATION ( #1822 )SHAPE_REPRESENTATION_RELATIONSHIP( ) );
#9569 = EDGE_LOOP ( 'NONE', ( #9485, #4410, #1258, #9431, #2273 ) ) ;
#9570 = EDGE_CURVE ( 'NONE', #2254, #9179, #3394, .T. ) ;
#9571 = AXIS2_PLACEMENT_3D ( 'NONE', #3791, #7484, #8128 ) ;
#9572 = DIRECTION ( 'NONE',  ( -0.000000000000000000, 1.000000000000000000, 0.000000000000000000 ) ) ;
#9573 = EDGE_CURVE ( 'NONE', #7867, #2236, #9600, .T. ) ;
#9574 = CIRCLE ( 'NONE', #6576, 30.00000000000000000 ) ;
#9575 = CARTESIAN_POINT ( 'NONE',  ( 0.000000000000000000, 27.00000000000266809, -392.5000000000002842 ) ) ;
#9576 = CARTESIAN_POINT ( 'NONE',  ( 35.61613899620179069, 5.416339294269907789, -11.98693117703046163 ) ) ;
#9577 = FACE_OUTER_BOUND ( 'NONE', #8365, .T. ) ;
#9578 = CARTESIAN_POINT ( 'NONE',  ( -22.50000000000000355, 27.00000000000000355, -30.62270399556512146 ) ) ;
#9579 = ORIENTED_EDGE ( 'NONE', *, *, #5786, .F. ) ;
#9580 = ORIENTED_EDGE ( 'NONE', *, *, #9336, .T. ) ;
#9581 = DIRECTION ( 'NONE',  ( 0.000000000000000000, -0.000000000000000000, -1.000000000000000000 ) ) ;
#9582 = DIRECTION ( 'NONE',  ( -0.000000000000000000, 0.000000000000000000, 1.000000000000000000 ) ) ;
#9583 = ORIENTED_EDGE ( 'NONE', *, *, #6124, .T. ) ;
#9584 = DIRECTION ( 'NONE',  ( 0.000000000000000000, 1.000000000000000000, 1.110223024625174053E-14 ) ) ;
#9585 = EDGE_CURVE ( 'NONE', #6054, #879, #6909, .T. ) ;
#9586 = CARTESIAN_POINT ( 'NONE',  ( -35.38462345019671318, 6.767470074049342088, -12.00000000000000000 ) ) ;
#9587 = AXIS2_PLACEMENT_3D ( 'NONE', #76, #2308, #2216 ) ;
#9588 = CARTESIAN_POINT ( 'NONE',  ( 0.000000000000000000, 0.000000000000000000, 19.00000000000000000 ) ) ;
#9589 = CARTESIAN_POINT ( 'NONE',  ( 0.000000000000000000, 85.00000000000000000, -38.00000000000000000 ) ) ;
#9590 = CARTESIAN_POINT ( 'NONE',  ( -38.89087296526011528, 5.109127034743552898, -463.5000000000006253 ) ) ;
#9591 = DIRECTION ( 'NONE',  ( 0.000000000000000000, -1.396592535537253342E-14, 1.000000000000000000 ) ) ;
#9592 = AXIS2_PLACEMENT_3D ( 'NONE', #1321, #4339, #8143 ) ;
#9593 = CARTESIAN_POINT ( 'NONE',  ( -38.00000000000000000, 8.774964387392113707, 9.000000000000000000 ) ) ;
#9594 = ADVANCED_FACE ( 'NONE', ( #137 ), #5710, .F. ) ;
#9595 = PRODUCT_DEFINITION_SHAPE ( 'NONE', 'NONE',  #9780 ) ;
#9596 = EDGE_CURVE ( 'NONE', #39, #9064, #9146, .T. ) ;
#9597 = ORIENTED_EDGE ( 'NONE', *, *, #9721, .T. ) ;
#9598 = CIRCLE ( 'NONE', #4232, 9.000000000000001776 ) ;
#9599 = CARTESIAN_POINT ( 'NONE',  ( 0.000000000000000000, 44.00000000000025580, -182.5000000000000284 ) ) ;
#9600 = B_SPLINE_CURVE_WITH_KNOTS ( 'NONE', 3,
 ( #881, #933, #3910, #2471, #2700, #1943 ),
 .UNSPECIFIED., .F., .F.,
 ( 4, 2, 4 ),
 ( 0.000000000000000000, 0.001235105069189791930, 0.002470210138379583861 ),
 .UNSPECIFIED. ) ;
#9601 = CYLINDRICAL_SURFACE ( 'NONE', #8578, 16.50000000000000355 ) ;
#9602 = ORIENTED_EDGE ( 'NONE', *, *, #3657, .T. ) ;
#9603 = DIRECTION ( 'NONE',  ( 0.000000000000000000, -6.982962677686266711E-15, 1.000000000000000000 ) ) ;
#9604 = CARTESIAN_POINT ( 'NONE',  ( 3.003508865262381108E-14, 139.4800011913960702, 205.0000000000000568 ) ) ;
#9605 = CARTESIAN_POINT ( 'NONE',  ( 34.36931771216878673, 90.00000000000000000, 25.00000000000000000 ) ) ;
#9606 = ADVANCED_FACE ( 'NONE', ( #4132, #7935 ), #8439, .T. ) ;
#9607 = CIRCLE ( 'NONE', #6134, 26.99999999999999645 ) ;
#9608 = CARTESIAN_POINT ( 'NONE',  ( -39.87408514266328297, 45.70073188586939494, 9.000000000000000000 ) ) ;
#9609 = CARTESIAN_POINT ( 'NONE',  ( 0.000000000000000000, 56.13861379461851442, 4.699999999999999289 ) ) ;
#9610 = VERTEX_POINT ( 'NONE', #7139 ) ;
#9611 = CARTESIAN_POINT ( 'NONE',  ( -39.00000000000000000, 44.00000000000000000, -68.50000000000000000 ) ) ;
#9612 = CARTESIAN_POINT ( 'NONE',  ( 0.000000000000000000, 59.50000000000000000, 0.000000000000000000 ) ) ;
#9613 = CARTESIAN_POINT ( 'NONE',  ( 0.000000000000000000, 83.00000000000024158, -182.4999999999997442 ) ) ;
#9614 = DIRECTION ( 'NONE',  ( -2.584927402981196428E-16, 1.000000000000000000, 0.000000000000000000 ) ) ;
#9615 = VERTEX_POINT ( 'NONE', #3213 ) ;
#9616 = ORIENTED_EDGE ( 'NONE', *, *, #4701, .F. ) ;
#9617 = CARTESIAN_POINT ( 'NONE',  ( -35.92308074463203127, 2.716313340184230984, 11.96609650565749661 ) ) ;
#9618 = AXIS2_PLACEMENT_3D ( 'NONE', #9590, #2821, #6027 ) ;
#9619 = DIRECTION ( 'NONE',  ( -0.000000000000000000, -1.000000000000000000, -0.000000000000000000 ) ) ;
#9620 = ORIENTED_EDGE ( 'NONE', *, *, #442, .T. ) ;
#9621 = DIRECTION ( 'NONE',  ( -8.881784197001254296E-16, -1.000000000000000000, -7.195889974422311904E-15 ) ) ;
#9622 = AXIS2_PLACEMENT_3D ( 'NONE', #1239, #8694, #9498 ) ;
#9623 = DIRECTION ( 'NONE',  ( -0.2840153447039201473, 0.9588197348681938292, 6.695402423213638926E-15 ) ) ;
#9624 =( REPRESENTATION_RELATIONSHIP ('NONE','NONE', #7863, #6533 ) REPRESENTATION_RELATIONSHIP_WITH_TRANSFORMATION ( #1277 )SHAPE_REPRESENTATION_RELATIONSHIP( ) );
#9625 = DIRECTION ( 'NONE',  ( 0.000000000000000000, 1.000000000000000000, 0.000000000000000000 ) ) ;
#9626 = CARTESIAN_POINT ( 'NONE',  ( 0.000000000000000000, 59.50000000000000000, 0.000000000000000000 ) ) ;
#9627 = ORIENTED_EDGE ( 'NONE', *, *, #3112, .T. ) ;
#9628 = EDGE_CURVE ( 'NONE', #8693, #2176, #2983, .T. ) ;
#9629 = CARTESIAN_POINT ( 'NONE',  ( -22.19592460261789313, 30.76148518857185366, -30.84435875309386432 ) ) ;
#9630 = ORIENTED_EDGE ( 'NONE', *, *, #9454, .F. ) ;
#9631 = ADVANCED_FACE ( 'NONE', ( #6228 ), #7190, .T. ) ;
#9632 = ADVANCED_FACE ( 'NONE', ( #6863 ), #7084, .F. ) ;
#9633 = EDGE_LOOP ( 'NONE', ( #7438, #5551 ) ) ;
#9634 = CIRCLE ( 'NONE', #303, 39.00000000000000711 ) ;
#9635 = CARTESIAN_POINT ( 'NONE',  ( -33.07375552197755297, 170.6856313243669092, 9.000000000000000000 ) ) ;
#9636 = CARTESIAN_POINT ( 'NONE',  ( 0.000000000000000000, 44.00000000000270717, -395.5000000000000568 ) ) ;
#9637 = ORIENTED_EDGE ( 'NONE', *, *, #8289, .T. ) ;
#9638 = CARTESIAN_POINT ( 'NONE',  ( -38.00000000000000000, 0.000000000000000000, 0.000000000000000000 ) ) ;
#9639 = CARTESIAN_POINT ( 'NONE',  ( -38.74999999999986500, 1.473196481563944893, -8.968695557326933354 ) ) ;
#9640 = PLANE ( 'NONE',  #4653 ) ;
#9641 = EDGE_CURVE ( 'NONE', #6293, #4368, #420, .T. ) ;
#9642 = CARTESIAN_POINT ( 'NONE',  ( -16.00000000000000000, 44.00000000000000000, 125.5000000000000000 ) ) ;
#9643 = CARTESIAN_POINT ( 'NONE',  ( 34.31168965457368358, 17.28908721122578740, 16.35373354657012968 ) ) ;
#9644 = DIRECTION ( 'NONE',  ( 1.000000000000000000, 0.000000000000000000, -1.779203565104417621E-16 ) ) ;
#9645 = CONTEXT_DEPENDENT_SHAPE_REPRESENTATION ( #331, #1919 ) ;
#9646 = CARTESIAN_POINT ( 'NONE',  ( -8.000000000000000000, 0.000000000000000000, -9.000000000000000000 ) ) ;
#9647 = EDGE_LOOP ( 'NONE', ( #7605, #5444 ) ) ;
#9648 = CARTESIAN_POINT ( 'NONE',  ( -42.49999999999999289, 12.00000000000000000, 25.00000000000000000 ) ) ;
#9649 = EDGE_CURVE ( 'NONE', #3113, #8763, #2351, .T. ) ;
#9650 = DIRECTION ( 'NONE',  ( 0.000000000000000000, 1.000000000000000000, 7.709882115452475800E-15 ) ) ;
#9651 = ORIENTED_EDGE ( 'NONE', *, *, #2042, .F. ) ;
#9652 = DIRECTION ( 'NONE',  ( -1.000000000000000000, 0.000000000000000000, 0.000000000000000000 ) ) ;
#9653 = DIRECTION ( 'NONE',  ( 6.317307794825007082E-16, -1.368990673903206611E-16, -1.000000000000000000 ) ) ;
#9654 = CARTESIAN_POINT ( 'NONE',  ( 0.000000000000000000, 82.69999999999998863, 0.000000000000000000 ) ) ;
#9655 = CARTESIAN_POINT ( 'NONE',  ( -39.17830965037627067, 42.72969364401188130, -9.000000000000001776 ) ) ;
#9656 = LINE ( 'NONE', #5201, #5126 ) ;
#9657 = ORIENTED_EDGE ( 'NONE', *, *, #5876, .F. ) ;
#9658 = DIRECTION ( 'NONE',  ( -0.000000000000000000, -0.000000000000000000, 1.000000000000000000 ) ) ;
#9659 = CARTESIAN_POINT ( 'NONE',  ( 5.204748896376249319E-15, 90.00000000000000000, 42.49999999999999289 ) ) ;
#9660 = ADVANCED_FACE ( 'NONE', ( #5104 ), #3178, .F. ) ;
#9661 = CARTESIAN_POINT ( 'NONE',  ( -38.43829896936482271, 5.866068028336085760, 8.990188665593596085 ) ) ;
#9662 = ADVANCED_FACE ( 'NONE', ( #5209 ), #778, .F. ) ;
#9663 = CARTESIAN_POINT ( 'NONE',  ( 38.89087296526010817, 0.1091270347473739105, -463.5000000000006821 ) ) ;
#9664 = VERTEX_POINT ( 'NONE', #5758 ) ;
#9665 = EDGE_LOOP ( 'NONE', ( #4167, #4424, #8228, #992, #4334 ) ) ;
#9666 = CARTESIAN_POINT ( 'NONE',  ( -35.38612840771834556, 6.760952852634279253, 11.99999999927687000 ) ) ;
#9667 = CARTESIAN_POINT ( 'NONE',  ( 7.024303749270490727, 48.37870491212961355, 37.34689806603775253 ) ) ;
#9668 = ORIENTED_EDGE ( 'NONE', *, *, #1824, .F. ) ;
#9669 = CARTESIAN_POINT ( 'NONE',  ( 0.000000000000000000, 2.108854728661257444E-12, -352.5000000000006821 ) ) ;
#9670 = DIRECTION ( 'NONE',  ( 0.000000000000000000, 6.982962677686266711E-15, -1.000000000000000000 ) ) ;
#9671 =( BOUNDED_CURVE ( )  B_SPLINE_CURVE ( 3, ( #3789, #6050, #1501, #5360 ),
 .UNSPECIFIED., .F., .T. ) 
 B_SPLINE_CURVE_WITH_KNOTS ( ( 4, 4 ),
 ( 1.570796326794896558, 4.712388980384689674 ),
 .UNSPECIFIED. ) 
 CURVE ( )  GEOMETRIC_REPRESENTATION_ITEM ( )  RATIONAL_B_SPLINE_CURVE ( ( 1.000000000000000000, 0.3333333333333333703, 0.3333333333333333703, 1.000000000000000000 ) ) 
 REPRESENTATION_ITEM ( '' )  );
#9672 = CARTESIAN_POINT ( 'NONE',  ( -38.00000000000000000, 8.774964387392110154, -9.000000000000001776 ) ) ;
#9673 = CIRCLE ( 'NONE', #7931, 39.00000000000000711 ) ;
#9674 = CARTESIAN_POINT ( 'NONE',  ( 5.211978077977351909, 5.099305607717917077, 37.64805318902413944 ) ) ;
#9675 = VERTEX_POINT ( 'NONE', #8173 ) ;
#9676 = CARTESIAN_POINT ( 'NONE',  ( -15.41719274525908112, 10.59641312924635059, -34.73648560146484243 ) ) ;
#9677 = VERTEX_POINT ( 'NONE', #513 ) ;
#9678 = VERTEX_POINT ( 'NONE', #662 ) ;
#9679 = FACE_BOUND ( 'NONE', #710, .T. ) ;
#9680 = DIRECTION ( 'NONE',  ( -0.000000000000000000, -0.000000000000000000, -1.000000000000000000 ) ) ;
#9681 = ORIENTED_EDGE ( 'NONE', *, *, #7328, .T. ) ;
#9682 = CYLINDRICAL_SURFACE ( 'NONE', #9754, 4.499999999999998224 ) ;
#9683 = TOROIDAL_SURFACE ( 'NONE', #3043, 30.00000000000000000, 3.000000000000000000 ) ;
#9684 = DIRECTION ( 'NONE',  ( 1.000000000000000000, 0.000000000000000000, 0.000000000000000000 ) ) ;
#9685 = CARTESIAN_POINT ( 'NONE',  ( 0.000000000000000000, 90.00000000000000000, 0.000000000000000000 ) ) ;
#9686 = VECTOR ( 'NONE', #8215, 1000.000000000000000 ) ;
#9687 = AXIS2_PLACEMENT_3D ( 'NONE', #699, #2079, #4499 ) ;
#9688 = CARTESIAN_POINT ( 'NONE',  ( 0.000000000000000000, 0.000000000000000000, -7.500000000000000000 ) ) ;
#9689 = DIRECTION ( 'NONE',  ( 0.7808688094430301652, 0.6246950475544243986, 0.000000000000000000 ) ) ;
#9690 = FACE_OUTER_BOUND ( 'NONE', #1332, .T. ) ;
#9691 = DIRECTION ( 'NONE',  ( -0.000000000000000000, -0.000000000000000000, -1.000000000000000000 ) ) ;
#9692 = CIRCLE ( 'NONE', #5919, 27.00000000000000000 ) ;
#9693 =( GEOMETRIC_REPRESENTATION_CONTEXT ( 3 ) GLOBAL_UNCERTAINTY_ASSIGNED_CONTEXT ( ( #9367 ) ) GLOBAL_UNIT_ASSIGNED_CONTEXT ( ( #5340, #9700, #5992 ) ) REPRESENTATION_CONTEXT ( 'NONE', 'WORKASPACE' ) );
#9694 = EDGE_CURVE ( 'NONE', #8841, #6404, #936, .T. ) ;
#9695 = ADVANCED_FACE ( 'NONE', ( #7333, #8125 ), #5860, .F. ) ;
#9696 = ORIENTED_EDGE ( 'NONE', *, *, #3361, .T. ) ;
#9697 = DIRECTION ( 'NONE',  ( -0.000000000000000000, 1.000000000000000000, 0.000000000000000000 ) ) ;
#9698 = AXIS2_PLACEMENT_3D ( 'NONE', #6016, #7592, #6061 ) ;
#9699 = CIRCLE ( 'NONE', #2914, 14.89999999999999680 ) ;
#9700 =( NAMED_UNIT ( * ) PLANE_ANGLE_UNIT ( ) SI_UNIT ( $, .RADIAN. ) );
#9701 = ORIENTED_EDGE ( 'NONE', *, *, #8081, .T. ) ;
#9702 = DIRECTION ( 'NONE',  ( -0.000000000000000000, -0.000000000000000000, -1.000000000000000000 ) ) ;
#9703 = APPLICATION_PROTOCOL_DEFINITION ( 'draft international standard', 'automotive_design', 1998, #2817 ) ;
#9704 = DIRECTION ( 'NONE',  ( -0.000000000000000000, 1.000000000000000000, 0.000000000000000000 ) ) ;
#9705 = DIRECTION ( 'NONE',  ( -0.000000000000000000, 1.000000000000000000, -0.000000000000000000 ) ) ;
#9706 = EDGE_CURVE ( 'NONE', #2095, #2788, #9515, .T. ) ;
#9707 = CIRCLE ( 'NONE', #4490, 39.50000000000000000 ) ;
#9708 = ADVANCED_FACE ( 'NONE', ( #2943 ), #6925, .F. ) ;
#9709 = ORIENTED_EDGE ( 'NONE', *, *, #8668, .T. ) ;
#9710 = CARTESIAN_POINT ( 'NONE',  ( 0.000000000000000000, 44.00000000000000000, -68.50000000000000000 ) ) ;
#9711 = FACE_OUTER_BOUND ( 'NONE', #1085, .T. ) ;
#9712 = DIRECTION ( 'NONE',  ( -0.000000000000000000, -1.396592535537253342E-14, 1.000000000000000000 ) ) ;
#9713 = ORIENTED_EDGE ( 'NONE', *, *, #8977, .F. ) ;
#9714 = AXIS2_PLACEMENT_3D ( 'NONE', #4949, #408, #6444 ) ;
#9715 = ORIENTED_EDGE ( 'NONE', *, *, #1850, .F. ) ;
#9716 = DIRECTION ( 'NONE',  ( 0.000000000000000000, -1.396592535537253342E-14, 1.000000000000000000 ) ) ;
#9717 = FACE_BOUND ( 'NONE', #6952, .T. ) ;
#9718 = ORIENTED_EDGE ( 'NONE', *, *, #4520, .T. ) ;
#9719 = LINE ( 'NONE', #5060, #1818 ) ;
#9720 = ADVANCED_FACE ( 'NONE', ( #8810 ), #6153, .F. ) ;
#9721 = EDGE_CURVE ( 'NONE', #9011, #7705, #3578, .T. ) ;
#9722 = PLANE ( 'NONE',  #5749 ) ;
#9723 = VECTOR ( 'NONE', #2803, 1000.000000000000000 ) ;
#9724 = VECTOR ( 'NONE', #8567, 1000.000000000000000 ) ;
#9725 = CARTESIAN_POINT ( 'NONE',  ( -35.99999999993861621, 1.369582187388488581, -9.198662110057540531 ) ) ;
#9726 = CARTESIAN_POINT ( 'NONE',  ( 0.000000000000000000, 78.50000000000000000, 0.000000000000000000 ) ) ;
#9727 = EDGE_LOOP ( 'NONE', ( #6554, #3586, #6415, #3384, #9718, #4842, #2696, #9219 ) ) ;
#9728 = CARTESIAN_POINT ( 'NONE',  ( 64.56989347527186851, -3.230592380277778730, -281.5000000000003411 ) ) ;
#9729 = ORIENTED_EDGE ( 'NONE', *, *, #3492, .F. ) ;
#9730 = ORIENTED_EDGE ( 'NONE', *, *, #7160, .F. ) ;
#9731 = CARTESIAN_POINT ( 'NONE',  ( -2.967619499665524536E-19, 10.49999999999999645, -42.49999999999999289 ) ) ;
#9732 = AXIS2_PLACEMENT_3D ( 'NONE', #1357, #5914, #4374 ) ;
#9733 = TOROIDAL_SURFACE ( 'NONE', #1515, 30.00000000000000000, 3.000000000000000000 ) ;
#9734 = CARTESIAN_POINT ( 'NONE',  ( 0.000000000000000000, 0.000000000000000000, -19.00000000000000000 ) ) ;
#9735 = ORIENTED_EDGE ( 'NONE', *, *, #573, .F. ) ;
#9736 = CARTESIAN_POINT ( 'NONE',  ( 32.31098884280702066, 15.41602615938555587, -20.00000000000001066 ) ) ;
#9737 = FACE_BOUND ( 'NONE', #903, .T. ) ;
#9738 = CARTESIAN_POINT ( 'NONE',  ( -14.80656710721573788, 19.63781447629523669, -39.83989936113225383 ) ) ;
#9739 = CARTESIAN_POINT ( 'NONE',  ( -38.94869322905374531, 16.98010561487541636, -17.09184633292327149 ) ) ;
#9740 = CARTESIAN_POINT ( 'NONE',  ( -38.00000000000001421, 56.99999999999999289, 5.999999999999999112 ) ) ;
#9741 = CARTESIAN_POINT ( 'NONE',  ( -38.00000000000000000, 8.774964387392113707, -9.000000000000000000 ) ) ;
#9742 = DIRECTION ( 'NONE',  ( 0.000000000000000000, 1.396592535537253342E-14, -1.000000000000000000 ) ) ;
#9743 = DIRECTION ( 'NONE',  ( 0.000000000000000000, 1.396592535537253342E-14, -1.000000000000000000 ) ) ;
#9744 = AXIS2_PLACEMENT_3D ( 'NONE', #4246, #8730, #9537 ) ;
#9745 = VERTEX_POINT ( 'NONE', #3738 ) ;
#9746 = DIRECTION ( 'NONE',  ( -0.000000000000000000, -1.396592535537253342E-14, 1.000000000000000000 ) ) ;
#9747 = CIRCLE ( 'NONE', #3278, 4.999999999996961542 ) ;
#9748 = SURFACE_STYLE_FILL_AREA ( #7415 ) ;
#9749 = ORIENTED_EDGE ( 'NONE', *, *, #8593, .T. ) ;
#9750 = ADVANCED_FACE ( 'NONE', ( #1595, #7681 ), #905, .T. ) ;
#9751 = DIRECTION ( 'NONE',  ( 0.000000000000000000, 1.000000000000000000, 1.396592535537253184E-14 ) ) ;
#9752 = CARTESIAN_POINT ( 'NONE',  ( -32.31098884280702066, 15.41602615938556475, -20.00000000000000711 ) ) ;
#9753 = DIRECTION ( 'NONE',  ( -0.000000000000000000, 1.000000000000000000, -0.000000000000000000 ) ) ;
#9754 = AXIS2_PLACEMENT_3D ( 'NONE', #9638, #728, #4288 ) ;
#9755 = ORIENTED_EDGE ( 'NONE', *, *, #4085, .F. ) ;
#9756 = CARTESIAN_POINT ( 'NONE',  ( 4.592425496802574367E-15, 8.000000000001076472, -299.5000000000003979 ) ) ;
#9757 = FACE_OUTER_BOUND ( 'NONE', #3647, .T. ) ;
#9758 = DIRECTION ( 'NONE',  ( 1.000000000000000000, 0.000000000000000000, 0.000000000000000000 ) ) ;
#9759 = CARTESIAN_POINT ( 'NONE',  ( 0.000000000000000000, 56.13861379461851442, -4.699999999999999289 ) ) ;
#9760 = EDGE_LOOP ( 'NONE', ( #1914, #4524 ) ) ;
#9761 = EDGE_CURVE ( 'NONE', #431, #3174, #8221, .T. ) ;
#9762 = ORIENTED_EDGE ( 'NONE', *, *, #5532, .F. ) ;
#9763 = CIRCLE ( 'NONE', #6765, 4.999999999999532818 ) ;
#9764 = CARTESIAN_POINT ( 'NONE',  ( -26.99999999999999645, 0.000000000000000000, 19.00000000000000000 ) ) ;
#9765 = CARTESIAN_POINT ( 'NONE',  ( 13.79531817750678080, 44.77839069921255799, 35.40883837995163219 ) ) ;
#9766 = ORIENTED_EDGE ( 'NONE', *, *, #737, .T. ) ;
#9767 = FACE_OUTER_BOUND ( 'NONE', #8667, .T. ) ;
#9768 = CARTESIAN_POINT ( 'NONE',  ( 0.000000000000000000, 27.00000000000000000, -19.00000000000000000 ) ) ;
#9769 = AXIS2_PLACEMENT_3D ( 'NONE', #8721, #4057, #330 ) ;
#9770 = CARTESIAN_POINT ( 'NONE',  ( -9.643315874213810091, 13.60064817461857167, 41.39400162804163585 ) ) ;
#9771 = DIRECTION ( 'NONE',  ( 0.000000000000000000, 1.000000000000000000, 1.110223024626007879E-14 ) ) ;
#9772 = CARTESIAN_POINT ( 'NONE',  ( 24.91987158875423347, 30.00000000000000000, 8.999999999999994671 ) ) ;
#9773 = NEXT_ASSEMBLY_USAGE_OCCURRENCE ( 'NAUO1', ' ', ' ', #9250, #3448, $ ) ;
#9774 = NEXT_ASSEMBLY_USAGE_OCCURRENCE ( 'NAUO2', ' ', ' ', #9250, #7487, $ ) ;
#9775 = NEXT_ASSEMBLY_USAGE_OCCURRENCE ( 'NAUO3', ' ', ' ', #9250, #2230, $ ) ;
#9776 = NEXT_ASSEMBLY_USAGE_OCCURRENCE ( 'NAUO4', ' ', ' ', #9250, #2417, $ ) ;
#9777 = NEXT_ASSEMBLY_USAGE_OCCURRENCE ( 'NAUO5', ' ', ' ', #9250, #4888, $ ) ;
#9778 = NEXT_ASSEMBLY_USAGE_OCCURRENCE ( 'NAUO6', ' ', ' ', #9250, #6651, $ ) ;
#9779 = NEXT_ASSEMBLY_USAGE_OCCURRENCE ( 'NAUO7', ' ', ' ', #9250, #6651, $ ) ;
#9780 = NEXT_ASSEMBLY_USAGE_OCCURRENCE ( 'NAUO8', ' ', ' ', #9250, #6651, $ ) ;
#9781 = NEXT_ASSEMBLY_USAGE_OCCURRENCE ( 'NAUO9', ' ', ' ', #9250, #7487, $ ) ;
#9782 = NEXT_ASSEMBLY_USAGE_OCCURRENCE ( 'NAUO10', ' ', ' ', #9250, #2230, $ ) ;
#9783 = NEXT_ASSEMBLY_USAGE_OCCURRENCE ( 'NAUO11', ' ', ' ', #9250, #4888, $ ) ;
#9784 = NEXT_ASSEMBLY_USAGE_OCCURRENCE ( 'NAUO12', ' ', ' ', #9250, #6651, $ ) ;
#9785 = NEXT_ASSEMBLY_USAGE_OCCURRENCE ( 'NAUO13', ' ', ' ', #9250, #6651, $ ) ;
#9786 = NEXT_ASSEMBLY_USAGE_OCCURRENCE ( 'NAUO14', ' ', ' ', #9250, #2417, $ ) ;
#9787 = NEXT_ASSEMBLY_USAGE_OCCURRENCE ( 'NAUO15', ' ', ' ', #9250, #6651, $ ) ;
#9788 = NEXT_ASSEMBLY_USAGE_OCCURRENCE ( 'NAUO16', ' ', ' ', #9250, #7487, $ ) ;
#9789 = NEXT_ASSEMBLY_USAGE_OCCURRENCE ( 'NAUO17', ' ', ' ', #9250, #2230, $ ) ;
#9790 = NEXT_ASSEMBLY_USAGE_OCCURRENCE ( 'NAUO18', ' ', ' ', #9250, #4888, $ ) ;
#9791 = NEXT_ASSEMBLY_USAGE_OCCURRENCE ( 'NAUO19', ' ', ' ', #9250, #6651, $ ) ;
#9792 = NEXT_ASSEMBLY_USAGE_OCCURRENCE ( 'NAUO20', ' ', ' ', #9250, #6651, $ ) ;
#9793 = NEXT_ASSEMBLY_USAGE_OCCURRENCE ( 'NAUO21', ' ', ' ', #9250, #2417, $ ) ;
#9794 = NEXT_ASSEMBLY_USAGE_OCCURRENCE ( 'NAUO22', ' ', ' ', #9250, #6651, $ ) ;
#9795 = NEXT_ASSEMBLY_USAGE_OCCURRENCE ( 'NAUO23', ' ', ' ', #9250, #7487, $ ) ;
#9796 = NEXT_ASSEMBLY_USAGE_OCCURRENCE ( 'NAUO24', ' ', ' ', #9250, #2230, $ ) ;
#9797 = NEXT_ASSEMBLY_USAGE_OCCURRENCE ( 'NAUO25', ' ', ' ', #9250, #4888, $ ) ;
#9798 = NEXT_ASSEMBLY_USAGE_OCCURRENCE ( 'NAUO26', ' ', ' ', #9250, #6651, $ ) ;
#9799 = NEXT_ASSEMBLY_USAGE_OCCURRENCE ( 'NAUO27', ' ', ' ', #9250, #6651, $ ) ;
#9800 = NEXT_ASSEMBLY_USAGE_OCCURRENCE ( 'NAUO28', ' ', ' ', #9250, #2417, $ ) ;
#9801 = NEXT_ASSEMBLY_USAGE_OCCURRENCE ( 'NAUO29', ' ', ' ', #9250, #6651, $ ) ;
ENDSEC;
END-ISO-10303-21;
